id,university,method,pages,evidence,source
1,가천대,등급 환산,"19,20,21,28,30,33,34","45 2027학년도 정시모집요강 제출서류 [온라인 제출] 반영방법 대학수학능력시험 계열 모집단위 수능영역별 반영비율(%) 한국사국어 수학 영어 탐구 기하, 미적분 확률과 통계 사회 과학 인문 전체 모집단위 우수한 영역 순 40, 30 우수한 영역 순 20, 10 [탐구영역 1과목] 필수 자연 전체 모집단위 우수한 영역 순 40, 30 우수한 영역 순 20, 10 [탐구영역 1과목] 의예과 약학과 25 30 - 20 - 25 (2과목) 한의예과 25 30 20 25 (2과목) ※ 대학수학능력시험 성적 활용지표는 백분위(영어는 등급)를 활용합니다. 영어영역 수능성적(등급) 반영방법 등 ||  제외 ※ 일반고등학교 내 특성화고등학교와 같은 교육과 정을 운영하 는 학과 는 해당(일반 교육과 정은 제외) 선발원칙 수능성적의 반영영역별 점수 를 반영비율로 적용하여 합산한 총점 순으 로 선발합니다. 대학수학능력시험 반영방법 계열 모집단위 수능영역별 반영비율(%) 한국사국어 수학 영어 탐구(1과목) 기하, 미적분 확률과 통계 사회 과학 직업 인문 전체 모집단위 우수한 영역 순 40, 30 우수한 영역 순 20, 10 필수 자연 전체 모집단위 우수한 영역 순 40, 30 우수한 영역 순 20, 10 ※ 대학수학능력시험 성적 활용지표는 백분위(영어는 등급)를 활용합니다. 영어영역 수능성적(등급) 반영방법 등급 1등급 2등급 3등급 4등급 5등급 6등급 7등급 8등급 9등급 배점 98 95 92 86 80 60 50 40 30 || 활 보장법」 제2조제10호에 따른 차 상위계층 3. 「한부모가족지원법」 제5조 및 제5조의2에 따른 지원대상자 선발원칙 수능성적의 반영영역별 점수 를 반영비율로 적용하여 합산한 총점 순으 로 선발합니다. 대학수학능력시험 반영방법 계열 모집단위 수능영역별 반영비율(%) 한국사국어 수학 영어 탐구 기하, 미적분 확률과 통계 사회 과학 자연 약학과 25 30 - 20 - 25 (2과목) 필수 ※ 대학수학능력시험 성적 활용지표는 백분위(영어는 등급)를 활용합니다. 영어영역 수능성적(등급) 반영방법 등급 1등급 2등급 3등급 4등급 5등급 6등급 7등급 8등급 9등급 배점 98 95 92 86 80 60 50 40 30 제출서류 [온라인 제출] 구분 제출 서류 공통서류 • 학교생활기록부 : 온라인 제공 비동의자 및 검정고시 합격자 중 || 27학년도 대학수학능력시험 응시자로서 고교졸업(예정)자 또는 법령에 따라 이와 같은 수준 이상의 학력이 있다고 인정되는 사람 선발원칙 실기성적(70%)과 수능성적(30%)을 합산하여 총점 순으 로 선발합니다. 대학수학능력시험 반영방법 모집단위 수능영역별 반영비율(%) 한국사 국어 수학 영어 탐구 미술·디자인학부, 음악학부, 체육학부 50 - 50 - 필수 ※ 대학수학능력시험 성적 활용지표는 백분위(영어는 등급)를 활용합니다. 영어영역 수능성적(등급) 반영방법 등급 1등급 2등급 3등급 4등급 5등급 6등급 7등급 8등급 9등급 배점 98 95 92 86 80 60 50 40 30 제출서류 [온라인 제출] 제출 서류 없음 (단, 학생부 온라인 제공 비동의자 및 검정고시 합격자 중 국내고 교 재학 이력이 있는 경우 학교생활기록  || 27학년도 대학수학능력시험 응시자로서 고교졸업(예정)자 또는 법령에 따라 이와 같은 수준 이상의 학력이 있다고 인정되는 사람 선발원칙 실기성적(70%)과 수능성적(30%)을 합산하여 총점 순으 로 선발합니다. 대학수학능력시험 반영방법 모집단위 수능영역별 반영비율(%) 한국사 국어 수학 영어 탐구 연기예술학과 50 - 50 - 필수 ※ 대학수학능력시험 성적 활용지표는 백분위(영어는 등급)를 활용합니다. 영어영역 수능성적(등급) 반영방법 등급 1등급 2등급 3등급 4등급 5등급 6등급 7등급 8등급 9등급 배점 98 95 92 86 80 60 50 40 30 제출서류 [온라인 제출] 제출 서류 없음 (단, 학생부 온라인 제공 비동의자 및 검정고시 합격자 중 국내고 교 재학 이력이 있는 경우 학교생활기록 부 제출) 실기고사 모집단 || 체능계열(체육전공 제외) ① 실기 성적우수자 ② 실기 평가위원 전원의 점수 합이 높은 자 ③ 실기 평가위원 4인 점수 합이 높은 자 ④ 실기 평가위원 3인 점수 합이 높은 자 ⑤ 실기 평가위원 2인 점수 합이 높은 자 ⑥ 수능 국어영역 백분위 점수가 높은 자 ⑦ 수능 한국사 등급이 높은 자 체육전공 ① 실기 성적우수자 ② 실기 종목 중 배근력의 성적이 높은 자 ③ 실기 종목 중 메디신볼던지기의 성적이 높은 자 ④ 실기 종목 중 제자리멀리뛰기의 성적이 높은 자 ⑤ 수능 국어영역 백분위 점수가 높은 자 ⑥ 수능 한국사 등급이 높은 자 || 수가 높은 자 ⑦ 수능 한국사 등급이 높은 자 체육전공 ① 실기 성적우수자 ② 실기 종목 중 배근력의 성적이 높은 자 ③ 실기 종목 중 메디신볼던지기의 성적이 높은 자 ④ 실기 종목 중 제자리멀리뛰기의 성적이 높은 자 ⑤ 수능 국어영역 백분위 점수가 높은 자 ⑥ 수능 한국사 등급이 높은 자 || 60 대학수학능력시험 반영방법 2027학년도 정시모집요강 반영방법 일반전형 1 계열 모집단위 수능영역별 반영비율(%) 한국사국어 수학 영어 탐구 기하, 미적분 확률과 통계 사회 과학 인문 전체 모집단위 우수한 영역 순 40, 30 우수한 영역 순 20, 10 [탐구영역 1과목] 필수 자연 전체 모집단위 우수한 영역 순 40, 30 우수한 영역 순 20, 10 [탐구영역 1과목] 의예과 약학과 25 30 - 20 - 25 (2과목) 한의예과 25 30 20 25 (2과목) ※ 대학수학능력시험 성적 활용지표는 백분위(영어는 등급)를 활용합니다. ※ 특성화고 교 전형 지원자 는 [사",C:\Users\User\Desktop\업무\작업\21. 정시모집 관련\00. 소스(모집요강)\경기인천강원\2. 경기인천\2027_가천대_정시요강.pdf
2,가톨릭대,감점,"3,4,27,28,29,30",". 대학수학능력시험 성적 반영방법 : 자세한 사항은 25쪽 참조 가. 수능성적 활용지표 영역전 모집단위(약학과, 의예과, 간호학과 제외) 약학과, 의예과, 간호학과국어백분위표준점수수학백분위표준점수영어본교 기준 등급별 환산점수 (또는 감점)탐구백분위본교 자체 변환표준점수한국사본교 기준 등급별 감점 || 2027학년도 가톨릭대학교 정시모집요강-2- 나. 수능 반영영역 및 반영비율전형모집단위활용지표수능영역별 반영비율(%) 가산점국어수학영어탐구한국사수능(일반전형Ⅰ)수능(성신특별전형)수능(기회균형Ⅱ전형)수능(농어촌학생전형)수능(특성화고교졸업자전형) 전 모집단위(약학과, 간호학과 제외)백분위국어, 수학 영역 중우수한 영역 순각 35, 25 반영2020 감점 -간호학과표준점수3040감점30-약학과표준점수304030과탐 과목당 3%수능(일반전형Ⅱ) 자유전공학부인문사회계열 자연공학계열백분위(40)(40)3030-수능(일반전형Ⅲ) 의예과표준점수3040감점30과탐 과목당 3%실기(일반전형) 음악과백분위50-50- || 학과는 탐구 2과목을 반영하며, 수능 성적표 상의 백분위를 활용한 본교 자체 산출 변환표준점수 적용함(변환표준점수는 수능 성적 발표 이후 본교 입학 홈페이지에 공지). 약학과, 의예과 지원자는 과학탐구 과목 응시 시 해당 과목의 탐구변환점수에 3%씩 가산점 추가 7) 한국사 영역 본교 산출 등급별 감점 적용 8) 수능(특성화고교졸업자전형)에서는 사회/과학탐구 대신 직업탐구영역을 반영할 수 있음 2. 모집단위별 반영비율 및 가산점 부여 가. 수능성적 활용지표영역전 모집단위(약학과, 의예과, 간호학과 제외) 약학과, 의예과, 간호학과국어백분위표준점수수학백분위표준점수영어본교 기준 등급별 환산점수 (또는 감점)탐구백분위본교 자체 변환표준점수한국사본교 기준 등급별 감점 ※ 약학과, 의예과, 간호학과 탐구영역은 백분위를 활용하여 본교  || 구영역을 반영할 수 있음 2. 모집단위별 반영비율 및 가산점 부여 가. 수능성적 활용지표영역전 모집단위(약학과, 의예과, 간호학과 제외) 약학과, 의예과, 간호학과국어백분위표준점수수학백분위표준점수영어본교 기준 등급별 환산점수 (또는 감점)탐구백분위본교 자체 변환표준점수한국사본교 기준 등급별 감점 ※ 약학과, 의예과, 간호학과 탐구영역은 백분위를 활용하여 본교 자체 산출 “변환표준점수”를 적용함 “변환표준점수 산출표”는 수능성적 개별 통지 이후, 본교 입학 홈페이지에 공지함 || 2027학년도 가톨릭대학교 정시모집요강-26- 나. 수능 반영영역 및 반영비율 전형모집단위활용지표수능영역별 반영비율(%) 가산점국어수학영어탐구한국사수능(일반전형Ⅰ)수능(성신특별전형)수능(기회균형Ⅱ전형)수능(농어촌학생전형)수능(특성화고교졸업자전형) 전 모집단위(약학과, 간호학과 제외)백분위국어, 수학 영역 중우수한 영역 순각 35, 25 반영2020 감점 -간호학과표준점수3040감점30-약학과표준점수304030과탐 과목당 3%수능(일반전형Ⅱ) 자유전공학부인문사회계열 자연공학계열백분위(40)(40)3030-수능(일반전형Ⅲ) 의예과표준점수3040감점30과탐 과목당 3%실기(일반전형) 음악과백분위50-50- || 100989585705030100 2) 영어 등급별 감점 구분1등급2등급3등급4등급5등급6등급7등급8등급9등급수능(일반전형Ⅰ)<약학과, 간호학과>,수능(일반전형Ⅲ),수능(기회균형Ⅱ전형)<약학과>, 수능(농어촌학생전형)<약학과>0-1-3-5-7-9-12-15-20 라. 한국사 등급별 감점구분1~4등급5~6등급7~9등급모든 전형0 -1 -2 || 준전 모집단위[아래 모집단위 제외]① 대학수학능력시험의 국어, 수학, 탐구(상위 1과목) 영역 백분위 합이 우수한 자② 대학수학능력시험의 국어, 수학, 탐구(상위 1과목) 영역 표준점수 합이 우수한 자③ 대학수학능력시험의 영어영역 등급이 우수한 자④ 대학수학능력시험의 한국사 등급이 우수한 자⑤ 대학수학능력시험의 국어, 수학 영역 표준점수 합이 우수한 자⑥ 대학수학능력시험의 탐구영역 하위 1과목 표준점수가 우수한 자의예과① 대학수학능력시험 영역별 표준점수가 우수한 자 (수학 → 탐구영역(2개 과목 합) → 국어)② 대학수학능력시험 영역별 등급이 우수한 자 (영어 → 한국사)③ 면접점수가 우수한 자④ 학교생활기록부 석차등급 평균이 우수한 자 (학교생활기록부 없는 자는 비교내신 적용)※ 학교생활기록부는 동점자 처리기준으로만 활용함 || 능력시험의 국어, 수학 영역 표준점수 합이 우수한 자⑥ 대학수학능력시험의 탐구영역 하위 1과목 표준점수가 우수한 자의예과① 대학수학능력시험 영역별 표준점수가 우수한 자 (수학 → 탐구영역(2개 과목 합) → 국어)② 대학수학능력시험 영역별 등급이 우수한 자 (영어 → 한국사)③ 면접점수가 우수한 자④ 학교생활기록부 석차등급 평균이 우수한 자 (학교생활기록부 없는 자는 비교내신 적용)※ 학교생활기록부는 동점자 처리기준으로만 활용함약학과① 대학수학능력시험의 수학영역 표준점수가 우수한 자② 대학수학능력시험의 탐구영역 2개 과목 변환표준점수 합이 우수한 자③ 대학수학능력시험의 국어영역 표준점수가 우수한 자④ 대학수학능력시험의 영어영역 등급이 우수한 자⑤ 대학수학능력시험의 한국사 등급이 우수한 자간호학과① 대학수학능력시험의 수학영역 ",C:\Users\User\Desktop\업무\작업\21. 정시모집 관련\00. 소스(모집요강)\경기인천강원\2. 경기인천\2027_가톨릭대_정시요강.pdf
3,강남대,등급 환산,26,"- 26 - 수능성적 반영방법 안내 ■ 활 용 : 수능성적은 백분위 점수 활용, 영어 영역은 등급별 환산점수 활용 ■ 반영방법계 열구분수능 영역별 반영비율한국사비 고국어수학영어탐구화법과 작문언어와 매체확률과 통계미적분기하인문사회계반영비율35% 25%20%20% 응시필수* 탐구영역은 사회, 과학, 직업 반영 (반영과목은 상위 1과목 반영) 예체능계반영비율우수한 영역 순 40%, 20%(동일할 경우 국어 우선 반영) 20%20%공학계반영비율25%35%20%20%가산점- -미적분, 기하 응시자 가산점 7%--자유전공학부반영비율우수한 영역 순 40%, 20%(동일할 경우 수학 우선 반영) 20%20%가산점- -7%(우수",C:\Users\User\Desktop\업무\작업\21. 정시모집 관련\00. 소스(모집요강)\경기인천강원\2. 경기인천\2027_강남대_정시요강.pdf
4,강서대,가점,"4,17,18","- 4 - 4. 수능 반영영역 및 반영비율(%)모집단위수능성적활용지표국어수학영어탐구한국사사탐과탐직탐신학과 경영학과사회복지학과 상담심리학과자유전공학부백분위4030등급에 따른가산점부여30(최고점 1과목) 응시필수식품영양학과간호학과백분위3040* 수학 및 탐구과목 선택에 제한 없음5. 정원외 농어촌학생 전형 모집인원 변경모집단위변경전변경후농어촌학생농어촌학생신학과 5 3경영학과사회복지학과상담심리학과식품영양학과간호학과2 6. 정원외 전형요소별 반영비율 모집전형변경전변경후수능면접수능면접기회균등할당제(간호학과) 70 % 30 % 80 % 20 %농어촌학생 || 70 % 30 % 80 % 20 %농어촌학생(간호학과) 70 % 30 % 80 % 20 %특수교육대상자70 % 30 % 80 % 20 % 7. 학교생활기록부 반영교과 모집단위반영교과영역반영과목수변경전변경후실용음악학과영어교과 모두 반영「국어교과/수학교과」 택1「사회교과(한국사포함)/과학교과」 택1 3개 교과전체과목3개 각 교과별 상위등급 3과목(총 9과목) || - 17 - Ⅴ. 대학수학능력시험 반영방법 가. 반영영역 및 반영비율모집단위수능성적활용지표국어수학영어탐구한국사비고사탐과탐직탐신학과 경영학과사회복지학과 상담심리학과자유전공학부백분위4030등급에 따른가산점 부여30(최고점 1과목) 응시필수식품영양학과간호학과백분위3040* 수학 및 탐구과목 선택에 제한 없음 나. 영어 영역 가산점 반영방법모집단위 등급123456789모든학과점수(100점 만점)987654321 다. 반영점수 산출방법 [신학과, 경영학과, 사회복지학과, 상담심리학과, 자유전공학부] ▸산출식 = [ (국어 X 0.4) + (수학 X 0.3) + (영어가산점 ||  반영비율(%)학생부 요소별 반영비율(%)활용지표1학년2학년3학년교과성적실용음악학과100 100석차등급(9등급)※ 졸업자 및 졸업예정자 모두 3학년 2학기까지 반영 3. 반영교과모집단위반영교과영역반영과목수실용음악학과영어교과 모두 반영「국어교과/수학교과」 택1「사회교과(한국사포함)/과학교과」 택1 3개 각 교과별 상위등급 3과목(총 9과목) ※ ‘택1’이라 함은 두 교과 중에서 더 높은 반영점수를 얻을 수 있는 교과가 자동 선택된다는 의미로 지원자가 특정 교과를 선택하는 것이 아님 ※ 교과목 성적 반영시 미산출된 과목은 9등급으로 반영함 4. 학교생활기록부 성적 산출 방법 1) 석차등급별 배점석차등급123456789반영점수1,000980960940920900800700600 2) 학생부 교과 성적 산출 ▸ 석차등급 평점평균 =",C:\Users\User\Desktop\업무\작업\21. 정시모집 관련\00. 소스(모집요강)\서울\2027_강서대_정시요강.pdf
5,강원대,감점,"45,46","만~60점 이상60점 미만~50점 이상50점 미만~40점 이상40점 미만~30점 이상30점 미만~20점 이상20점미만~0점 백분위 점수100979491817875720점수 차↳ 3점 ↲↳ 3점 ↲↳ 3점 ↲↳ 10점 ↲↳ 3점 ↲↳ 3점 ↲↳ 3점 ↲↳ 72점↲ 4. 한국사 반영방법 - 한국사 수능 등급에 따른 가점 및 감점 부여등급1등급2등급3등급4등급5등급6등급7등급8등급9등급분할기준(원점수)50점~40점 이상40점 미만~35점 이상35점 미만~30점 이상30점 미만~25점 이상25점 미만~20점 이상20점 미만~15점 이상15점 미만~10점 이상10점 미만~5점 이상5점 미만~0점 감점방식기준등급-0.5-1.0-1.5-2.0-2.5가점방식+1.5+1.0+0.5기준등급 ||  미만~50점 이상50점 미만~40점 이상40점 미만~30점 이상30점 미만~20점 이상20점미만~0점 백분위 점수100979491817875720점수 차↳ 3점 ↲↳ 3점 ↲↳ 3점 ↲↳ 10점 ↲↳ 3점 ↲↳ 3점 ↲↳ 3점 ↲↳ 72점↲ 4. 한국사 반영방법 - 한국사 수능 등급에 따른 가점 및 감점 부여등급1등급2등급3등급4등급5등급6등급7등급8등급9등급분할기준(원점수)50점~40점 이상40점 미만~35점 이상35점 미만~30점 이상30점 미만~25점 이상25점 미만~20점 이상20점 미만~15점 이상15점 미만~10점 이상10점 미만~5점 이상5점 미만~0점 감점방식기준등급-0.5-1.0-1.5-2.0-2.5가점방식+1.5+1.0+0.5기준등급 || 반선택과목, 진로선택과목 - 학생부에 1학년 1학기부터 3학년 2학기까지 기록된 반영 교과의 모든 과목(※ 졸업생 포함)전형명모집단위 계열반영 교과반영방법모든 전형※ 단, 아래 전형 제외인문사회계열, 자연과학계열, 공학계열, 의학계열국어, 영어, 수학, 사회, 과학, 한국사반영교과별이수과목 전체 예체능계열무용학과, 스포츠과학과국어, 영어, 체육체육교육과국어, 영어, 사회, 체육디자인학과, 미술학과, 음악학과, 멀티디자인학과, 공예디자인학과, 휴먼스포츠학과국어, 영어, 사회, 한국사학생부교과(특성화고교졸업자전형) 계열별 반영 교과 + 전문 교과 ※ 학생부 반영 교과는 해당 고등학교에서 분류한 교과 분류체계(편제)를 따르되, 교과영역 구분이 없는 경우에는 전체 과목을 반영하고, 교과 편제가 본교의 반영 교과 분류와 상이한 경우에 || , 공학계열, 의학계열국어, 영어, 수학, 사회, 과학, 한국사반영교과별이수과목 전체 예체능계열무용학과, 스포츠과학과국어, 영어, 체육체육교육과국어, 영어, 사회, 체육디자인학과, 미술학과, 음악학과, 멀티디자인학과, 공예디자인학과, 휴먼스포츠학과국어, 영어, 사회, 한국사학생부교과(특성화고교졸업자전형) 계열별 반영 교과 + 전문 교과 ※ 학생부 반영 교과는 해당 고등학교에서 분류한 교과 분류체계(편제)를 따르되, 교과영역 구분이 없는 경우에는 전체 과목을 반영하고, 교과 편제가 본교의 반영 교과 분류와 상이한 경우에는 본교가 정한 기준에 따라 반영함 ※ 검정고시 합격자: 국어, 영어, 수학, 사회, 과학, 한국사 과목 검정고시 성적 반영 ※ 국외 고등학교 성적: 이수한 전 과목 반영(전체 학기)교과성적 반영점수 산출식 =∑ ||  반영 교과는 해당 고등학교에서 분류한 교과 분류체계(편제)를 따르되, 교과영역 구분이 없는 경우에는 전체 과목을 반영하고, 교과 편제가 본교의 반영 교과 분류와 상이한 경우에는 본교가 정한 기준에 따라 반영함 ※ 검정고시 합격자: 국어, 영어, 수학, 사회, 과학, 한국사 과목 검정고시 성적 반영 ※ 국외 고등학교 성적: 이수한 전 과목 반영(전체 학기)교과성적 반영점수 산출식 =∑(반영 과목 석차 등급 반영 점수 × 단위 수)∑(단위 수) ※ 반영점수 산출 시 매 단계마다 소수점 넷째 자리에서 반올림 나. 산출식 - 9등급 석차 등급 과목(공통과목, 일반선택과목) 90% + 3등급 성취평가 과목(진로선택과목) 10% ○ 공통과목 및 일반선택과목 교과성적 산출식산출식 =∑(반영 과목 석차 등급 반영 점수 × 단위(학점) 수",C:\Users\User\Desktop\업무\작업\21. 정시모집 관련\00. 소스(모집요강)\경기인천강원\3. 강원\2027_강원대(춘천삼척)_정시요강.pdf
6,강릉원주대,감점,"32,33"," 수능반영비율(%)수능성적활용지표반영영역반영점수(수능 백분위) 비고(총점)인문대학(강릉)사회과학대학(강릉)자연과학대학(강릉)자연과학대학(춘천)생명과학대학공과대학예술체육대학치과대학(치위생학과) 보건복지대학과학기술대학자유전공학부IT대학문화예술·공과대학 100백분위(영어, 한국사는 등급별 반영점수) 국어, 수학, 영어, 탐구 1과목(사회·과학·직업) 중 높은 백분위 점수(가산점 포함) 3과목 과목1과목2과목3한국사 300100100100반영(가감점) 치과대학(치의예과) 100백분위(영어, 한국사는 등급별 반영점수)국어(20%) 수학(35%) 영어(20%) 과 학 탐구(25%) 국어수학영어과학탐구 (2과목평균)한국사1,000200350200250반영(가산점) ※ 치의예과: 과학탐구(물리학Ⅰ·Ⅱ, 화학Ⅰ·Ⅱ, 생명과학Ⅰ·Ⅱ, 지구과학 || 천)생명과학대학공과대학예술체육대학치과대학(치위생학과) 보건복지대학과학기술대학자유전공학부IT대학문화예술·공과대학 100백분위(영어, 한국사는 등급별 반영점수) 국어, 수학, 영어, 탐구 1과목(사회·과학·직업) 중 높은 백분위 점수(가산점 포함) 3과목 과목1과목2과목3한국사 300100100100반영(가감점) 치과대학(치의예과) 100백분위(영어, 한국사는 등급별 반영점수)국어(20%) 수학(35%) 영어(20%) 과 학 탐구(25%) 국어수학영어과학탐구 (2과목평균)한국사1,000200350200250반영(가산점) ※ 치의예과: 과학탐구(물리학Ⅰ·Ⅱ, 화학Ⅰ·Ⅱ, 생명과학Ⅰ·Ⅱ, 지구과학Ⅰ·Ⅱ) 2과목 평균 반영 ※ 대학수학능력시험 영역 중 미응시 과목은 0점 처리함 2. 수능최저학력기준(※치의예과만 해당) 가. 기본사항: || 학부IT대학문화예술·공과대학 100백분위(영어, 한국사는 등급별 반영점수) 국어, 수학, 영어, 탐구 1과목(사회·과학·직업) 중 높은 백분위 점수(가산점 포함) 3과목 과목1과목2과목3한국사 300100100100반영(가감점) 치과대학(치의예과) 100백분위(영어, 한국사는 등급별 반영점수)국어(20%) 수학(35%) 영어(20%) 과 학 탐구(25%) 국어수학영어과학탐구 (2과목평균)한국사1,000200350200250반영(가산점) ※ 치의예과: 과학탐구(물리학Ⅰ·Ⅱ, 화학Ⅰ·Ⅱ, 생명과학Ⅰ·Ⅱ, 지구과학Ⅰ·Ⅱ) 2과목 평균 반영 ※ 대학수학능력시험 영역 중 미응시 과목은 0점 처리함 2. 수능최저학력기준(※치의예과만 해당) 가. 기본사항: 국어, 수학, 영어, 탐구 영역 중 3개 영역(수학 필수)의 합이 합산등급 이내  || 업) 중 높은 백분위 점수(가산점 포함) 3과목 과목1과목2과목3한국사 300100100100반영(가감점) 치과대학(치의예과) 100백분위(영어, 한국사는 등급별 반영점수)국어(20%) 수학(35%) 영어(20%) 과 학 탐구(25%) 국어수학영어과학탐구 (2과목평균)한국사1,000200350200250반영(가산점) ※ 치의예과: 과학탐구(물리학Ⅰ·Ⅱ, 화학Ⅰ·Ⅱ, 생명과학Ⅰ·Ⅱ, 지구과학Ⅰ·Ⅱ) 2과목 평균 반영 ※ 대학수학능력시험 영역 중 미응시 과목은 0점 처리함 2. 수능최저학력기준(※치의예과만 해당) 가. 기본사항: 국어, 수학, 영어, 탐구 영역 중 3개 영역(수학 필수)의 합이 합산등급 이내 충족전형유형전형명합산등급(이내) 반영영역수능저소득-지역인재전형8 · 국어, 수학(필수), 영어, 탐구(우수 1과목) 농어촌 || 여 후 우수과목으로 1과목 반영보건복지대학간호학과 4. 영어 영역 반영 방법 ▪ 해당 등급 백분위점수 반영〈일반학과〉등 급123456789백분위점수100979491817875720〈치의예과〉등 급123456789백분위점수10095908577.57062.55540 5. 한국사 영역 반영 방법 ▪ 한국사 수능 등급에 따른 가중치 부여〈일반학과〉등 급123456789분할기준(원점수)50점~40점 이상40점 미만~35점 이상35점 미만~30점 이상30점 미만~25점 이상25점 미만~20점 이상20점 미만~15점 이상15점 미만~10점 이상10점 미만~5점 이상5점 미만~0점감점방식기준등급-0.5-1.0-1.5-2.0-2.5가점방식+1.5+1.0+0.5기준등급〈치의예과〉 등 급 1 2 3분할기준(원점수) 50점 ~ 40점 이상40점  || 반영보건복지대학간호학과 4. 영어 영역 반영 방법 ▪ 해당 등급 백분위점수 반영〈일반학과〉등 급123456789백분위점수100979491817875720〈치의예과〉등 급123456789백분위점수10095908577.57062.55540 5. 한국사 영역 반영 방법 ▪ 한국사 수능 등급에 따른 가중치 부여〈일반학과〉등 급123456789분할기준(원점수)50점~40점 이상40점 미만~35점 이상35점 미만~30점 이상30점 미만~25점 이상25점 미만~20점 이상20점 미만~15점 이상15점 미만~10점 이상10점 미만~5점 이상5점 미만~0점감점방식기준등급-0.5-1.0-1.5-2.0-2.5가점방식+1.5+1.0+0.5기준등급〈치의예과〉 등 급 1 2 3분할기준(원점수) 50점 ~ 40점 이상40점 미만 ~ 35점 이상35점 ",C:\Users\User\Desktop\업무\작업\21. 정시모집 관련\00. 소스(모집요강)\경기인천강원\3. 강원\2027_강원대(강릉원주)_정시요강.pdf
7,건국대,감점,"42,43","42 – KONKUK UNIVERSITY KONKUK•SEOUL•CAMPUS 1. 반영지표 영역 국어/수학 탐구 영어 한국사 반영지표 표준점수 백분위별 변환표준점수* 등급별 환산점수 등급별 감점 *대학수학능력시험 성적 발표 이후 입학처 홈페이지에 공고 2. 반영영역 및 반영비율 구분 국어 수학 탐구 (2과목 반영) 영어 한국사 언어중심(A) 40% 30% 20% 10% 감점 수리중심(B) 30% 40% 20% 10% 감점 예체능 45% (30%) (30%) 25% 감점 KU자유전공학부 A와 B 모두 적용하여 높은 점수를 반영 감점 ※ [예체능] 수학과 탐구 영역 중 반영점수가  || SEOUL•CAMPUS 1. 반영지표 영역 국어/수학 탐구 영어 한국사 반영지표 표준점수 백분위별 변환표준점수* 등급별 환산점수 등급별 감점 *대학수학능력시험 성적 발표 이후 입학처 홈페이지에 공고 2. 반영영역 및 반영비율 구분 국어 수학 탐구 (2과목 반영) 영어 한국사 언어중심(A) 40% 30% 20% 10% 감점 수리중심(B) 30% 40% 20% 10% 감점 예체능 45% (30%) (30%) 25% 감점 KU자유전공학부 A와 B 모두 적용하여 높은 점수를 반영 감점 ※ [예체능] 수학과 탐구 영역 중 반영점수가 높은 영역 반영(수학이나 탐구 영역 중 한 영역 미응시도 가능) ※ 제2외국어·한문을 탐구 영역 과목으로 불인정 ※ 정시모집 수능(특성화고교졸업자)에 한하여 직업탐구 포함 3. 모집단위별 수능 성적 반영내 || 대학 모집단위 영역별 수능 성적 반영비율(%) 언어중심(A) 문과대학 국어국문학과*, 영어영문학과*, 중어중문학과*, 철학과*, 사학과*, 지리학과*, 미디어커뮤니케이션학과, 문화콘텐츠학과, 문과대학자유전공학부 국어(40), 수학(30), 탐구(20), 영어(10), 한국사(감점) 예술디자인대학 의상디자인학과–인문계, 영화예술학과* 사범대학 일어교육과*, 교육공학과, 영어교육과 . 대학수학능력시험 성적 반영방법 || 2027학년도 정시모집요강 – 43 KONKUK•SEOUL•CAMPUS 구분 단과대학 모집단위 영역별 수능 성적 반영비율(%) 수리중심(B) 이과대학 수학과, 물리학과, 화학과, 이과대학자유전공학부 국어(30), 수학(40), 탐구(20), 영어(10), 한국사(감점) 건축대학 건축학부 공과대학 사회환경공학부, 기계·로봇·자동차공학부, 전기전자공학부, 화공·생명·에너지공학부, 인공지능학과, 컴퓨터공학과, 재료공학과, 항공우주·모빌리티공학과, 생물공학과, 산업공학과, 공과대학자유전공학부 사회과학대학 정치외교학과, 경제학과, 행정학과, 국제무역학과, 응용통계학과, 사회과학대학융합전공학부 경영대학 경영학과, 기술경영학과 부동산과학원 부동산학과 융합생명과학대학 첨단바이오공학부, 생명공학부, 식품융합학부, 환경생태과학부, || 량자원과학과, 융합생명과학대학자유전공학부 수의과대학 수의예과 사범대학 수학교육과 예체능 예술디자인대학 커뮤니케이션디자인학과, 산업디자인학과, 의상디자인학과–예체능계, 리빙디자인학과, 현대미술학과, 영상디자인학과 국어(45), 수학(30), 탐구(30), 영어(25), 한국사(감점) ※ 단, 수학과 탐구 영역 중 반영점수가 높은 영역 반영사범대학 체육교육과, 음악교육과 무전공 상허교양대학 KU자유전공학부 언어중심(A)과 수리중심(B)의 반영방법을 모두 적용하여 높은 점수를 반영 *수시모집 미충원 인원 발생 시 선발 4. 반영점수(산출식) ∑(영역별 반영지표 점수 × 영역별 반영비율) × 모집단위 수능 반영총점 200 한국사 등급별 감점 ※ 최종점수의 소수점 넷째 자리에서 반올림 5. 영어 및 한국사 등급별 환산표 및 감점표 • || 과, 음악교육과 무전공 상허교양대학 KU자유전공학부 언어중심(A)과 수리중심(B)의 반영방법을 모두 적용하여 높은 점수를 반영 *수시모집 미충원 인원 발생 시 선발 4. 반영점수(산출식) ∑(영역별 반영지표 점수 × 영역별 반영비율) × 모집단위 수능 반영총점 200 한국사 등급별 감점 ※ 최종점수의 소수점 넷째 자리에서 반올림 5. 영어 및 한국사 등급별 환산표 및 감점표 •영어 등급별 환산표 등급 1 2 3 4 5 6 7 8 9 공통 200 197 194 190 185 180 170 160 150 •한국사 등급별 감점표 등급 1 2 3 4 5 6 7 8 9 공통 0 0 0 0 -1.00 -1.75 -3.00 -4.25 -5.00 || B)의 반영방법을 모두 적용하여 높은 점수를 반영 *수시모집 미충원 인원 발생 시 선발 4. 반영점수(산출식) ∑(영역별 반영지표 점수 × 영역별 반영비율) × 모집단위 수능 반영총점 200 한국사 등급별 감점 ※ 최종점수의 소수점 넷째 자리에서 반올림 5. 영어 및 한국사 등급별 환산표 및 감점표 •영어 등급별 환산표 등급 1 2 3 4 5 6 7 8 9 공통 200 197 194 190 185 180 170 160 150 •한국사 등급별 감점표 등급 1 2 3 4 5 6 7 8 9 공통 0 0 0 0 -1.00 -1.75 -3.00 -4.25 -5.00 || 집단위 수능 반영총점 200 한국사 등급별 감점 ※ 최종점수의 소수점 넷째 자리에서 반올림 5. 영어 및 한국사 등급별 환산표 및 감점표 •영어 등급별 환산표 등급 1 2 3 4 5 6 7 8 9 공통 200 197 194 190 185 180 170 160 150 •한국사 등급별 감점표 등급 1 2 3 4 5 6 7 8 9 공통 0 0 0 0 -1.00 -1.75 -3.00 -4.25 -5.00",C:\Users\User\Desktop\업무\작업\21. 정시모집 관련\00. 소스(모집요강)\서울\2027_건국대_정시요강.pdf
9,경기대,감점,"12,13,14,17,18,19,24,26,28,31","%20%15%미반영예술체육대학디자인학부①체육학과①관광문화대학실용음악학과①소프트웨어경영대학융합과학대학 / 창의공과대학A형30%35%20%15% ① 수시 미충원 인원 · 탐구영역은 응시과목 중 상위 1개 과목의 성적을 반영함 · 영어영역 성적은 등급을 점수화하여 반영 · 한국사는 등급별 감점제를 시행함(미 응시자는 불합격 처리) [가군, 나군, 다군] 수능(일반학생Ⅰ전형) - 비실기 모집단위 || 집단위동점자 처리 순위인문대학 / 사회과학대학 / 관광문화대학 디자인학부(수시 미충원 인원) 체육학과(수시 미충원 인원) 실용음악학과(수시 미충원 인원) ① 총점② 수능성적 백분위(㉠총점ⓐ ㉡국어 ㉢수학 ㉣영어 ㉤탐구) ③ 수능성적 표준점수(㉠국어 ㉡수학 ㉢탐구) ④ 한국사 등급 ⑤ 표준점수 합계(응시한 모든 과목의 합)소프트웨어경영대학 / 융합과학대학 창의공과대학① 총점② 수능성적 백분위(㉠총점ⓐ ㉡수학 ㉢국어 ㉣영어 ㉤탐구) ③ 수능성적 표준점수(㉠수학 ㉡국어 ㉢탐구) ④ 한국사 등급 ⑤ 표준점수 합계(응시한 모든 과목의 합) ⓐ 한국사 감점 미반영 3) 본교가 정한 지원자격에 미달되는 응시자는 불합격 처리함(충원합격 후보자에서 제외) 4) 충원합격후보자는 불합격자 중 모집단위별 전형 총점 성적순에 따라 선발함 5) 정시 || 탐구) ③ 수능성적 표준점수(㉠국어 ㉡수학 ㉢탐구) ④ 한국사 등급 ⑤ 표준점수 합계(응시한 모든 과목의 합)소프트웨어경영대학 / 융합과학대학 창의공과대학① 총점② 수능성적 백분위(㉠총점ⓐ ㉡수학 ㉢국어 ㉣영어 ㉤탐구) ③ 수능성적 표준점수(㉠수학 ㉡국어 ㉢탐구) ④ 한국사 등급 ⑤ 표준점수 합계(응시한 모든 과목의 합) ⓐ 한국사 감점 미반영 3) 본교가 정한 지원자격에 미달되는 응시자는 불합격 처리함(충원합격 후보자에서 제외) 4) 충원합격후보자는 불합격자 중 모집단위별 전형 총점 성적순에 따라 선발함 5) 정시모집의 미달 또는 미등록 등으로 인해 발생한 결원은 추가모집에서 선발할 수 있음 6) 기타 사항은 본교의 2027학년도 대학입학전형 사정지침에 의하여 처리함마. 전형일정: 6쪽 참고바. 제출서류: 30쪽 참고 || 사 등급 ⑤ 표준점수 합계(응시한 모든 과목의 합)소프트웨어경영대학 / 융합과학대학 창의공과대학① 총점② 수능성적 백분위(㉠총점ⓐ ㉡수학 ㉢국어 ㉣영어 ㉤탐구) ③ 수능성적 표준점수(㉠수학 ㉡국어 ㉢탐구) ④ 한국사 등급 ⑤ 표준점수 합계(응시한 모든 과목의 합) ⓐ 한국사 감점 미반영 3) 본교가 정한 지원자격에 미달되는 응시자는 불합격 처리함(충원합격 후보자에서 제외) 4) 충원합격후보자는 불합격자 중 모집단위별 전형 총점 성적순에 따라 선발함 5) 정시모집의 미달 또는 미등록 등으로 인해 발생한 결원은 추가모집에서 선발할 수 있음 6) 기타 사항은 본교의 2027학년도 대학입학전형 사정지침에 의하여 처리함마. 전형일정: 6쪽 참고바. 제출서류: 30쪽 참고 || 영방법 : 영역별 백분위 점수 활용(세부내용 24쪽 참고)모집단위영역별 반영비율영어국어수학사탐과탐직탐경호보안학과 / 스포츠과학부30%상위 2과목 각 35% 미반영 · 탐구영역은 응시과목 중 상위 1개 과목의 성적을 반영함 · 영어영역 성적은 등급을 점수화하여 반영 · 한국사는 등급별 감점제를 시행함(미 응시자는 불합격 처리) 3) 실기고사 반영방법: 세부내용 11~12쪽 참고모집단위유형 및 과제 경호보안학과/스포츠과학부 20미터왕복달리기 + 메디신볼 던지기 + 제자리멀리뛰기라. 선발원칙 1) 모집단위별 모집인원의 100%를 전형 총점의 성적순으로 선발함 2) 동점자 처리 기준 모집단위동점자 처리 순위경호보안학과 / 스포츠과학부① 총점② 수능성적 백분위(㉠총점ⓐ ㉡최상위 과목Ⓑ ㉢차순위 과목Ⓑ ㉣영어) ③ 수능성적 표준점수(㉠ || 단위별 모집인원의 100%를 전형 총점의 성적순으로 선발함 2) 동점자 처리 기준 모집단위동점자 처리 순위경호보안학과 / 스포츠과학부① 총점② 수능성적 백분위(㉠총점ⓐ ㉡최상위 과목Ⓑ ㉢차순위 과목Ⓑ ㉣영어) ③ 수능성적 표준점수(㉠최상위 과목Ⓑ ㉡차순위 과목Ⓑ) ④ 한국사 등급 ⑤ 실기성적⑥ 수능성적 표준점수(응시한 모든 과목의 합) ⓐ 한국사 감점 미반영 ⓑ 국어, 수학, 탐구 중 선택된 과목을 의미함 3) 본교가 정한 지원자격에 미달되거나 실기고사 결시자는 불합격 처리함(충원합격 후보자에서 제외) 4) 충원합격후보자는 불합격자 중 모집단위별 전형 총점 성적순에 따라 선발함 5) 정시모집의 미달 또는 미등록 등으로 인해 발생한 결원은 추가모집에서 선발할 수 있음 6) 기타 사항은 본교의 2027학년도 대학입학전형 사정지침 || 리 기준 모집단위동점자 처리 순위경호보안학과 / 스포츠과학부① 총점② 수능성적 백분위(㉠총점ⓐ ㉡최상위 과목Ⓑ ㉢차순위 과목Ⓑ ㉣영어) ③ 수능성적 표준점수(㉠최상위 과목Ⓑ ㉡차순위 과목Ⓑ) ④ 한국사 등급 ⑤ 실기성적⑥ 수능성적 표준점수(응시한 모든 과목의 합) ⓐ 한국사 감점 미반영 ⓑ 국어, 수학, 탐구 중 선택된 과목을 의미함 3) 본교가 정한 지원자격에 미달되거나 실기고사 결시자는 불합격 처리함(충원합격 후보자에서 제외) 4) 충원합격후보자는 불합격자 중 모집단위별 전형 총점 성적순에 따라 선발함 5) 정시모집의 미달 또는 미등록 등으로 인해 발생한 결원은 추가모집에서 선발할 수 있음 6) 기타 사항은 본교의 2027학년도 대학입학전형 사정지침에 의하여 처리함 [나군] 수능(일반학생Ⅰ전형) - 체육실기 모집단위 || 국어수학영어사탐과탐직탐자유전공학부(수원,서울)①A형30%35%20%15%미반영B형35%30%20%15% ① 유형A와 유형B로 계산된 수능성적 중 상위 성적을 반영 · 탐구영역은 응시과목 중 상위 1개 과목의 성적을 반영함 · 영어영역 성적은 등급을 점수화하여 반영 · 한국사는 등급별 감점제를 시행함(미 응시자는 불합격 처리) 3) 학교생활기록부(교과) 반영방법 및 비교과(출결) 감점처리 방법 : 25 ~ 26쪽 참고 [나군] 수능(일반학생Ⅱ전형)",C:\Users\User\Desktop\업무\작업\21. 정시모집 관련\00. 소스(모집요강)\경기인천강원\2. 경기인천\2027_경기대_정시요강.pdf
10,경동대,가점,"3,10,15,18,23"," 선택)등 총 4개 과목 반영좌동-대학별고사○ 면접고사 - 모든 학과, 모든 전형에서 실시하지 않음○ 실기고사 - 모든 학과, 모든 전형에서 실시하지 않음○ 면접고사 - 모든 학과, 모든 전형에서 실시하지 않음○ 실기고사 - 체육학과 일반학생전형만 실시- 수능가산점○ 한국사 가산점 부여 - 한국사 영역 (1~3등급)에 해당하는 사람을 대상으로 대학자체득점(1,000점 만점) 중 1점 부여○ 국어, 수학, 탐구 선택과목에 따른 가산점 없음좌동-학교폭력조치사항○ 모든 학과, 모든 전형에 적용함좌동- ||  반영좌동-대학별고사○ 면접고사 - 모든 학과, 모든 전형에서 실시하지 않음○ 실기고사 - 모든 학과, 모든 전형에서 실시하지 않음○ 면접고사 - 모든 학과, 모든 전형에서 실시하지 않음○ 실기고사 - 체육학과 일반학생전형만 실시- 수능가산점○ 한국사 가산점 부여 - 한국사 영역 (1~3등급)에 해당하는 사람을 대상으로 대학자체득점(1,000점 만점) 중 1점 부여○ 국어, 수학, 탐구 선택과목에 따른 가산점 없음좌동-학교폭력조치사항○ 모든 학과, 모든 전형에 적용함좌동- || 부 교과성적 우수자 ③ 학생부 출결성적 우수자 나. 위 동점자 처리 기준을 적용하여도 동점자가 발생할 경우에는 입학전형관리위원회의 결정에 의함. 다. 모집요강에 명시되지 않은 불분명한 성적 산출의 경우 입학전형관리위원회의 결정에 의함. ※ 가산점 부여 기준 가. 수능 한국사 영역 1~3등급에 해당하는 사람 - 수능 원점수(50점 만점)의 2%인 1점을 대학자체득점(1,000점 만점)에 추가 부여 - 단, 대학자체득점(1,000점 만점)의 범위 내에서 부여 || 부 교과성적 우수자 ③ 학생부 출결성적 우수자 나. 위 동점자 처리 기준을 적용하여도 동점자가 발생할 경우에는 입학전형관리위원회의 결정에 의함. 다. 모집요강에 명시되지 않은 불분명한 성적 산출의 경우 입학전형관리위원회의 결정에 의함. ※ 가산점 부여 기준 가. 수능 한국사 영역 1~3등급에 해당하는 사람 - 수능 원점수(50점 만점)의 2%인 1점을 대학자체득점(1,000점 만점)에 추가 부여 - 단, 대학자체득점(1,000점 만점)의 범위 내에서 부여 ○ 성적 반영 방법 1. 수학능력시험 가. 수능 성적 반영방법 국어, 수학, 영어 3개 과목과 탐구(사회/과학/직업) 영역에서 우수한 1개 과목의 등급을 합산하여 평균을 반영함. ※ 단, 제2외국어 영역은 제외 ※ [예시] 국어 3등급, 수학 4등급, 영어 4등급, 탐구 1 || 부 교과성적 우수자 ③ 학생부 출결성적 우수자 나. 위 동점자 처리 기준을 적용하여도 동점자가 발생할 경우에는 입학전형관리위원회의 결정에 의함. 다. 모집요강에 명시되지 않은 불분명한 성적 산출의 경우 입학전형관리위원회의 결정에 의함. ※ 가산점 부여 기준 가. 수능 한국사 영역 1~3등급에 해당하는 사람 - 수능 원점수(50점 만점)의 2%인 1점을 대학자체득점(1,000점 만점)에 추가 부여 - 단, 대학자체득점(1,000점 만점)의 범위 내에서 부여 || 부 교과성적 우수자 ③ 학생부 출결성적 우수자 나. 위 동점자 처리 기준을 적용하여도 동점자가 발생할 경우에는 입학전형관리위원회의 결정에 의함. 다. 모집요강에 명시되지 않은 불분명한 성적 산출의 경우 입학전형관리위원회의 결정에 의함. ※ 가산점 부여 기준 가. 수능 한국사 영역 1~3등급에 해당하는 사람 - 수능 원점수(50점 만점)의 2%인 1점을 대학자체득점(1,000점 만점)에 추가 부여 - 단, 대학자체득점(1,000점 만점)의 범위 내에서 부여 ○ 성적 반영 방법 1. 수학능력시험 가. 수능 성적 반영방법 국어, 수학, 영어 3개 과목과 탐구(사회/과학/직업) 영역에서 우수한 1개 과목의 등급을 합산하여 평균을 반영함. ※ 단, 제2외국어 영역은 제외 ※ [예시] 국어 3등급, 수학 4등급, 영어 4등급, 탐구 1",C:\Users\User\Desktop\업무\작업\21. 정시모집 관련\00. 소스(모집요강)\경기인천강원\2. 경기인천\2027_경동대_정시요강.pdf
11,경북대,가점,"19,21,33","전공)은 수시 미충원 이월인원이 발생할 경우 모집함※ 국악학과는 미충원된 전공(세부전공)별이 아닌 국악학과 전체 전공에서 선발할 수 있음3. 대학수학능력시험 반영 방법 가. 계열별 수능 반영점수 산출방법 1) 국어, 수학은 수능 성적표상의 표준점수를 적용 2) 영어와 한국사는 아래 “나”, “다”항 적용 3) 탐구영역은 우리 대학에서 산출한 <변환표준점수표>를 적용 - <변환표준점수표>는 대학수학능력시험 성적 발표 후 우리 대학 입학홈페이지에 게시 || 1,000점(합계×1,000/500)※ 체육교육과의 경우 국어는 본인 취득 표준점수×1.5를 반영 나. 영어: 등급별 차등 반영점수(환산 표준점수) 적용등급1등급2등급3등급4등급5등급6등급7등급8등급9등급반영점수100점97점92점87점82점77점72점67점62점 다. 한국사: 등급별 차등 가점 부여등급1등급2등급3등급4등급5등급6등급7등급8등급9등급추가점수10점10점10점10점9.8점9.6점9.4점9.2점9.0점4. 대학수학능력시험 응시 영역모집단위응시 영역전체 모집단위(아래 모집단위 제외) 국어, 수학, 영어, 사탐/과탐, 한국사전자공학부 모바일AI공학전공 국어, 수학(미적분/기하 중 택1), 영어, 과탐, 한국사예술대학, 체육학부국어, 영어, 사탐/과탐, 한국사 가. 모집단위별로 지정한 대학수학능력시험 영역(유형)에 반드 || 다. 한국사: 등급별 차등 가점 부여등급1등급2등급3등급4등급5등급6등급7등급8등급9등급추가점수10점10점10점10점9.8점9.6점9.4점9.2점9.0점4. 대학수학능력시험 응시 영역모집단위응시 영역전체 모집단위(아래 모집단위 제외) 국어, 수학, 영어, 사탐/과탐, 한국사전자공학부 모바일AI공학전공 국어, 수학(미적분/기하 중 택1), 영어, 과탐, 한국사예술대학, 체육학부국어, 영어, 사탐/과탐, 한국사 가. 모집단위별로 지정한 대학수학능력시험 영역(유형)에 반드시 응시하여야 하며, 1개 영역(과목)이라도 응시하지 않거나 지정한 유형에 응시하지 않을 경우 불합격 처리함 나. 국어, 수학, 탐구(사탐/과탐) 영역의 모든 선택과목을 허용함(전자공학부 모바일AI공학전공 제외) 다. 탐구영역은 2개 과목에 응시하여야 하며, 응시 || 급추가점수10점10점10점10점9.8점9.6점9.4점9.2점9.0점4. 대학수학능력시험 응시 영역모집단위응시 영역전체 모집단위(아래 모집단위 제외) 국어, 수학, 영어, 사탐/과탐, 한국사전자공학부 모바일AI공학전공 국어, 수학(미적분/기하 중 택1), 영어, 과탐, 한국사예술대학, 체육학부국어, 영어, 사탐/과탐, 한국사 가. 모집단위별로 지정한 대학수학능력시험 영역(유형)에 반드시 응시하여야 하며, 1개 영역(과목)이라도 응시하지 않거나 지정한 유형에 응시하지 않을 경우 불합격 처리함 나. 국어, 수학, 탐구(사탐/과탐) 영역의 모든 선택과목을 허용함(전자공학부 모바일AI공학전공 제외) 다. 탐구영역은 2개 과목에 응시하여야 하며, 응시한 2과목 모두를 반영함 ※ 탐구영역은 사탐 또는 과탐에 응시하여야 함 ※ 과학탐구영역 || 점9.2점9.0점4. 대학수학능력시험 응시 영역모집단위응시 영역전체 모집단위(아래 모집단위 제외) 국어, 수학, 영어, 사탐/과탐, 한국사전자공학부 모바일AI공학전공 국어, 수학(미적분/기하 중 택1), 영어, 과탐, 한국사예술대학, 체육학부국어, 영어, 사탐/과탐, 한국사 가. 모집단위별로 지정한 대학수학능력시험 영역(유형)에 반드시 응시하여야 하며, 1개 영역(과목)이라도 응시하지 않거나 지정한 유형에 응시하지 않을 경우 불합격 처리함 나. 국어, 수학, 탐구(사탐/과탐) 영역의 모든 선택과목을 허용함(전자공학부 모바일AI공학전공 제외) 다. 탐구영역은 2개 과목에 응시하여야 하며, 응시한 2과목 모두를 반영함 ※ 탐구영역은 사탐 또는 과탐에 응시하여야 함 ※ 과학탐구영역에서 같은 과목 Ⅰ과 Ⅱ에 응시하였을 경우 2개 과 || 기에서 발급하여 제출 가능 ※ 위 지원자격 증빙서류로 자격 확인이 곤란할 경우, 추가 서류 제출을 요구할 수 있음 7. 최종등록자 제출서류: 14쪽 참조 ※ 기한 내에 미제출 또는 지원자격을 위반한 경우 합격(입학)이 취소됨 모집단위국어, 수학, 영어, 탐구(2과목) 한국사의예과수학 포함 3개 영역 등급 합 5 응시",C:\Users\User\Desktop\업무\작업\21. 정시모집 관련\00. 소스(모집요강)\영남제주\6. 영남권\2027_경북대_정시요강.pdf
12,경상국립대,확인 필요,"37,38","경상국립대학교 2027학년도 신입생 정시 모집요강 - 35 - [수능 점수반영 예시] 예시1 – 인문계열 학과 정시㉯군 일반전형 국어국문학과에 지원한 “김개척”군의 수능 성적통지표가 다음과 같을 경우구분 / 영역한국사국어수학영어탐구선택과목언어와 매체확률과 통계한국 지리생활과 윤리본인 취득 표준점수1201236361등급1 3 3 3 2 3전국 최고 표준점수1491476566 ※ 영역별 성적산출 - 국어영역: 300 × (120/149) = 241.61073 - 수학영역: 250 × (123/147) = 209.18367 - 영어영역: 3등급 = 192 - 탐구영역: 250 × {[(63/65)+(61/66)]/2} = 236.68414 ※ 전체 산출점수 241.61073 ||  ※ 전체 산출점수 241.61073 + 209.18367 + 192 + 236.68414 = 879.47854점 *최종점수 = 879.48 예시2 - 자연계열 학과 정시㉯군 농어촌학생전형 건축학과에 지원한 “김개척”군의 수능 성적통지표가 다음과 같을 경우구분 / 영역한국사국어수학영어탐구선택과목 화법과 작문미적분 물리학Ⅰ화학Ⅱ본인 취득 표준점수1361216562등급2 1 3 2 2 3전국 최고 표준점수1491477269 ※ 영역별 성적산출 - 국어영역: 250 × (136/149) = 228.18791 - 수학영역: 300 × (121/147) = 246.93877 - 영어영역: 2등급 = 196 - 탐구영역: 250 × {[(65/72)+(62/69)]/2} = 225.16606 *과탐Ⅰ·Ⅱ 가산점(5%) : 11.2583 || 경상국립대학교 2027학년도 신입생 정시 모집요강- 36 - 예시3 – 수의예과, 의예과, 약학과정시㉮군 지역인재전형 수의예과에 지원한 “김개척”군의 수능 성적통지표가 다음과 같을 경우구분 / 영역한국사국어수학영어탐구선택과목 화법과 작문미적분 지구과학Ⅰ물리학Ⅱ본인 취득 표준점수1421366865등급2 1 3 2 2 3전국 최고 표준점수1491477269 ※ 영역별 성적산출 - 국어영역: 250 × (142/149) = 238.25503 - 수학영역: 300 × (136/147) = 277.55102 ※ 「미적분」 또는 「기하」 과목: 필수 - 영어영역: 2등급 = 196 - 탐구영역: 250 × {[(68/72)+(65/69)]/2} = 235.80918 || 38.25503 + 277.55102 + 196 + 235.80918 + (11.79045) = 959.40568점 *최종점수 = 959.41예시4 – 예체능 계열정시㉮군 일반전형 스포츠헬스케어학과에 지원한 “김개척”군의 수능 성적통지표가 다음과 같을 경우구분 / 영역한국사국어수학영어탐구선택과목언어와 매체확률과 통계한국 지리생활과 윤리본인 취득 표준점수1201236361등급1 3 3 3 2 3전국 최고 표준점수1491476566 ※ 영역별 성적산출 - 국어영역: {400 × (120/149)} = 322.14765 - 영어영역: 3등급 = 288 - 탐구영역: (300 × [{(63/65)+(61/66)}/2]) = 284.02098 ※ 전체 산출점수 322.14765 + 288 + 284.02098 = 894.16863점 ",C:\Users\User\Desktop\업무\작업\21. 정시모집 관련\00. 소스(모집요강)\영남제주\6. 영남권\2027_경상국립대_정시요강.pdf
13,경희대,가점,"25,31,39,43,44,45","7학년도 대학수학능력시험에서 지원 모집단위별로 지정된 수능 반영영역에 반드시 응시해야 합니다(p.41 참고). 3. 동점자 처리기준 수능반영계열 우선 순위 인문 사회 자연 ① 대학수학능력시험 영역별 성적 우위자 - 인문 : 국어 > 사회/과학탐구 > 수학 > 영어 > 한국사 - 사회 : 수학 > 국어 > 사회/과학탐구 > 영어 > 한국사 - 자연 : 수학 > 사회/과학탐구 > 국어 > 영어 > 한국사 예술 ① 실기고사 성적 우위자 ② 대학수학능력시험 영역별 성적 우위자 - 예술 : 국어 > 사회/과학탐구 > 영어 > 한국사 ※ 위 기준표 상의 대학수학능력시험 영역별 성적은 본교 수능 반영점수를 의미합니다[대학수학능력시험 반영방법 안내(p.41) 참고]. - 탐구영역의 경우, 합산된 백분위변환표준점수로 비교함(자연계열의 경우  || 역에 반드시 응시해야 합니다(p.41 참고). 3. 동점자 처리기준 수능반영계열 우선 순위 인문 사회 자연 ① 대학수학능력시험 영역별 성적 우위자 - 인문 : 국어 > 사회/과학탐구 > 수학 > 영어 > 한국사 - 사회 : 수학 > 국어 > 사회/과학탐구 > 영어 > 한국사 - 자연 : 수학 > 사회/과학탐구 > 국어 > 영어 > 한국사 예술 ① 실기고사 성적 우위자 ② 대학수학능력시험 영역별 성적 우위자 - 예술 : 국어 > 사회/과학탐구 > 영어 > 한국사 ※ 위 기준표 상의 대학수학능력시험 영역별 성적은 본교 수능 반영점수를 의미합니다[대학수학능력시험 반영방법 안내(p.41) 참고]. - 탐구영역의 경우, 합산된 백분위변환표준점수로 비교함(자연계열의 경우 가산점을 반영한 점수로 비교) - 영어 및 한국사의 경우, 등급으 || 준 수능반영계열 우선 순위 인문 사회 자연 ① 대학수학능력시험 영역별 성적 우위자 - 인문 : 국어 > 사회/과학탐구 > 수학 > 영어 > 한국사 - 사회 : 수학 > 국어 > 사회/과학탐구 > 영어 > 한국사 - 자연 : 수학 > 사회/과학탐구 > 국어 > 영어 > 한국사 예술 ① 실기고사 성적 우위자 ② 대학수학능력시험 영역별 성적 우위자 - 예술 : 국어 > 사회/과학탐구 > 영어 > 한국사 ※ 위 기준표 상의 대학수학능력시험 영역별 성적은 본교 수능 반영점수를 의미합니다[대학수학능력시험 반영방법 안내(p.41) 참고]. - 탐구영역의 경우, 합산된 백분위변환표준점수로 비교함(자연계열의 경우 가산점을 반영한 점수로 비교) - 영어 및 한국사의 경우, 등급으로 비교함 ※ 「가」군 동점자 처리기준을 적용해도 최종적으로 동점 ||  > 영어 > 한국사 - 사회 : 수학 > 국어 > 사회/과학탐구 > 영어 > 한국사 - 자연 : 수학 > 사회/과학탐구 > 국어 > 영어 > 한국사 예술 ① 실기고사 성적 우위자 ② 대학수학능력시험 영역별 성적 우위자 - 예술 : 국어 > 사회/과학탐구 > 영어 > 한국사 ※ 위 기준표 상의 대학수학능력시험 영역별 성적은 본교 수능 반영점수를 의미합니다[대학수학능력시험 반영방법 안내(p.41) 참고]. - 탐구영역의 경우, 합산된 백분위변환표준점수로 비교함(자연계열의 경우 가산점을 반영한 점수로 비교) - 영어 및 한국사의 경우, 등급으로 비교함 ※ 「가」군 동점자 처리기준을 적용해도 최종적으로 동점자가 발생할 경우에는 본교 동점자 처리기준에 의거하여 선발하며, 입학사정위원회의 의결에 따라 모집인원을 초과하여 선발할 수 있 ||  > 영어 > 한국사 ※ 위 기준표 상의 대학수학능력시험 영역별 성적은 본교 수능 반영점수를 의미합니다[대학수학능력시험 반영방법 안내(p.41) 참고]. - 탐구영역의 경우, 합산된 백분위변환표준점수로 비교함(자연계열의 경우 가산점을 반영한 점수로 비교) - 영어 및 한국사의 경우, 등급으로 비교함 ※ 「가」군 동점자 처리기준을 적용해도 최종적으로 동점자가 발생할 경우에는 본교 동점자 처리기준에 의거하여 선발하며, 입학사정위원회의 의결에 따라 모집인원을 초과하여 선발할 수 있습니다. || 야 합니다. ※ 개인종목 경기실적은 본인 1인 출전, 복식, 2인조 경기만 인정 3. 동점자 처리기준 수능반영계열 우선 순위 인문 사회 자연 예술 · 체육[수능위주-일반] ① 대학수학능력시험 영역별 성적 우위자 - 인문 : 국어 > 사회/과학탐구 > 수학 > 영어 > 한국사 - 사회 : 수학 > 국어 > 사회/과학탐구 > 영어 > 한국사 - 자연 : 수학 > 사회/과학탐구 > 국어 > 영어 > 한국사 - 예술 · 체육 : 국어 > 사회/과학탐구 > 영어 > 한국사 예술 [실기위주-일반] 미술학부, 시각디자인학과, 의류디자인학과, 디지털콘텐츠학과 ① 실기고사 성적 우위자 ② 대학수학능력시험 영역별 성적우위자 - 국어 > 사회/과학탐구 > 영어 > 한국사 ※ 위 기준표 상의 대학수학능력시험 영역별 성적은 본교 수능 반영점수를 의 || 조 경기만 인정 3. 동점자 처리기준 수능반영계열 우선 순위 인문 사회 자연 예술 · 체육[수능위주-일반] ① 대학수학능력시험 영역별 성적 우위자 - 인문 : 국어 > 사회/과학탐구 > 수학 > 영어 > 한국사 - 사회 : 수학 > 국어 > 사회/과학탐구 > 영어 > 한국사 - 자연 : 수학 > 사회/과학탐구 > 국어 > 영어 > 한국사 - 예술 · 체육 : 국어 > 사회/과학탐구 > 영어 > 한국사 예술 [실기위주-일반] 미술학부, 시각디자인학과, 의류디자인학과, 디지털콘텐츠학과 ① 실기고사 성적 우위자 ② 대학수학능력시험 영역별 성적우위자 - 국어 > 사회/과학탐구 > 영어 > 한국사 ※ 위 기준표 상의 대학수학능력시험 영역별 성적은 본교 수능 반영점수를 의미합니다[대학수학능력시험 반영방법 안내(p.41) 참고]. - 탐 ||  사회 자연 예술 · 체육[수능위주-일반] ① 대학수학능력시험 영역별 성적 우위자 - 인문 : 국어 > 사회/과학탐구 > 수학 > 영어 > 한국사 - 사회 : 수학 > 국어 > 사회/과학탐구 > 영어 > 한국사 - 자연 : 수학 > 사회/과학탐구 > 국어 > 영어 > 한국사 - 예술 · 체육 : 국어 > 사회/과학탐구 > 영어 > 한국사 예술 [실기위주-일반] 미술학부, 시각디자인학과, 의류디자인학과, 디지털콘텐츠학과 ① 실기고사 성적 우위자 ② 대학수학능력시험 영역별 성적우위자 - 국어 > 사회/과학탐구 > 영어 > 한국사 ※ 위 기준표 상의 대학수학능력시험 영역별 성적은 본교 수능 반영점수를 의미합니다[대학수학능력시험 반영방법 안내(p.41) 참고]. - 탐구영역의 경우 합산된 백분위변환표준점수로 비교함(자연계열의 경우 ",C:\Users\User\Desktop\업무\작업\21. 정시모집 관련\00. 소스(모집요강)\서울\2027_경희대_정시요강.pdf
14,고려대,감점,"16,17,18","에 대한 변경사항이 있을 경우, 추후 입학처 홈페이지에 공지함 ※ 동일계열 기준학과 또는 전문교과로 판단이 어려운 경우 입학사정운영위원회에서 결정함계열모집단위2015 교육과정2009 교육과정동일계열 기준학과전문교과동일계열 기준학과전문교과인문경영학과,국어국문학과,철학과,한국사학과,사학과,사회학과,한문학과,영어영문학과,독어독문학과,불어불문학과,중어중문학과,노어노문학과,일어일문학과,서어서문학과,언어학과,식품자원경제학과,정치외교학과,경제학과,통계학과,행정학과,국제학부,글로벌한국융합학부,미디어학부,보건정책관리학부,심리학부 경영･사무과, 관광･레저과, 금융과, 디자인과, 문화콘텐츠과, 방송･통신과, 보건간호과, 보육과, 사회복지과, 유통과, 정보컴퓨터과, 재무･회계과,판매과경영･금융디자인･문화 콘텐츠보건･복지정보･통신상업정보계열 모든  || Ⅴ. 전형별 전형요소 및 평가방법 | 15 Ⅴ. 전형별 전형요소 및 평가방법u공통 사항1. 모집단위별 수능 지정 응시 영역전형모집단위수능 지정 응시 영역국어수학탐구영어한국사전체(특성화고 제외)디자인조형화법과 작문, 언어와 매체- 사회, 과학영어한국사그 외 전체확률과 통계,미적분, 기하특성화고전체 직업, 사회, 과학1) 탐구영역은 반드시 2개 과목을 응시해야 함2. 수능 영역별 반영 점수계열 (모집단위) 국어수학탐구주1)반영 영역의 합계영어한국사의학, 자연(가정교육과, 간호학과 제외)표준점수(200)표준점수 X 1.2(240)변환 점수의 합(200)640등급별 감점주2)가정교육과, 간호학과,인문, 체능표준점수(200)표준점수( || Ⅴ. 전형별 전형요소 및 평가방법 | 15 Ⅴ. 전형별 전형요소 및 평가방법u공통 사항1. 모집단위별 수능 지정 응시 영역전형모집단위수능 지정 응시 영역국어수학탐구영어한국사전체(특성화고 제외)디자인조형화법과 작문, 언어와 매체- 사회, 과학영어한국사그 외 전체확률과 통계,미적분, 기하특성화고전체 직업, 사회, 과학1) 탐구영역은 반드시 2개 과목을 응시해야 함2. 수능 영역별 반영 점수계열 (모집단위) 국어수학탐구주1)반영 영역의 합계영어한국사의학, 자연(가정교육과, 간호학과 제외)표준점수(200)표준점수 X 1.2(240)변환 점수의 합(200)640등급별 감점주2)가정교육과, 간호학과,인문, 체능표준점수(200)표준점수(200)변환 점수의 합 X 0.8(160)560예능표준점수(200)- 변환 점 || 체(특성화고 제외)디자인조형화법과 작문, 언어와 매체- 사회, 과학영어한국사그 외 전체확률과 통계,미적분, 기하특성화고전체 직업, 사회, 과학1) 탐구영역은 반드시 2개 과목을 응시해야 함2. 수능 영역별 반영 점수계열 (모집단위) 국어수학탐구주1)반영 영역의 합계영어한국사의학, 자연(가정교육과, 간호학과 제외)표준점수(200)표준점수 X 1.2(240)변환 점수의 합(200)640등급별 감점주2)가정교육과, 간호학과,인문, 체능표준점수(200)표준점수(200)변환 점수의 합 X 0.8(160)560예능표준점수(200)- 변환 점수의 합 X 0.8(160)3601) 탐구 : 변환점수는 본 대학교에서 백분위를 활용하여 산출함 (원서 접수 전 입학처 홈페이지에 공지)2) 영어, 한국사 등급별 감점등급과목123456789영어036 || 호학과,인문, 체능표준점수(200)표준점수(200)변환 점수의 합 X 0.8(160)560예능표준점수(200)- 변환 점수의 합 X 0.8(160)3601) 탐구 : 변환점수는 본 대학교에서 백분위를 활용하여 산출함 (원서 접수 전 입학처 홈페이지에 공지)2) 영어, 한국사 등급별 감점등급과목123456789영어03691215182124한국사00000.20.40.60.82.03. 전형별 전형요소 및 반영비율전형계열 (모집단위) 전형요소별 반영비율합계수능실기주1)면접주2)학생부(교과)군면접주3)일반농어촌사회배려특수교육특성화고 인문, 자연(사이버국방학과 제외)100%(1,000점) - - -100%(1,000점)의학100%(1,000점) - ◯ -사이버국방학과80%(800점) - - 20%(200점)체육교육과, 디자인조형학부70 || 0.8(160)560예능표준점수(200)- 변환 점수의 합 X 0.8(160)3601) 탐구 : 변환점수는 본 대학교에서 백분위를 활용하여 산출함 (원서 접수 전 입학처 홈페이지에 공지)2) 영어, 한국사 등급별 감점등급과목123456789영어03691215182124한국사00000.20.40.60.82.03. 전형별 전형요소 및 반영비율전형계열 (모집단위) 전형요소별 반영비율합계수능실기주1)면접주2)학생부(교과)군면접주3)일반농어촌사회배려특수교육특성화고 인문, 자연(사이버국방학과 제외)100%(1,000점) - - -100%(1,000점)의학100%(1,000점) - ◯ -사이버국방학과80%(800점) - - 20%(200점)체육교육과, 디자인조형학부70%(700점) 30%(300점) - -교과우수인문, 자연80%(800점 || 사항은 개별 감점으로 적용함(예: 2호, 5호 병행 기재 시 4점 감점)라. 학교폭력 조치사항 호수에 따른 감점 점수표구분1호2호3호4호5호6호7호8호9호감점1 3 7 205. 수능 반영점수 산출 방법 (본인의 수능 반영점수의 합주1) × 1,000 - 영어 감점 - 한국사 감점 ) × 수능 반영비율주2) - 학교폭력 감점수능 반영영역 합계주1) 자연계열 및 의학과 지원자가 과학탐구에 응시하는 경우 해당 과목 변환점수에 각 3%의 가산점을 추가함주2) 해당 전형의 ‘전형요소 및 반영비율’ 중 지원한 모집단위의 수능 반영비율6. 동점자 선발 원칙1) 총점이 같을 경우, 아래의 우선순위로 선발함. 수능 과목은 반영점수를 적용함.모집단위수능 영역별 우선순위수능 영역 다음 우선순위인문국어-수학-탐구학생부(교과) 자연, 의학수학-탐구",C:\Users\User\Desktop\업무\작업\21. 정시모집 관련\00. 소스(모집요강)\서울\2027_고려대_정시요강.pdf
15,고려대(세종),감점,"3,29,32","- 1 - Ⅰ. 전형 요약 및 주요사항§2027학년도 정시모집 주요 변경사항1. 자연계열(약학과 제외) 대학수학능력시험 지정응시영역 변경2026학년도2027학년도국어, 수학(미적분/기하), 영어,과학탐구(2과목), 한국사국어, 수학(확률과통계/미적분/기하), 영어,사회/과학탐구(2과목), 한국사※ 약학과: 국어, 수학(미적분/기하), 영어, 과학탐구(2과목), 한국사2. 과학탐구 응시자 대상 가산점 부여 모집단위 확대2026학년도2027학년도일부 모집단위에 한해 가산점 부여자연계열 전 모집단위 및 자유전공학부(과학기술)-빅데이터사이언스학부, 약학과 제외3. 학교폭력 조치사항 감점 기준 변경2026학년도2027학년도[학교폭력 조치사항 호수에 따른 감점 점수표]구분1~3호4~ || 요약 및 주요사항§2027학년도 정시모집 주요 변경사항1. 자연계열(약학과 제외) 대학수학능력시험 지정응시영역 변경2026학년도2027학년도국어, 수학(미적분/기하), 영어,과학탐구(2과목), 한국사국어, 수학(확률과통계/미적분/기하), 영어,사회/과학탐구(2과목), 한국사※ 약학과: 국어, 수학(미적분/기하), 영어, 과학탐구(2과목), 한국사2. 과학탐구 응시자 대상 가산점 부여 모집단위 확대2026학년도2027학년도일부 모집단위에 한해 가산점 부여자연계열 전 모집단위 및 자유전공학부(과학기술)-빅데이터사이언스학부, 약학과 제외3. 학교폭력 조치사항 감점 기준 변경2026학년도2027학년도[학교폭력 조치사항 호수에 따른 감점 점수표]구분1~3호4~5호6~7호8~9호감점1점3점7점20점[학교폭력 조치사항 호수에 따른 감점  ||  제외) 대학수학능력시험 지정응시영역 변경2026학년도2027학년도국어, 수학(미적분/기하), 영어,과학탐구(2과목), 한국사국어, 수학(확률과통계/미적분/기하), 영어,사회/과학탐구(2과목), 한국사※ 약학과: 국어, 수학(미적분/기하), 영어, 과학탐구(2과목), 한국사2. 과학탐구 응시자 대상 가산점 부여 모집단위 확대2026학년도2027학년도일부 모집단위에 한해 가산점 부여자연계열 전 모집단위 및 자유전공학부(과학기술)-빅데이터사이언스학부, 약학과 제외3. 학교폭력 조치사항 감점 기준 변경2026학년도2027학년도[학교폭력 조치사항 호수에 따른 감점 점수표]구분1~3호4~5호6~7호8~9호감점1점3점7점20점[학교폭력 조치사항 호수에 따른 감점 점수표]구분1~3호4~5호6~7호8~9호감점20점80점150점200점 || - 27 - §대학수학능력시험 반영방법(전형 공통사항)1. 대학수학능력시험 지정응시영역모집단위별로 지정한(○표시) 대학수학능력시험 영역에 반드시 응시해야 합니다.모집단위국어수학영어탐구한국사확률과통계미적분/기하사회과학 전 모집단위(약학과 제외) ○○○○○약학과○- ○○-○○ 1) 탐구영역은 별도 지정과목이 없으나, 반드시 2개 과목에 응시하여야 함 2) 특성화고교졸업자전형(수시모집 모집인원 이월 시에만 선발)에서만 직업탐구도 인정 3) 제2외국어/한문 영역으로 탐구영역을 대체할 수 없음2. 대학수학능력시험 반영영역 및 반영비율반영영역수능반영계열/모집단위국어수학영어탐구확률과통계미적분/기하사회과학인문/체능 글로벌학부 국제스포츠학부 문화유산융합학부 || - 30 - Ⅷ. 학사안내§신입생 장학금명칭장학금액선발기준지급기간(계속)지급요건평점평균취득학점안암장학금수업료 전액수능 지정응시영역 중(한국사 제외) 2개 영역 1등급이며, 나머지 영역 모두 2등급 이내인 자로서 각 계열(인문,체능/자연)의 입학성적 최우수자(일반전형 최초합격자 기준) 수업연한3.5이상18학점 이상 (졸업요구학점이 130학점인 경우는 17학점 이상)크림슨장학금수업료 전액수능 지정응시영역 중(한국사 제외) 2개 영역 1등급이며, 나머지 영역 모두 2등급 이내인 자로서 각 계열(인문,체능/자연)의 입학성적 상위 3% 이내(일반전형 최초합격자 기준) 2학기3.5이상 단과대학장학금수업료 ||  제외) 2개 영역 1등급이며, 나머지 영역 모두 2등급 이내인 자로서 각 계열(인문,체능/자연)의 입학성적 최우수자(일반전형 최초합격자 기준) 수업연한3.5이상18학점 이상 (졸업요구학점이 130학점인 경우는 17학점 이상)크림슨장학금수업료 전액수능 지정응시영역 중(한국사 제외) 2개 영역 1등급이며, 나머지 영역 모두 2등급 이내인 자로서 각 계열(인문,체능/자연)의 입학성적 상위 3% 이내(일반전형 최초합격자 기준) 2학기3.5이상 단과대학장학금수업료 전액각 계열(인문,체능/자연)의 입학성적 최우수자(일반전형 최초합격자 기준)(해당 계열에 안암/크림슨장학생이 선발된 경우는 입학성적 차순위자 선발) 2학기3.5이상신입생우수장학금수업료의 70%각 계열(인문,체능/자연)의 입학성적 상위 6% 이내(일반전형 최초합격자 기준) ",C:\Users\User\Desktop\업무\작업\21. 정시모집 관련\00. 소스(모집요강)\충청호남\4. 충청권\2027_고려대(세)_정시요강.pdf
16,광운대,가점,"20,23,27,28,29","험 국어영역 표준점수 우위자2순위대학수학능력시험 영어영역 등급 우위자3순위자연계열 : 대학수학능력시험 국어영역 표준점수 우위자인문계열 : 대학수학능력시험 수학영역 표준점수 우위자 4순위대학수학능력시험 탐구영역 표준점수 우위자(2과목 합계)5순위대학수학능력시험 한국사 등급 우위자 || 험 국어영역 표준점수 우위자2순위대학수학능력시험 영어영역 등급 우위자3순위자연계열 : 대학수학능력시험 국어영역 표준점수 우위자인문계열 : 대학수학능력시험 수학영역 표준점수 우위자 4순위대학수학능력시험 탐구영역 표준점수 우위자(2과목 합계)5순위대학수학능력시험 한국사 등급 우위자 5. 제출서류 □ 제출기한 : 2027. 1. 8.(금) 등기우편 소인분까지 접수 ※ 단, 모든 서류는 2026. 12. 7.(월) 이후 발급분만 인정 □ 제출방법 : 등기우편 제출 [(01897) 서울특별시 노원구 광운로20, 광운대학교 화도관 109호] ※ 등기우편 영수증을 반드시 보관하여야 함 구분 제출서류학교생활기록부 온라인 제공 동의자 제출서류 없음2005년~2023년 졸업자 중 학교생활기록부 온라인 생성 신청을 완료한 자학교생활기록 || - 25 - VI-1. 대학수학능력시험 반영 방법 1. 수능 활용지표 수능영역국어수학영어탐구한국사활용지표표준점수표준점수등급에 따른 변환점수백분위에 따른변환표준점수등급에 따른가산점 ※ 영어영역 변환점수 등급1등급2등급3등급4등급5등급6등급7등급8등급9등급변환점수2001981951901821701581460 ※ 탐구영역은 수능 백분위를 활용하여 본교에서 자체 산출한 변환표준점수를 적용하며, 제2외국어/한문영역은 반영하지 않음(수능 성적 발표 이후 본교 입학홈페이지에서 공지 예정 : https://iphak.kw.ac.kr) 2. 수능 활용영역 및 반영비율 || 수학영역 가산점탐구영역 가산점기하 또는 미적분 응시자과학탐구 응시자 수능【일반학생전형】 수능【기회균형전형】 수능【농어촌학생전형】 자연계열, 자율전공학부(자연) [정보융합학부, 스포츠융합과학과 제외] 3% 3% ※ 응시한 탐구영역 중 과학탐구영역에만 가산점을 부여함 □ 한국사 가산점 : 전형 총점(1,000점 기준)에 부여 등급1등급2등급3등급4등급5등급6등급7등급8등급9등급가산점101010109.89.69.49.29.0 4. 대학수학능력시험 총점 산출 방법 예시(가산점 미포함, 소수점 넷째자리에서 반올림) 가. 수능【일반학생전형】 화학공학과 지원자의 경우 구분국어 표준점수수학 표준점수영어 등급탐구 변환표준점수점수1161292등급6160반영비율20%35%20%25% ‣ 영어영역 변환점수 : 2등급 = 198 ‣ 탐구영역 변환표 ||  ‣ 수능 총점(1,000점 기준) : 200점 기준 점수 × 5 = 133.7 x 5 = 668.5 5. 대학수학능력시험 응시영역 및 선택과목전형명응시영역선택과목비 고 수능【일반학생전형】 수능【기회균형전형】 수능【농어촌학생전형】국어, 수학, 영어,탐구(사회/과학), 한국사국어 화법과작문, 언어와매체 중 택1 자연/인문전체 모집단위수학 확률과통계, 미적분, 기하 중 택1탐구 사회/과학탐구 17과목 중 택2 수능【일반학생전형- 스포츠융합과학과】 국어, 영어,탐구(사회/과학), 한국사국어 화법과작문, 언어와매체 중 택1 스포츠융합과학과탐구 사회/과학탐구 17과목 중 택2 수능【특성화고졸업자전형】국어, 수학, 영어,탐구(사회/과학/직업), 한국사국어 화법과작문, 언어와매체 중 택1 자연/인문전체 모집단위수학 확률과통계, 미적분,  || 능【농어촌학생전형】국어, 수학, 영어,탐구(사회/과학), 한국사국어 화법과작문, 언어와매체 중 택1 자연/인문전체 모집단위수학 확률과통계, 미적분, 기하 중 택1탐구 사회/과학탐구 17과목 중 택2 수능【일반학생전형- 스포츠융합과학과】 국어, 영어,탐구(사회/과학), 한국사국어 화법과작문, 언어와매체 중 택1 스포츠융합과학과탐구 사회/과학탐구 17과목 중 택2 수능【특성화고졸업자전형】국어, 수학, 영어,탐구(사회/과학/직업), 한국사국어 화법과작문, 언어와매체 중 택1 자연/인문전체 모집단위수학 확률과통계, 미적분, 기하 중 택1탐구 사회/과학탐구 17과목 중 택2 또는 직업탐구 6과목 중 택2 || 구 사회/과학탐구 17과목 중 택2 수능【일반학생전형- 스포츠융합과학과】 국어, 영어,탐구(사회/과학), 한국사국어 화법과작문, 언어와매체 중 택1 스포츠융합과학과탐구 사회/과학탐구 17과목 중 택2 수능【특성화고졸업자전형】국어, 수학, 영어,탐구(사회/과학/직업), 한국사국어 화법과작문, 언어와매체 중 택1 자연/인문전체 모집단위수학 확률과통계, 미적분, 기하 중 택1탐구 사회/과학탐구 17과목 중 택2 또는 직업탐구 6과목 중 택2",C:\Users\User\Desktop\업무\작업\21. 정시모집 관련\00. 소스(모집요강)\서울\2027_광운대_정시요강.pdf
17,공주대,확인 필요,,,C:\Users\User\Desktop\업무\작업\21. 정시모집 관련\00. 소스(모집요강)\충청호남\4. 충청권\2027_국립공주대_정시요강.pdf
18,국민대,가점,"15,16,23,24,46",- 15 - ※ 수능 ‘영어영역’ 반영 배점등급1등급2등급3등급4등급5등급6등급7등급8등급9등급배점100989590858075700※ 수능 ‘한국사’는 전형별 모집단위 수능 환산 총점에서 아래 등급별 배점표를 적용함등급1~4등급5등급6등급7등급8등급9등급점수0 -0.2-0.4-0.6-0.8-1.08. 선발기준가. 본교가 정한 지원 자격 미달자와 실기 또는 면접고사 결시자(가번호 추첨후 응시포기자 포함)는 불합격 처리됩니다.나. 체육대학 모집 단위별 실기고사 종목 중 어느 한 종목이라도 결시(응시포기 포함)한 경우에는 불합격 처리됩니다.다. 합격자의 미등록 등으로 결원이 발생하면 충원 합격자는 최초 합 ||  자유전공(B)① 대학수학능력시험 국어영역 환산성적 상위자 ② 대학수학능력시험 수학영역 환산성적 상위자 ③ 대학수학능력시험 탐구영역 환산성적 상위자 ④ 대학수학능력시험 영어영역 환산성적 상위자⑤ 대학수학능력시험 탐구영역 상위 1과목 표준 점수 상위자⑥ 대학수학능력시험 한국사 등급 상위자 ① 대학수학능력시험 수학영역 환산성적 상위자② 대학수학능력시험 국어영역 환산성적 상위자③ 대학수학능력시험 탐구영역 환산성적 상위자④ 대학수학능력시험 영어영역 환산성적 상위자⑤ 대학수학능력시험 탐구영역 상위 1과목 표준 점수 상위자⑥ 대학수학능력시험 한국사 등급 상위자공업디자인학과공간디자인학과① 대학수학능력시험 반영영역 환산 총점 상위자② 실기고사(기초조형평가) 성적 상위자③ 대학수학능력시험 국어영역 환산성적 상위자 ④ 대학수학능력시험 수학/탐 || 한국사 등급 상위자 ① 대학수학능력시험 수학영역 환산성적 상위자② 대학수학능력시험 국어영역 환산성적 상위자③ 대학수학능력시험 탐구영역 환산성적 상위자④ 대학수학능력시험 영어영역 환산성적 상위자⑤ 대학수학능력시험 탐구영역 상위 1과목 표준 점수 상위자⑥ 대학수학능력시험 한국사 등급 상위자공업디자인학과공간디자인학과① 대학수학능력시험 반영영역 환산 총점 상위자② 실기고사(기초조형평가) 성적 상위자③ 대학수학능력시험 국어영역 환산성적 상위자 ④ 대학수학능력시험 수학/탐구영역 중 환산성적 상위자⑤ 대학수학능력시험 영어영역 환산성적 상위자⑥ 대학수학능력시험 한국사 등급 상위자 ① 대학수학능력시험 반영영역 환산 총점 상위자② 실기고사(기초조형평가) 성적 상위자③ 대학수학능력시험 국어영역 환산성적 상위자 ④ 대학수학능력시험 수학/탐구영역  || 자공업디자인학과공간디자인학과① 대학수학능력시험 반영영역 환산 총점 상위자② 실기고사(기초조형평가) 성적 상위자③ 대학수학능력시험 국어영역 환산성적 상위자 ④ 대학수학능력시험 수학/탐구영역 중 환산성적 상위자⑤ 대학수학능력시험 영어영역 환산성적 상위자⑥ 대학수학능력시험 한국사 등급 상위자 ① 대학수학능력시험 반영영역 환산 총점 상위자② 실기고사(기초조형평가) 성적 상위자③ 대학수학능력시험 국어영역 환산성적 상위자 ④ 대학수학능력시험 수학/탐구영역 중 환산성적 상위자⑤ 대학수학능력시험 영어영역 환산성적 상위자⑥ 대학수학능력시험 한국사 등급 상위자 체육대학 / 스포츠산업경영학과스포츠교육학과① 대학수학능력시험 반영영역 환산 총점 상위자② 실기고사 성적 상위자③ 대학수학능력시험 국어영역 환산성적 상위자④ 대학수학능력시험 탐구영역 환산 || 력시험 한국사 등급 상위자 ① 대학수학능력시험 반영영역 환산 총점 상위자② 실기고사(기초조형평가) 성적 상위자③ 대학수학능력시험 국어영역 환산성적 상위자 ④ 대학수학능력시험 수학/탐구영역 중 환산성적 상위자⑤ 대학수학능력시험 영어영역 환산성적 상위자⑥ 대학수학능력시험 한국사 등급 상위자 체육대학 / 스포츠산업경영학과스포츠교육학과① 대학수학능력시험 반영영역 환산 총점 상위자② 실기고사 성적 상위자③ 대학수학능력시험 국어영역 환산성적 상위자④ 대학수학능력시험 탐구영역 환산성적 상위자⑤ 대학수학능력시험 영어영역 환산성적 상위자⑥ 대학수학능력시험 탐구영역 상위 1과목 표준 점수 상위자⑦ 대학수학능력시험 한국사 등급 상위자 ① 대학수학능력시험 반영영역 환산 총점 상위자② 실기고사 성적 상위자③ 대학수학능력시험 국어영역 환산성적 상위자 || 학능력시험 반영영역 환산 총점 상위자② 실기고사(기초조형평가) 성적 상위자③ 면접고사(사고력평가) 성적 상위자④ 대학수학능력시험 국어영역 환산성적 상위자 ⑤ 대학수학능력시험 수학/탐구영역 중 환산성적 상위자⑥ 대학수학능력시험 영어영역 환산성적 상위자⑦ 대학수학능력시험 한국사 등급 상위자 ① 대학수학능력시험 반영영역 환산 총점 상위자② 실기고사 성적 상위자③ 대학수학능력시험 영어영역 환산성적 상위자④ 대학수학능력시험 한국사 등급 상위자 피아노전공회화전공① 대학수학능력시험 반영영역 환산 총점 상위자② 실기고사 성적 상위자 ③ 대학수학능력시험 국어영역 환산성적 상위자④ 대학수학능력시험 영어영역 환산성적 상위자⑤ 대학수학능력시험 한국사 등급 상위자① 대학수학능력시험 반영영역 환산 총점 상위자② 실기고사 성적 상위자③ 대학수학능력시험 || 자 ⑤ 대학수학능력시험 수학/탐구영역 중 환산성적 상위자⑥ 대학수학능력시험 영어영역 환산성적 상위자⑦ 대학수학능력시험 한국사 등급 상위자 ① 대학수학능력시험 반영영역 환산 총점 상위자② 실기고사 성적 상위자③ 대학수학능력시험 영어영역 환산성적 상위자④ 대학수학능력시험 한국사 등급 상위자 피아노전공회화전공① 대학수학능력시험 반영영역 환산 총점 상위자② 실기고사 성적 상위자 ③ 대학수학능력시험 국어영역 환산성적 상위자④ 대학수학능력시험 영어영역 환산성적 상위자⑤ 대학수학능력시험 한국사 등급 상위자① 대학수학능력시험 반영영역 환산 총점 상위자② 실기고사 성적 상위자③ 대학수학능력시험 국어영역 환산성적 상위자④ 대학수학능력시험 수학/탐구영역 중 환산성적 상위자⑤ 대학수학능력시험 한국사 등급 상위자 9. 예・체능계 실기 및 면접고사  || 학수학능력시험 영어영역 환산성적 상위자④ 대학수학능력시험 한국사 등급 상위자 피아노전공회화전공① 대학수학능력시험 반영영역 환산 총점 상위자② 실기고사 성적 상위자 ③ 대학수학능력시험 국어영역 환산성적 상위자④ 대학수학능력시험 영어영역 환산성적 상위자⑤ 대학수학능력시험 한국사 등급 상위자① 대학수학능력시험 반영영역 환산 총점 상위자② 실기고사 성적 상위자③ 대학수학능력시험 국어영역 환산성적 상위자④ 대학수학능력시험 수학/탐구영역 중 환산성적 상위자⑤ 대학수학능력시험 한국사 등급 상위자 9. 예・체능계 실기 및 면접고사 내용 가. 조형대학 1) 실기고사모집 단위실기명출제 내용고사시간실기용지준비 도구배점 공업디자인학과 시각디자인학과 금속공예학과 도자공예학과 의상디자인학과 공간디자인학과 영상디자인학과 자동차・운송디자인학과 AI디자인,C:\Users\User\Desktop\업무\작업\21. 정시모집 관련\00. 소스(모집요강)\서울\2027_국민대_정시요강.pdf
19,단국대,감점,"29,30,31,49,50,51","기준’을 적용함 2) 서류 미비 및 미제출자, 지원자격 미달자, 수능 반영영역 미응시자, 대학별고사 신분 미확인자 및 결시자(부분결시자 포함), 부정행위자, 실기 기준성적 미달자(음악학부 국악전공)는 합격자 선발대상에서 제외함 3) 수능 수학(미적분/기하), 과탐 및 한국사 가산점으로 인해 입학성적 총점이 만점을 초과하였을 경우 초과점수를 포함한 입학성적 총점 순으로 선발함 4) 음악학부 관현악전공은 악기별로 인원을 구분하여 모집하되, 미충원 인원이 발생할 경우에는 동일 분야 내의 다른 악기에서 그 인원만큼을 입학성적 총점 순으로 선발함 <동일 분야 구분: 1분야(현악), 2분야(관악), 3분야(타악기)> 5) 음악학부 국악전공은 악기별로 인원을 구분하여 모집하되, 미충원 인원이 발생할 경우에는 동일 분야 내의 다른 악기에서 || 28 공통죽전캠퍼스천안캠퍼스전형료 및 환불기준기타안내 4. 대학수학능력시험 성적 반영방법 가. 수능 반영영역 및 반영비율 계열 모집단위 국어 수학 영어 탐구 / 한국사 백분위 점수의 가산점 부여확률과 통계 미적분/ 기하 사탐 과탐 한국사 인문 자연 퇴계혁신칼리지(광역) 30 30 20 20 등급별 가산점 반영 인문 퇴계혁신칼리지(사회계열광역) 30 30 20 20 인문 예능 경영경제대학, 국제경영학과 25 35 20 20 퇴계혁신칼리지(인문계열광역), 문과대학, 법과대학, 사회과학대학, 한문교육과, 특수교육과, 영화전공(이론·연출·스탭), 연극전공(연출) 35 25 20 20 자연 퇴계혁신칼리지(공학계열광역), 공과대학 || 28 공통죽전캠퍼스천안캠퍼스전형료 및 환불기준기타안내 4. 대학수학능력시험 성적 반영방법 가. 수능 반영영역 및 반영비율 계열 모집단위 국어 수학 영어 탐구 / 한국사 백분위 점수의 가산점 부여확률과 통계 미적분/ 기하 사탐 과탐 한국사 인문 자연 퇴계혁신칼리지(광역) 30 30 20 20 등급별 가산점 반영 인문 퇴계혁신칼리지(사회계열광역) 30 30 20 20 인문 예능 경영경제대학, 국제경영학과 25 35 20 20 퇴계혁신칼리지(인문계열광역), 문과대학, 법과대학, 사회과학대학, 한문교육과, 특수교육과, 영화전공(이론·연출·스탭), 연극전공(연출) 35 25 20 20 자연 퇴계혁신칼리지(공학계열광역), 공과대학(건축학전공 제외) 20 35 20 25 수학(미적분/기하) 5%, 과 || 예과, 디자인학부, 연극전공(연기), 뮤지컬전공(연기) 50 20 30 무용과, 음악학부 50 50 체육 체육교육과 40 10 20 30 수학(미적분/기하) 5%, 과탐 5% ※ 수능 활용지표 : 백분위, 영어는 등급별 환산점수 반영 ※ 모집단위별 반영영역(선택과목, 한국사 포함)은 모두 응시하여야 함 ※ 탐구영역 반영방법 : 2개 과목 평균 반영 ※ 공무원위탁생, 군위탁생은 서류(지원자격 심사) 100%로 선발함 [영어등급 환산점수(100점 기준)] 계열 등급 1 2 3 4 5 6 7 8 9 전 계열 100 98 95 85 70 40 15 5 0 [한국사등급 가산점(총점 1,000점 기준)] 계열 등급 1 2 3 4 5 6 7 8 9 전 계열 5 4 3 2 1 0 ||  응시하여야 함 ※ 탐구영역 반영방법 : 2개 과목 평균 반영 ※ 공무원위탁생, 군위탁생은 서류(지원자격 심사) 100%로 선발함 [영어등급 환산점수(100점 기준)] 계열 등급 1 2 3 4 5 6 7 8 9 전 계열 100 98 95 85 70 40 15 5 0 [한국사등급 가산점(총점 1,000점 기준)] 계열 등급 1 2 3 4 5 6 7 8 9 전 계열 5 4 3 2 1 0 ||  해당영역 백분위 점수 + (해당영역 백분위 점수 × 5 ) 100 2) 수능성적 반영점수 : 백분위 환산점수에 수능 반영비율 적용(소수점 셋째 자리에서 반올림) ▶ 수능성적 반영점수 = 백분위 환산 점수 × 수능 반영비율(%) 10 ※ 수학(미적분/기하), 과탐 및 한국사 가산점으로 입학성적 총점이 만점(1,000점)을 초과할 경우 초과점수를 포함한 입학성적 총점 순으로 선발함 다. 한국사등급 가산점 반영 : 전형요소별 반영점수를 합산한 총점에 가산 5. 학교폭력조치사항 반영방법(총점 1,000점 기준) 조치사항 1호 2호 3호 4호 5호 6호 7호 8호 9호 감점 감점없음 10점 감점 30점 감점 50점 감점 ※ 국외고 출신자 등 학교폭력 조치사항을 반영하기 어려운 경우는 제외될 수 있음 ※ 검정고시 출신자 및 국외고 출 || 영비율 적용(소수점 셋째 자리에서 반올림) ▶ 수능성적 반영점수 = 백분위 환산 점수 × 수능 반영비율(%) 10 ※ 수학(미적분/기하), 과탐 및 한국사 가산점으로 입학성적 총점이 만점(1,000점)을 초과할 경우 초과점수를 포함한 입학성적 총점 순으로 선발함 다. 한국사등급 가산점 반영 : 전형요소별 반영점수를 합산한 총점에 가산 5. 학교폭력조치사항 반영방법(총점 1,000점 기준) 조치사항 1호 2호 3호 4호 5호 6호 7호 8호 9호 감점 감점없음 10점 감점 30점 감점 50점 감점 ※ 국외고 출신자 등 학교폭력 조치사항을 반영하기 어려운 경우는 제외될 수 있음 ※ 검정고시 출신자 및 국외고 출신자 중 국내고교 재학 사실이 있는 경우 학교생활기록부를 추가 제출하여야 함 ※ 공무원위탁생, 군위탁생의 경우 학교생활기 ||  선발하며, 동점자 발생 시 ‘동점자 처리기준’ 을 적용함 2) 서류 미비 및 미제출자, 지원자격 미달자, 수능 반영영역 미응시자, 대학별고사 신분 미확인자 및 결시자(부분결시자 포함), 부정행위자는 합격자 선발대상에서 제외함 3) 수능 수학(미적분/기하), 과탐Ⅱ, 한국사 가산점으로 인해 입학성적 총점이 만점을 초과하였을 경우 초과점수를 포함한 입학성적 총점 순으로 선발함 4) 예술대학 뉴뮤직학부의 뮤직테크놀러지전공 모집인원은 고사종목별 입학성적 총점순으로 선발함 5) 해병대군사학과는 P/F항목(신체검사, 인성검사, 신원조회) 중 FAIL항목이 한 가지라도 있는 경우 사정대상에서 제외함 6) 합격자 중 미등록 또는 등록포기 인원이 발생할 경우 모집단위별 예비후보 순위에 따라 충원합격자를 선발하여 발표함 7) 모집요강에 명시",C:\Users\User\Desktop\업무\작업\21. 정시모집 관련\00. 소스(모집요강)\경기인천강원\2. 경기인천\2027_단국대_정시요강.pdf
20,단국대(천안),감점,"29,30,31,49,50,51","기준’을 적용함 2) 서류 미비 및 미제출자, 지원자격 미달자, 수능 반영영역 미응시자, 대학별고사 신분 미확인자 및 결시자(부분결시자 포함), 부정행위자, 실기 기준성적 미달자(음악학부 국악전공)는 합격자 선발대상에서 제외함 3) 수능 수학(미적분/기하), 과탐 및 한국사 가산점으로 인해 입학성적 총점이 만점을 초과하였을 경우 초과점수를 포함한 입학성적 총점 순으로 선발함 4) 음악학부 관현악전공은 악기별로 인원을 구분하여 모집하되, 미충원 인원이 발생할 경우에는 동일 분야 내의 다른 악기에서 그 인원만큼을 입학성적 총점 순으로 선발함 <동일 분야 구분: 1분야(현악), 2분야(관악), 3분야(타악기)> 5) 음악학부 국악전공은 악기별로 인원을 구분하여 모집하되, 미충원 인원이 발생할 경우에는 동일 분야 내의 다른 악기에서 || 28 공통죽전캠퍼스천안캠퍼스전형료 및 환불기준기타안내 4. 대학수학능력시험 성적 반영방법 가. 수능 반영영역 및 반영비율 계열 모집단위 국어 수학 영어 탐구 / 한국사 백분위 점수의 가산점 부여확률과 통계 미적분/ 기하 사탐 과탐 한국사 인문 자연 퇴계혁신칼리지(광역) 30 30 20 20 등급별 가산점 반영 인문 퇴계혁신칼리지(사회계열광역) 30 30 20 20 인문 예능 경영경제대학, 국제경영학과 25 35 20 20 퇴계혁신칼리지(인문계열광역), 문과대학, 법과대학, 사회과학대학, 한문교육과, 특수교육과, 영화전공(이론·연출·스탭), 연극전공(연출) 35 25 20 20 자연 퇴계혁신칼리지(공학계열광역), 공과대학 || 28 공통죽전캠퍼스천안캠퍼스전형료 및 환불기준기타안내 4. 대학수학능력시험 성적 반영방법 가. 수능 반영영역 및 반영비율 계열 모집단위 국어 수학 영어 탐구 / 한국사 백분위 점수의 가산점 부여확률과 통계 미적분/ 기하 사탐 과탐 한국사 인문 자연 퇴계혁신칼리지(광역) 30 30 20 20 등급별 가산점 반영 인문 퇴계혁신칼리지(사회계열광역) 30 30 20 20 인문 예능 경영경제대학, 국제경영학과 25 35 20 20 퇴계혁신칼리지(인문계열광역), 문과대학, 법과대학, 사회과학대학, 한문교육과, 특수교육과, 영화전공(이론·연출·스탭), 연극전공(연출) 35 25 20 20 자연 퇴계혁신칼리지(공학계열광역), 공과대학(건축학전공 제외) 20 35 20 25 수학(미적분/기하) 5%, 과 || 예과, 디자인학부, 연극전공(연기), 뮤지컬전공(연기) 50 20 30 무용과, 음악학부 50 50 체육 체육교육과 40 10 20 30 수학(미적분/기하) 5%, 과탐 5% ※ 수능 활용지표 : 백분위, 영어는 등급별 환산점수 반영 ※ 모집단위별 반영영역(선택과목, 한국사 포함)은 모두 응시하여야 함 ※ 탐구영역 반영방법 : 2개 과목 평균 반영 ※ 공무원위탁생, 군위탁생은 서류(지원자격 심사) 100%로 선발함 [영어등급 환산점수(100점 기준)] 계열 등급 1 2 3 4 5 6 7 8 9 전 계열 100 98 95 85 70 40 15 5 0 [한국사등급 가산점(총점 1,000점 기준)] 계열 등급 1 2 3 4 5 6 7 8 9 전 계열 5 4 3 2 1 0 ||  응시하여야 함 ※ 탐구영역 반영방법 : 2개 과목 평균 반영 ※ 공무원위탁생, 군위탁생은 서류(지원자격 심사) 100%로 선발함 [영어등급 환산점수(100점 기준)] 계열 등급 1 2 3 4 5 6 7 8 9 전 계열 100 98 95 85 70 40 15 5 0 [한국사등급 가산점(총점 1,000점 기준)] 계열 등급 1 2 3 4 5 6 7 8 9 전 계열 5 4 3 2 1 0 ||  해당영역 백분위 점수 + (해당영역 백분위 점수 × 5 ) 100 2) 수능성적 반영점수 : 백분위 환산점수에 수능 반영비율 적용(소수점 셋째 자리에서 반올림) ▶ 수능성적 반영점수 = 백분위 환산 점수 × 수능 반영비율(%) 10 ※ 수학(미적분/기하), 과탐 및 한국사 가산점으로 입학성적 총점이 만점(1,000점)을 초과할 경우 초과점수를 포함한 입학성적 총점 순으로 선발함 다. 한국사등급 가산점 반영 : 전형요소별 반영점수를 합산한 총점에 가산 5. 학교폭력조치사항 반영방법(총점 1,000점 기준) 조치사항 1호 2호 3호 4호 5호 6호 7호 8호 9호 감점 감점없음 10점 감점 30점 감점 50점 감점 ※ 국외고 출신자 등 학교폭력 조치사항을 반영하기 어려운 경우는 제외될 수 있음 ※ 검정고시 출신자 및 국외고 출 || 영비율 적용(소수점 셋째 자리에서 반올림) ▶ 수능성적 반영점수 = 백분위 환산 점수 × 수능 반영비율(%) 10 ※ 수학(미적분/기하), 과탐 및 한국사 가산점으로 입학성적 총점이 만점(1,000점)을 초과할 경우 초과점수를 포함한 입학성적 총점 순으로 선발함 다. 한국사등급 가산점 반영 : 전형요소별 반영점수를 합산한 총점에 가산 5. 학교폭력조치사항 반영방법(총점 1,000점 기준) 조치사항 1호 2호 3호 4호 5호 6호 7호 8호 9호 감점 감점없음 10점 감점 30점 감점 50점 감점 ※ 국외고 출신자 등 학교폭력 조치사항을 반영하기 어려운 경우는 제외될 수 있음 ※ 검정고시 출신자 및 국외고 출신자 중 국내고교 재학 사실이 있는 경우 학교생활기록부를 추가 제출하여야 함 ※ 공무원위탁생, 군위탁생의 경우 학교생활기 ||  선발하며, 동점자 발생 시 ‘동점자 처리기준’ 을 적용함 2) 서류 미비 및 미제출자, 지원자격 미달자, 수능 반영영역 미응시자, 대학별고사 신분 미확인자 및 결시자(부분결시자 포함), 부정행위자는 합격자 선발대상에서 제외함 3) 수능 수학(미적분/기하), 과탐Ⅱ, 한국사 가산점으로 인해 입학성적 총점이 만점을 초과하였을 경우 초과점수를 포함한 입학성적 총점 순으로 선발함 4) 예술대학 뉴뮤직학부의 뮤직테크놀러지전공 모집인원은 고사종목별 입학성적 총점순으로 선발함 5) 해병대군사학과는 P/F항목(신체검사, 인성검사, 신원조회) 중 FAIL항목이 한 가지라도 있는 경우 사정대상에서 제외함 6) 합격자 중 미등록 또는 등록포기 인원이 발생할 경우 모집단위별 예비후보 순위에 따라 충원합격자를 선발하여 발표함 7) 모집요강에 명시",C:\Users\User\Desktop\업무\작업\21. 정시모집 관련\00. 소스(모집요강)\충청호남\4. 충청권\2027_단국대(천)_정시요강.pdf
21,대진대,확인 필요,,,C:\Users\User\Desktop\업무\작업\21. 정시모집 관련\00. 소스(모집요강)\경기인천강원\2. 경기인천\2027_대진대_정시요강.hwp
22,덕성여대,가점,"6,7","정시모집 또는 추가모집으로 이월될 경우, 수능우수전형 Ⅰ 과 동일한 방법으로 선발하며 탐구영역에 사회탐구/과학탐구/직업탐구 반영 □ 영어영역 등급별 반영 점수표 등급 1 2 3 4 5 6 7 8 9 등급별 반영 점수 100 98 96 80 70 60 50 40 0 □ 한국사영역 반영방법: 등급별 가산점 부여 ● 한국사영역 등급별 가산점 점수표 모집군 등급 전형유형 1 2 3 4 5 6 7 8 9 「가」 · 「나」군 수 능 우 수 전 형Ⅰ 10.0 9.0 8.0 7.0 6.0 0 「나」군 미술실기전형 2.0 1.8 1.6 1.4 1.2 0 체육실기전형 4.0 3.6 3.2 2.8 2.4 0 「다」군 수능우 수 전형Ⅱ 9.0 8.1 7.2 6.3 5.4 0 ※ [한국사영역 등급별 가산점 점수표]에 따라 전형별 수능반영 점수에 가 || 우수전형 Ⅰ 과 동일한 방법으로 선발하며 탐구영역에 사회탐구/과학탐구/직업탐구 반영 □ 영어영역 등급별 반영 점수표 등급 1 2 3 4 5 6 7 8 9 등급별 반영 점수 100 98 96 80 70 60 50 40 0 □ 한국사영역 반영방법: 등급별 가산점 부여 ● 한국사영역 등급별 가산점 점수표 모집군 등급 전형유형 1 2 3 4 5 6 7 8 9 「가」 · 「나」군 수 능 우 수 전 형Ⅰ 10.0 9.0 8.0 7.0 6.0 0 「나」군 미술실기전형 2.0 1.8 1.6 1.4 1.2 0 체육실기전형 4.0 3.6 3.2 2.8 2.4 0 「다」군 수능우 수 전형Ⅱ 9.0 8.1 7.2 6.3 5.4 0 ※ [한국사영역 등급별 가산점 점수표]에 따라 전형별 수능반영 점수에 가산합니다. 04 DUKSUNG WOMEN’S  || 「가」 · 「나」군 수 능 우 수 전 형Ⅰ 10.0 9.0 8.0 7.0 6.0 0 「나」군 미술실기전형 2.0 1.8 1.6 1.4 1.2 0 체육실기전형 4.0 3.6 3.2 2.8 2.4 0 「다」군 수능우 수 전형Ⅱ 9.0 8.1 7.2 6.3 5.4 0 ※ [한국사영역 등급별 가산점 점수표]에 따라 전형별 수능반영 점수에 가산합니다. 04 DUKSUNG WOMEN’S UNIVERSITY || 대학수학능력시험성적반영방법:백분위활용 ● 성적 산출식: ∑(대학수학능력시험 성적 반영영역별 백분위 × 반영비율) × 수능만점 점수* ÷ 100 + 한국사영역 가산점 전형별수능점수환산총점 모집군 전형유형 수능만점* 한국사 등급 수능성적 환산방법 환산 총점 「가」 · 「나」군 수 능 우 수 전 형Ⅰ 1,000점 1등급 1,000점(수능) + 10점(한국사) 1,010점 「나」군 미술실기전형 200점 1등급 200점(수능) + 2점(한국사) 202점 체육실기전형 400점 1등급 400점(수능) + 4점(한국사) 404점 「다」군 수능우 수 전형Ⅱ 900점 1등급 900점(수능) + 9점(한국사) 909점  || 대학수학능력시험성적반영방법:백분위활용 ● 성적 산출식: ∑(대학수학능력시험 성적 반영영역별 백분위 × 반영비율) × 수능만점 점수* ÷ 100 + 한국사영역 가산점 전형별수능점수환산총점 모집군 전형유형 수능만점* 한국사 등급 수능성적 환산방법 환산 총점 「가」 · 「나」군 수 능 우 수 전 형Ⅰ 1,000점 1등급 1,000점(수능) + 10점(한국사) 1,010점 「나」군 미술실기전형 200점 1등급 200점(수능) + 2점(한국사) 202점 체육실기전형 400점 1등급 400점(수능) + 4점(한국사) 404점 「다」군 수능우 수 전형Ⅱ 900점 1등급 900점(수능) + 9점(한국사) 909점 학교생활기록부교과성적반영방법(「다」군-수능우수전형Ⅱ) ● 교과성적 || 영역별 백분위 × 반영비율) × 수능만점 점수* ÷ 100 + 한국사영역 가산점 전형별수능점수환산총점 모집군 전형유형 수능만점* 한국사 등급 수능성적 환산방법 환산 총점 「가」 · 「나」군 수 능 우 수 전 형Ⅰ 1,000점 1등급 1,000점(수능) + 10점(한국사) 1,010점 「나」군 미술실기전형 200점 1등급 200점(수능) + 2점(한국사) 202점 체육실기전형 400점 1등급 400점(수능) + 4점(한국사) 404점 「다」군 수능우 수 전형Ⅱ 900점 1등급 900점(수능) + 9점(한국사) 909점 학교생활기록부교과성적반영방법(「다」군-수능우수전형Ⅱ) ● 교과성적 반영방법: 수시모집 학교생활기록부 교과성적 반영방법과 동일함(모집요강 p. 25~27 참고) ● 학교생활기록부 등급점수 환산표 - 공 || 별수능점수환산총점 모집군 전형유형 수능만점* 한국사 등급 수능성적 환산방법 환산 총점 「가」 · 「나」군 수 능 우 수 전 형Ⅰ 1,000점 1등급 1,000점(수능) + 10점(한국사) 1,010점 「나」군 미술실기전형 200점 1등급 200점(수능) + 2점(한국사) 202점 체육실기전형 400점 1등급 400점(수능) + 4점(한국사) 404점 「다」군 수능우 수 전형Ⅱ 900점 1등급 900점(수능) + 9점(한국사) 909점 학교생활기록부교과성적반영방법(「다」군-수능우수전형Ⅱ) ● 교과성적 반영방법: 수시모집 학교생활기록부 교과성적 반영방법과 동일함(모집요강 p. 25~27 참고) ● 학교생활기록부 등급점수 환산표 - 공통 및 일반선택 석차등급 1 2 3 4 5 6 7 8 9 등급 1 2 3 4 5 등급 || 환산방법 환산 총점 「가」 · 「나」군 수 능 우 수 전 형Ⅰ 1,000점 1등급 1,000점(수능) + 10점(한국사) 1,010점 「나」군 미술실기전형 200점 1등급 200점(수능) + 2점(한국사) 202점 체육실기전형 400점 1등급 400점(수능) + 4점(한국사) 404점 「다」군 수능우 수 전형Ⅱ 900점 1등급 900점(수능) + 9점(한국사) 909점 학교생활기록부교과성적반영방법(「다」군-수능우수전형Ⅱ) ● 교과성적 반영방법: 수시모집 학교생활기록부 교과성적 반영방법과 동일함(모집요강 p. 25~27 참고) ● 학교생활기록부 등급점수 환산표 - 공통 및 일반선택 석차등급 1 2 3 4 5 6 7 8 9 등급 1 2 3 4 5 등급점수 100 98 94 80 0 - 진로선택 성취도등급 A B C 등급점",C:\Users\User\Desktop\업무\작업\21. 정시모집 관련\00. 소스(모집요강)\서울\2027_덕성여대_정시요강.pdf
23,동국대,감점,"19,25,29,31,38,39,40,41","%900점0점90%학생부평가※10%100점0점10%(특별전형) 인문계열 / 자연계열수능100%1,000점0점100%※ 다군 일반전형 학생부평가에 관한 사항은 43쪽 「학생부평가 반영방법」 참조□4 평가방법 ○ 대학수학능력시험 성적 반영영역 및 반영비율구분국어수학영어탐구한국사제2외국어/한문사회과학직업인문계열 / 체육교육과 / 영화영상학과35%25%15%25%-등급별감점미반영(대체 없음)자연계열 / 컴퓨터․AI학부(인문)25%35%15%25%-조소전공45%-15%40%※ 대학수학능력시험 성적 반영 및 산출 방법(가산점 부여 방식 포함)에 대한 자세한 사항은 38쪽 참조 ○ [가군]체육교육과 실기고사 ▮ 종목별 반영비율 및 배점종목반영비율반영점수최고점수기본점수배근력 검사25%100점 0점앉아 윗몸 앞으로 굽히기25%100점 0점제 || 부·모 관련 자격기준은 해당사항 없습니다.□3 전형방법구분전형요소반영비율최고/기본점수최고점수기본점수실질반영비율가군/나군/다군인문계열 / 자연계열 / 영화영상학과수능100%1,000점0점100%□4 평가방법 ○ 대학수학능력시험 성적 반영영역 및 반영비율구분국어수학영어탐구한국사제2외국어/한문사회과학직업인문계열 / 영화영상학과35%25%15%25%-등급별감점미반영(대체 없음)자연계열25%35%15%25%-※ 대학수학능력시험 성적 반영 및 산출 방법(가산점 부여 방식 포함)에 대한 자세한 사항은 38쪽 참조 || 대학교 정시모집요강29 특성화고교졸업자(가군/나군/다군)□3 전형방법 구분전형요소반영비율최고/기본점수최고점수기본점수실질반영비율가군/나군/다군인문계열 / 자연계열수능100%1,000점0점100%□4 평가방법 ○ 대학수학능력시험 성적 반영영역 및 반영비율구분국어수학영어탐구한국사제2외국어/한문사회과학직업인문계열35%25%15%25%등급별감점미반영(대체 없음)자연계열25%35%15%25%※ 특성화고교졸업자전형은 인문 및 자연계열 모집단위에서 탐구영역에 직업탐구 포함※ 대학수학능력시험 성적 반영 및 산출 방법(가산점 부여 방식 포함)에 대한 자세한 사항은 38쪽 참조□5 제출서류 ○ 공통서류제출서류세부사항입학원서▮ 제출서류가 있는 경우, 원서접수 후 출력하여 제출고등학교학교생활기록부학생부 온라인 제공자▮ 별도 제출 필요 없음학생부 온 || 정시모집요강31 기초생활수급자및차상위계층(가군/나군/다군)□3 전형방법구분전형요소반영비율최고/기본점수최고점수기본점수실질반영비율가군/나군/다군인문계열 / 자연계열수능100%1,000점0점100%□4 평가방법 ○ 대학수학능력시험 성적 반영영역 및 반영비율구분국어수학영어탐구한국사제2외국어/한문사회과학직업인문계열35%25%15%25%-등급별감점미반영(대체 없음)자연계열25%35%15%25%-※ 대학수학능력시험 성적 반영 및 산출 방법(가산점 부여 방식 포함)에 대한 자세한 사항은 38쪽 참조□5 제출서류 ○ 공통서류구분제출서류세부사항공통입학원서▮ 원서접수 후 출력하여 함께 제출국내고교졸업(예정)자학생부 온라인 제공자고등학교학교생활기록부▮ 별도 제출 필요 없음학생부 온라인 제공 비동의자 및 불가능한 자 ▮ 학교장 직인이 날인된 학교생 || 38 DONGGUK UNIVERSITY 대학수학능력시험 성적 반영 및 산출방법□1 수능 반영영역 및 반영비율 구분국어수학영어탐구한국사제2외국어/한문사회과학직업인문계열 / 체육교육과 / 영화영상학과35%25%15%25%-등급별감점미반영(대체없음)자연계열 / 컴퓨터․AI학부(인문)25%35%15%25%-조소전공45%-15%40%※ 대학이 요구하는 2027학년도 대학수학능력시험 반영 영역에 모두 응시하고 성적을 취득한 학생만 지원 가능※ 특성화고교졸업자전형은 인문 및 자연계열 모집단위에서 탐구영역에 직업탐구 포함□2 수능 응시영역별 선택과목 및 가산점 적용 과목구분 영역별 선택과목국어(택1) || 형①수학과, 통계학과,산업시스템공학과○○○ ○○×유형②화학과, 융합환경과학과, 생명과학과, 가정교육과○○○○○○ ×유형③[아래 별도 표기] ○○○ ○ ×컴퓨터․AI학부(인문) ○○○○○ ○×예체능계열체육교육과/영화영상학과○○○○○○○×조소전공○○---○○○※ 영어 및 한국사영역은 필수 응시하여야 함※ 사회탐구와 과학탐구 영역에서 각각 1과목씩 선택하는 것도 가능(자세한 사항은 40쪽 예시 참조)※ “제2외국어/한문”의 탐구영역 대체 없음※ 자연계열 유형③ 대상 모집단위 물리학과, 바이오시스템대학(단과대학 모집), 식품바이오융합공학과, 의생명공학과, 전자전기공학부, 정보통신공학과, 건설환경공학과, 화공생물공학과, 기계로봇에너지공학과, 건축공학부, 에너지신소재공학과, 컴퓨터․AI학부(자연), 시스템반도체학부, 의료인공지능공학과, || 로 지정된 반영영역의 성적이 모두 존재(탐구영역 2과목 포함)하여야 함 ○ 계열 및 모집단위별로 지정한 반영영역의 표준점수, 등급 및 백분위를 다음의 방법으로 반영영역 반영방법국어 / 수학 수능 표준점수탐구 수능 백분위 활용 변환표준점수영어 수능 등급 활용 환산표준점수한국사수능 등급 활용 감점점수 ○ 탐구영역 반영방법 ▮ 탐구영역은 2과목의 백분위에 대하여 각 과목별 우리 대학이 정한 변환표준점수로 환산하여 반영 ▮ 변환표준점수는 대학수학능력시험 성적 발표 후 우리 대학 입학처 홈페이지에 확정 공지 예정 ○ 영어 등급별 환산표준점수표등급1등급2등급3등급4등급5등급6등급7등급8등급9등급환산표준점수200점199점197점190점180점140점90점20점0점 ○ 한국사영역 등급별 감점점수표등급1등급2등급3등급4등급5등급6등급7등급8 || 점수로 환산하여 반영 ▮ 변환표준점수는 대학수학능력시험 성적 발표 후 우리 대학 입학처 홈페이지에 확정 공지 예정 ○ 영어 등급별 환산표준점수표등급1등급2등급3등급4등급5등급6등급7등급8등급9등급환산표준점수200점199점197점190점180점140점90점20점0점 ○ 한국사영역 등급별 감점점수표등급1등급2등급3등급4등급5등급6등급7등급8등급9등급감점점수0점 -2점-4점-6점-8점-10점※ 위 감점점수는 모집단위별 수능성적 반영비율을 적용하여 총점에 반영함□4 모집단위별 가산점 적용 방법구분적용 영역적용 대상적용 방법자연계열유형①수학미적분, 기하 과목 응시자표준점수 3% 가산유형②과학탐구과학탐구 응시자과목별 변환표준점수 3% 가산유형③수학 및 과학탐구미적분, 기하 과목 응시자표준점수 3% 가산과학탐구 응시자과목별 변환표준점수 ",C:\Users\User\Desktop\업무\작업\21. 정시모집 관련\00. 소스(모집요강)\서울\2027_동국대_정시요강.pdf
24,동국대(WISE),감점,"19,25,29,31,38,39,40,41","%900점0점90%학생부평가※10%100점0점10%(특별전형) 인문계열 / 자연계열수능100%1,000점0점100%※ 다군 일반전형 학생부평가에 관한 사항은 43쪽 「학생부평가 반영방법」 참조□4 평가방법 ○ 대학수학능력시험 성적 반영영역 및 반영비율구분국어수학영어탐구한국사제2외국어/한문사회과학직업인문계열 / 체육교육과 / 영화영상학과35%25%15%25%-등급별감점미반영(대체 없음)자연계열 / 컴퓨터․AI학부(인문)25%35%15%25%-조소전공45%-15%40%※ 대학수학능력시험 성적 반영 및 산출 방법(가산점 부여 방식 포함)에 대한 자세한 사항은 38쪽 참조 ○ [가군]체육교육과 실기고사 ▮ 종목별 반영비율 및 배점종목반영비율반영점수최고점수기본점수배근력 검사25%100점 0점앉아 윗몸 앞으로 굽히기25%100점 0점제 || 부·모 관련 자격기준은 해당사항 없습니다.□3 전형방법구분전형요소반영비율최고/기본점수최고점수기본점수실질반영비율가군/나군/다군인문계열 / 자연계열 / 영화영상학과수능100%1,000점0점100%□4 평가방법 ○ 대학수학능력시험 성적 반영영역 및 반영비율구분국어수학영어탐구한국사제2외국어/한문사회과학직업인문계열 / 영화영상학과35%25%15%25%-등급별감점미반영(대체 없음)자연계열25%35%15%25%-※ 대학수학능력시험 성적 반영 및 산출 방법(가산점 부여 방식 포함)에 대한 자세한 사항은 38쪽 참조 || 대학교 정시모집요강29 특성화고교졸업자(가군/나군/다군)□3 전형방법 구분전형요소반영비율최고/기본점수최고점수기본점수실질반영비율가군/나군/다군인문계열 / 자연계열수능100%1,000점0점100%□4 평가방법 ○ 대학수학능력시험 성적 반영영역 및 반영비율구분국어수학영어탐구한국사제2외국어/한문사회과학직업인문계열35%25%15%25%등급별감점미반영(대체 없음)자연계열25%35%15%25%※ 특성화고교졸업자전형은 인문 및 자연계열 모집단위에서 탐구영역에 직업탐구 포함※ 대학수학능력시험 성적 반영 및 산출 방법(가산점 부여 방식 포함)에 대한 자세한 사항은 38쪽 참조□5 제출서류 ○ 공통서류제출서류세부사항입학원서▮ 제출서류가 있는 경우, 원서접수 후 출력하여 제출고등학교학교생활기록부학생부 온라인 제공자▮ 별도 제출 필요 없음학생부 온 || 정시모집요강31 기초생활수급자및차상위계층(가군/나군/다군)□3 전형방법구분전형요소반영비율최고/기본점수최고점수기본점수실질반영비율가군/나군/다군인문계열 / 자연계열수능100%1,000점0점100%□4 평가방법 ○ 대학수학능력시험 성적 반영영역 및 반영비율구분국어수학영어탐구한국사제2외국어/한문사회과학직업인문계열35%25%15%25%-등급별감점미반영(대체 없음)자연계열25%35%15%25%-※ 대학수학능력시험 성적 반영 및 산출 방법(가산점 부여 방식 포함)에 대한 자세한 사항은 38쪽 참조□5 제출서류 ○ 공통서류구분제출서류세부사항공통입학원서▮ 원서접수 후 출력하여 함께 제출국내고교졸업(예정)자학생부 온라인 제공자고등학교학교생활기록부▮ 별도 제출 필요 없음학생부 온라인 제공 비동의자 및 불가능한 자 ▮ 학교장 직인이 날인된 학교생 || 38 DONGGUK UNIVERSITY 대학수학능력시험 성적 반영 및 산출방법□1 수능 반영영역 및 반영비율 구분국어수학영어탐구한국사제2외국어/한문사회과학직업인문계열 / 체육교육과 / 영화영상학과35%25%15%25%-등급별감점미반영(대체없음)자연계열 / 컴퓨터․AI학부(인문)25%35%15%25%-조소전공45%-15%40%※ 대학이 요구하는 2027학년도 대학수학능력시험 반영 영역에 모두 응시하고 성적을 취득한 학생만 지원 가능※ 특성화고교졸업자전형은 인문 및 자연계열 모집단위에서 탐구영역에 직업탐구 포함□2 수능 응시영역별 선택과목 및 가산점 적용 과목구분 영역별 선택과목국어(택1) || 형①수학과, 통계학과,산업시스템공학과○○○ ○○×유형②화학과, 융합환경과학과, 생명과학과, 가정교육과○○○○○○ ×유형③[아래 별도 표기] ○○○ ○ ×컴퓨터․AI학부(인문) ○○○○○ ○×예체능계열체육교육과/영화영상학과○○○○○○○×조소전공○○---○○○※ 영어 및 한국사영역은 필수 응시하여야 함※ 사회탐구와 과학탐구 영역에서 각각 1과목씩 선택하는 것도 가능(자세한 사항은 40쪽 예시 참조)※ “제2외국어/한문”의 탐구영역 대체 없음※ 자연계열 유형③ 대상 모집단위 물리학과, 바이오시스템대학(단과대학 모집), 식품바이오융합공학과, 의생명공학과, 전자전기공학부, 정보통신공학과, 건설환경공학과, 화공생물공학과, 기계로봇에너지공학과, 건축공학부, 에너지신소재공학과, 컴퓨터․AI학부(자연), 시스템반도체학부, 의료인공지능공학과, || 로 지정된 반영영역의 성적이 모두 존재(탐구영역 2과목 포함)하여야 함 ○ 계열 및 모집단위별로 지정한 반영영역의 표준점수, 등급 및 백분위를 다음의 방법으로 반영영역 반영방법국어 / 수학 수능 표준점수탐구 수능 백분위 활용 변환표준점수영어 수능 등급 활용 환산표준점수한국사수능 등급 활용 감점점수 ○ 탐구영역 반영방법 ▮ 탐구영역은 2과목의 백분위에 대하여 각 과목별 우리 대학이 정한 변환표준점수로 환산하여 반영 ▮ 변환표준점수는 대학수학능력시험 성적 발표 후 우리 대학 입학처 홈페이지에 확정 공지 예정 ○ 영어 등급별 환산표준점수표등급1등급2등급3등급4등급5등급6등급7등급8등급9등급환산표준점수200점199점197점190점180점140점90점20점0점 ○ 한국사영역 등급별 감점점수표등급1등급2등급3등급4등급5등급6등급7등급8 || 점수로 환산하여 반영 ▮ 변환표준점수는 대학수학능력시험 성적 발표 후 우리 대학 입학처 홈페이지에 확정 공지 예정 ○ 영어 등급별 환산표준점수표등급1등급2등급3등급4등급5등급6등급7등급8등급9등급환산표준점수200점199점197점190점180점140점90점20점0점 ○ 한국사영역 등급별 감점점수표등급1등급2등급3등급4등급5등급6등급7등급8등급9등급감점점수0점 -2점-4점-6점-8점-10점※ 위 감점점수는 모집단위별 수능성적 반영비율을 적용하여 총점에 반영함□4 모집단위별 가산점 적용 방법구분적용 영역적용 대상적용 방법자연계열유형①수학미적분, 기하 과목 응시자표준점수 3% 가산유형②과학탐구과학탐구 응시자과목별 변환표준점수 3% 가산유형③수학 및 과학탐구미적분, 기하 과목 응시자표준점수 3% 가산과학탐구 응시자과목별 변환표준점수 ",C:\Users\User\Desktop\업무\작업\21. 정시모집 관련\00. 소스(모집요강)\서울\2027_동국대_정시요강.pdf
25,동덕여대,감점,"25,26","전형: 사회/과학/직업탐구영역 응시과목 중 1과목 반영※ 2개 영역(과목) 중 1개 영역(과목)을 반영하는 경우 백분위 성적 우수 영역(과목)을 반영함※ 탐구영역 2과목 반영의 경우 2과목의 백분위 점수 평균을 반영함※ 대학수학능력시험 성적을 반영하는 전형의 지원자는 한국사영역을 반드시 응시해야 하며, 취득 등급에 따라 가산점을 부여함(다음 페이지 ‘가산점’ 참조)※ 반영영역 중 1개 영역이라도 미응시할 경우 지원자격 부적격자로 불합격 처리됨[예시1] 수능 [국어, 영어, 탐구(사회 1과목 응시)] 응시자(수학영역을 응시하지 않은 경우) ▷ 체육학전공, 실용음악전공 지원 가능 | ▷ 자율전공학부, 앙트러프러너십전공 지원 불가능[예시2] 수능 [국어, 수학, 영어] 응시자(탐구영역을 응시하지 않은 경우) ▷ 실기우수자전형 포함 ||  × 영역 반영비율2) 수능성적 활용 지표 및 반영방법(영어영역)구 분 활용지표반영방법영어영역등급등급별 본교 반영점수 × 영역 반영비율등급123456789반영점수100점99점96점85점70점55점40점20점0점3. 수능영역별 가산점 부여방법○ 가산점: 전체 모집단위- 한국사 1~4등급까지는 전형총점(1,000점)과 별도로 가산점 3점, 5등급부터는 0.5점씩 차감하여 부여함등급123456789가산점3 2.521.510.5 Ⅵ.학교폭력 조치사항 반영방법1. 대상전형 및 모집단위: 전체 전형 및 전체 모집단위2. 학교폭력 조치사항 기재 항목에 따른 반영방법 가. 학교생활기록부 학교폭력 기재사항이 있을 시 각 호수에 따라 평가 총점에서 아래의 표와 같이 감점 반영 후 최종성적 도출함학교폭력 조치사항감점1호 피해학생에 대한 서면사과",C:\Users\User\Desktop\업무\작업\21. 정시모집 관련\00. 소스(모집요강)\서울\2027_동덕여대_정시요강.pdf
26,동양대,가점,"3,14,18","모집인원은 변경될 수 있습니다. 전형요소별 반영비율전형명 반영비율수능학생부실기수능위주수능특성화고교졸업자(정원외)농어촌학생(정원외)사회적배려자(정원외) 100%학생부위주(교과) 일반Ⅰ 100%실기/실적위주실기30% 70%대학수학능력시험 성적 반영방법영역별 반영비율활용지표한국사지정 과목국어수학영어탐구우수 2개 70%우수 1개 30%백분위가산점 부여없음학교생활기록부 성적 반영 방법반영교과활용지표진로선택과목학년별 반영비율요소별 반영비율국어, 수학, 영어, 과학, 사회(역사/도덕 포함) 교과 중 우수 15개 과목석차등급A1학년별, 교과별 가중치 없이 3학년2학기까지 성적을 100% 반영함교과90% + 출결10%B2C3 || 자 및 비대상 고교)검정고시 합격자검정고시 합격증명서 및 성적증명서 (온라인 제공 비동의자 및 비대상)외국고교 졸업자고교 성적증명서 및 졸업증명서 (아포스티유 인증 또는 영사 확인, 한글번역본 공증 필수) 동점자 처리기준구분 기준전체학부(과) ①실기점수 ②수능환산총점(한국사 가산점 포함) ③수능 국어, 수학, 영어 중 우수2개 영역 백분위 평균 실기고사 : 대면 평가 실시1. 실기고사 불참자 및 대리응시자는 불합격 처리합니다.2. 실기고사는 지원자 수에 따라 일정이 변경될 수 있습니다.3. 전자기기, 휴대폰 등은 반입이 불가합니다. (위반 시 퇴실 및 불합격 처리)4. 수험표는 실기고사 당일 배부하므로 신분증을 반드시 지참해야 합니다.※ 신분증 인정 범위 : 주민등록증, 운전면허증, 기간이 만료되지 않은 여권, 주민센터에서  || - 16 - Ⅵ. 성적 반영 방법대학수학능력시험 성적 반영 방법활용 요소 영역별 반영비율활용지표한국사지정 과목국어수학영어탐구우수 2개 평균 70%우수 1개 30%백분위가산점 부여없음※ 수능 미응시 과목의 백분위는 0점으로 반영[영어]영역 반영방법 : 영어성적(등급)을 백분위 점수로 환산 반영등급123456789백분위점수10010095908580604020[한국사] 가산점 부여 : 등급에 따라 가산점 부여(수능환산점수에 가산점 적용) 등급123456789가산점1098765432※ 수능 총점 계산 시 가산점을 포함한 점수가 만점을 초과할 수 있음수능성적산출  || 용지표한국사지정 과목국어수학영어탐구우수 2개 평균 70%우수 1개 30%백분위가산점 부여없음※ 수능 미응시 과목의 백분위는 0점으로 반영[영어]영역 반영방법 : 영어성적(등급)을 백분위 점수로 환산 반영등급123456789백분위점수10010095908580604020[한국사] 가산점 부여 : 등급에 따라 가산점 부여(수능환산점수에 가산점 적용) 등급123456789가산점1098765432※ 수능 총점 계산 시 가산점을 포함한 점수가 만점을 초과할 수 있음수능성적산출 방법1. 수능총점 산출방법구분 산출방법수능총점[{(국어·수학·영어 우수 2개 과목 백분위 평균 × 0.7) + (탐구 우수 1개 과목 백분위 × 0.3)} × (총점환산비율)] + 한국사 가산점2. 수능 환산 백분위 산출 예시STEP구분 백분위 점수한국사국어수학영 || 5432※ 수능 총점 계산 시 가산점을 포함한 점수가 만점을 초과할 수 있음수능성적산출 방법1. 수능총점 산출방법구분 산출방법수능총점[{(국어·수학·영어 우수 2개 과목 백분위 평균 × 0.7) + (탐구 우수 1개 과목 백분위 × 0.3)} × (총점환산비율)] + 한국사 가산점2. 수능 환산 백분위 산출 예시STEP구분 백분위 점수한국사국어수학영어탐구1탐구2① 우수과목 선정(국,수,영 중 2개 + 탐구 1개) 72609558531등급○-○○--② 영역별 평균 백분위83.558-③ 영역별 반영비율70%30%-④영역별 반영비율 적용 후 백분위 점수58.4517.4-⑤ 수능 환산 백분위75.85-⑥수능 성적 반영비율 적용X 10 (100% 반영 시)⑦ 수능환산점수(소수점 둘째자리에서 반올림) 758.5⑧ 한국사 가산점10 (1 || 수 있음수능성적산출 방법1. 수능총점 산출방법구분 산출방법수능총점[{(국어·수학·영어 우수 2개 과목 백분위 평균 × 0.7) + (탐구 우수 1개 과목 백분위 × 0.3)} × (총점환산비율)] + 한국사 가산점2. 수능 환산 백분위 산출 예시STEP구분 백분위 점수한국사국어수학영어탐구1탐구2① 우수과목 선정(국,수,영 중 2개 + 탐구 1개) 72609558531등급○-○○--② 영역별 평균 백분위83.558-③ 영역별 반영비율70%30%-④영역별 반영비율 적용 후 백분위 점수58.4517.4-⑤ 수능 환산 백분위75.85-⑥수능 성적 반영비율 적용X 10 (100% 반영 시)⑦ 수능환산점수(소수점 둘째자리에서 반올림) 758.5⑧ 한국사 가산점10 (1등급)⑨ 수능총점768.5 || ○○--② 영역별 평균 백분위83.558-③ 영역별 반영비율70%30%-④영역별 반영비율 적용 후 백분위 점수58.4517.4-⑤ 수능 환산 백분위75.85-⑥수능 성적 반영비율 적용X 10 (100% 반영 시)⑦ 수능환산점수(소수점 둘째자리에서 반올림) 758.5⑧ 한국사 가산점10 (1등급)⑨ 수능총점768.5",C:\Users\User\Desktop\업무\작업\21. 정시모집 관련\00. 소스(모집요강)\경기인천강원\2. 경기인천\2027_동양대_정시요강.pdf
27,명지대,감점,"17,21,22,26,27,29","합격자발표2027. 2. 5.(금) 15:00입학처 홈페이지 공고4. 전형방법 가. 전형요소 및 반영비율모집단위사정단계전형요소별 반영비율전형총점전체 모집단위일괄합산수능 100%1,000점 나. 대학수학능력시험 반영방법 모집계열/단위수능영역별 반영비율(점수) 수능성적총점한국사비고국어수학영어탐구사회과학직업인문사회계열(경영대학 외) 35%(350점)25%(250점)20%(200점) 20%(200점)-1,000점가산점인문사회계열(경영대학) 30%(300점)30%(300점)자연공학계열25%(250점)35%(350점)※ 영어 및 한국사 등급별 반영점수 및 가산점은 모집요강(p. 42) 참조 다. 학교폭력 조치사항 반영방법제1호제2호제3호제4호제5호제6호제7호제8호제9호감점 없음150점 감점300점 감점결격※ 복수의 학교폭력 조치사항이  ||  수능성적총점한국사비고국어수학영어탐구사회과학직업인문사회계열(경영대학 외) 35%(350점)25%(250점)20%(200점) 20%(200점)-1,000점가산점인문사회계열(경영대학) 30%(300점)30%(300점)자연공학계열25%(250점)35%(350점)※ 영어 및 한국사 등급별 반영점수 및 가산점은 모집요강(p. 42) 참조 다. 학교폭력 조치사항 반영방법제1호제2호제3호제4호제5호제6호제7호제8호제9호감점 없음150점 감점300점 감점결격※ 복수의 학교폭력 조치사항이 있는 경우 가장 높은 단계의 조치사항 1개를 최종 반영함※ 학교폭력 조치사항 반영 상세내용은 모집요강(p. 45) 참조 5. 선발원칙 및 동점자 처리기준 ∙ 모집단위별 전형 총점 순으로 합격자 선발하고, 동점자가 발생할 경우 동점자 처리기준에 따라 처리함  || - 19 - 4. 전형방법 가. 전형요소 및 반영비율모집단위사정단계전형요소별 반영비율전형총점수능실기비율최저점/최고점비율최저점/최고점전체 모집단위일괄합산60%0/60040%0/4001,000 나. 대학수학능력시험 반영방법모집계열/단위수능영역별 반영비율(점수) 수능성적총점한국사비고국어수학영어탐구사회과학직업문예창작학과디지털콘텐츠디자인학과건축학부(건축학전공) 35%(210점)(30%)(180점)35%(210점)(30%)(180점)-600점가산점수학, 탐구 중 고득점 영역 반영스포츠학부(체육학전공, 스포츠산업학전공)예술학부 영화전공50%(300점) -50%(300점) - 600점※ 영어 및 한국사 등급별 반영점수 및 가산점은 모집요강(p. 42) 참조 다. 학교폭력 조치사항 반영방법제1호제2호제3호제4호제5호제6호제7호제8호제9호감점 || 텐츠디자인학과건축학부(건축학전공) 35%(210점)(30%)(180점)35%(210점)(30%)(180점)-600점가산점수학, 탐구 중 고득점 영역 반영스포츠학부(체육학전공, 스포츠산업학전공)예술학부 영화전공50%(300점) -50%(300점) - 600점※ 영어 및 한국사 등급별 반영점수 및 가산점은 모집요강(p. 42) 참조 다. 학교폭력 조치사항 반영방법제1호제2호제3호제4호제5호제6호제7호제8호제9호감점 없음150점 감점300점 감점결격※ 복수의 학교폭력 조치사항이 있는 경우 가장 높은 단계의 조치사항 1개를 최종 반영함※ 학교폭력 조치사항 반영 상세내용은 모집요강(p. 45) 참조5. 실기고사모집군모집단위실기과목 및 내용 고사시간 나군 문예창작학과▸ 운문 또는 산문 중 택 1 ▹ 운문: 주어진 제목에 맞는 시(시조) || 기고사 성적 우수자② 수능 국어영역 반영점수 우수자③ 수능 영어영역 반영점수 우수자④ 수능 수학, 탐구영역 중 고득점 1과목 반영점수 우수자⑤ 수능 국어영역 표준점수 우수자① 실기고사 성적 우수자② 수능 국어영역 반영점수 우수자③ 수능 영어영역 반영점수 우수자④ 수능 한국사 등급 우수자⑤ 수능 국어영역 표준점수 우수자 || 2027학년도 명지대학교 정시 모집요강 - 24 - 나. 대학수학능력시험 반영방법모집계열/단위수능영역별 반영비율(점수) 수능성적총점한국사비고국어수학영어탐구사회과학직업예술학부 뮤지컬공연전공50%(100점) -50%(100점) - 200점가산점※ 예술학부 아트앤멀티미디어음악전공 선발 시 예술학부 뮤지컬공연전공과 동일한 대학수학능력시험 반영방법 적용※ 영어 및 한국사 등급별 반영점수 및 가산점은 모집요강(p. 42) 참조 다. 학교폭력 조치사항 반영방법제1호제2호제3호제4호제5호제6호제7호제8호제9호감점 없음150점 감점300점 감점결격※ 복수의 학교폭력 조치사항이 있는 경우 가장 높은 단계의  || 단위수능영역별 반영비율(점수) 수능성적총점한국사비고국어수학영어탐구사회과학직업예술학부 뮤지컬공연전공50%(100점) -50%(100점) - 200점가산점※ 예술학부 아트앤멀티미디어음악전공 선발 시 예술학부 뮤지컬공연전공과 동일한 대학수학능력시험 반영방법 적용※ 영어 및 한국사 등급별 반영점수 및 가산점은 모집요강(p. 42) 참조 다. 학교폭력 조치사항 반영방법제1호제2호제3호제4호제5호제6호제7호제8호제9호감점 없음150점 감점300점 감점결격※ 복수의 학교폭력 조치사항이 있는 경우 가장 높은 단계의 조치사항 1개를 최종 반영함※ 학교폭력 조치사항 반영 상세내용은 모집요강(p. 45) 참조5. 실기고사모집군모집단위실기과목 및 내용 비고/고사시간 나군 예술학부 뮤지컬공연전공▸ 노래: 뮤지컬 넘버 중에서 자유곡 1곡▸ 자유연기  || 2027학년도 명지대학교 정시 모집요강 - 25 - ▶ 동점자 처리기준 ◀실기/실적(실기우수자전형)① 실기고사 성적 우수자② 수능 국어영역 반영점수 우수자③ 수능 영어영역 반영점수 우수자④ 수능 한국사 등급 우수자⑤ 수능 국어영역 표준점수 우수자 7. 제출서류 가. 제출목록구분제출서류비고공통입학원서 ▪ 우편으로 제출할 서류가 있는 경우에만 원서접수 사이트에서 출력하여 제출 국내 고등학교 졸업(예정)자학교생활기록부 ▪ 학교생활기록부 온라인 제공 대상자 별도 제출 불필요 ※ 학교일괄생성 대상자: 2024년 2월 졸업 ~ 2027년 2월 졸업 예정 ※ 개인생성 대상자: 2005년 2월 졸업 ~ 2023년 2월 졸업 ※ 개인생성 신청방법: p. 13 참조 ▪ ",C:\Users\User\Desktop\업무\작업\21. 정시모집 관련\00. 소스(모집요강)\서울\2027_명지대_정시요강.pdf
28,부산대,가점,"29,31,32,62","- 26 - 동점자 및 충원합격자 선발 4. 가 동점자 선발 우선순위 . 모집계열 모집단위 선발방법 인문사회 · 인문 자연 / 해당 모집단위 수능 국어 반영점수 수능 수학 반영점수 수능 탐구 과목 합 반영점수 (2 ) → → 수능 영어 반영점수 한국사 등급 → → 광역 자연 해당 모집단위 1) 수능 수학 반영점수 수능 탐구 과목 합 반영점수 수능 국어 반영점수 (2 ) → → 수능 영어 반영점수 한국사 등급 → → 의예과 치의예과 , 수능 성적 → 수능 수학 반영점수 수능 탐구 과목 합 반영점수 수능 (2 ) → → 국어 반영점수 수능 영어 반영점수 한국사 등급 → → 예술 예술대학 해당 모집단위 수능 성적 수능 국어 반영점수 수능 탐구 과목 합 반영점수 수능 (2 ) → → → 영어 반영점수 → 한국 ||  모집단위 수능 국어 반영점수 수능 수학 반영점수 수능 탐구 과목 합 반영점수 (2 ) → → 수능 영어 반영점수 한국사 등급 → → 광역 자연 해당 모집단위 1) 수능 수학 반영점수 수능 탐구 과목 합 반영점수 수능 국어 반영점수 (2 ) → → 수능 영어 반영점수 한국사 등급 → → 의예과 치의예과 , 수능 성적 → 수능 수학 반영점수 수능 탐구 과목 합 반영점수 수능 (2 ) → → 국어 반영점수 수능 영어 반영점수 한국사 등급 → → 예술 예술대학 해당 모집단위 수능 성적 수능 국어 반영점수 수능 탐구 과목 합 반영점수 수능 (2 ) → → → 영어 반영점수 → 한국사 등급 단 스포츠과학과 단계 동점자는 모두 선발 , 1 ※ 체육 스 포츠 과 학과 의예과 치의예과 제외 1) , ·Ú ¶Ö´2 ﬁµ. 'î‡×µæﬂ ||  1) 수능 수학 반영점수 수능 탐구 과목 합 반영점수 수능 국어 반영점수 (2 ) → → 수능 영어 반영점수 한국사 등급 → → 의예과 치의예과 , 수능 성적 → 수능 수학 반영점수 수능 탐구 과목 합 반영점수 수능 (2 ) → → 국어 반영점수 수능 영어 반영점수 한국사 등급 → → 예술 예술대학 해당 모집단위 수능 성적 수능 국어 반영점수 수능 탐구 과목 합 반영점수 수능 (2 ) → → → 영어 반영점수 → 한국사 등급 단 스포츠과학과 단계 동점자는 모두 선발 , 1 ※ 체육 스 포츠 과 학과 의예과 치의예과 제외 1) , ·Ú ¶Ö´2 ﬁµ. 'î‡×µæﬂî j “˛& ﬂî { ﬂµ× ﬁ»r 'ÿ“k‡ƒ £§N µæﬂî ”¶ §R 'î‡×ˆ?  ” (p.28 ) . ※ 나 동점자 선발로 인한 초과  || 수능 성적 → 수능 수학 반영점수 수능 탐구 과목 합 반영점수 수능 (2 ) → → 국어 반영점수 수능 영어 반영점수 한국사 등급 → → 예술 예술대학 해당 모집단위 수능 성적 수능 국어 반영점수 수능 탐구 과목 합 반영점수 수능 (2 ) → → → 영어 반영점수 → 한국사 등급 단 스포츠과학과 단계 동점자는 모두 선발 , 1 ※ 체육 스 포츠 과 학과 의예과 치의예과 제외 1) , ·Ú ¶Ö´2 ﬁµ. 'î‡×µæﬂî j “˛& ﬂî { ﬂµ× ﬁ»r 'ÿ“k‡ƒ £§N µæﬂî ”¶ §R 'î‡×ˆ?  ” (p.28 ) . ※ 나 동점자 선발로 인한 초과 인원은 다음 충원합격자를 선발할 때 감원합니다 . . 단 , ※ 한의학전문대학원 학 석사통합과정은 위 동점자 처리 방법에 의해서도 동점자가 발생한 경우 ||  ….µ.‡ÞÒ , 160 158.4 156 152 148 144 140 136 132 ∙‡Þﬂö‡˚ ‡Þﬂö Öˆ/ ˆJ ˇ ¤~•§ ¾·Ú ( ) 100 99 97.5 95 92.5 90 87.5 85 82.5 * µ.‡ÞÒ ….µ.‡ÞÒ µò·N , 라 한국사 영역 . 수능 점수 활용지표 등급 1) : 영역별 점수 산출 방법 모집단위별 등급 환산점수를 수능성적에 가산 2) : ¢˙ß ¤~•§ ¾·Ú 1 2 3 4 5 6 7 8 9 µÚ ¤~•§ ¾·Ú 10 9.8 9.6 9.4 9.2 9.0 마 최종 반영 점수 산출 . 1) 가 라 항에서 구한 각 영역별 점수를 합산 ~ 하여 최종 반영점수를 산출합니다. 의예과와 치의예과의 경우 가 라 항에서 구한 각 영역별 점수에 학업충실도평가 점수를 , ~ ※ 합산하여 최 || - 29 - 수능 성적 산출 방법 예시 < > 지원자 수능 성적 예시 ◈ 수험생 표준점수 백분위 본교 변환표준점수 / 등급 국어 수학 사회탐구 과학탐구 영어 한국사 탐구1 탐구2 탐구1 탐구2 백분위 변환표준 점수 백분위 변환표준 점수 백분위 변환표준 점수 백분위 변환표준 점수 A 134 118 91 64.3460 89 63.5676 1 2 B 128 132 94 65.6617 97 67.3627 2 5 C 132 137 96 66.7647 90 63.9715 2 2 D 127 129 92 64.7352 87 62.7941 3 4 ◈ 지원자 성적 산출 예시 구분 성적 산출 수험생 A 국어국문학과 지원 시 국어 ① 1 || 국어국문학과 지원 시 국어 ① 134 × 300 ÷ 200 = 201 수학 ② 118 × 250 ÷ 200 = 147.5 탐구 과목 변환표준점수 합 (2 ) ③ (64.3460+63.5676) × 250 ÷ 200 = 159.8920 영어 ④ 등급 환산점수 1 200 한국사 ⑤ 등급 환산점수 점 가산 2 10 최종 반영점수 ( + + + + ) ① ② ③ ④ ⑤ 718,3920 수험생 B 도시공학과 지원 시 국어 ① 128 × 200 ÷ 200 = 128 수학 ② 132 × 300 ÷ 200 = 198 탐구 과목 변환표준점수 합 (2 ) ③ (65.6617+67.3627) × 300 ÷ 200 = 199.5366 영어 ④ 등급 환산점수 2 198 한국사 ⑤ 등급 환산점수 점 가산 5 9.8 최종 반영점수 ( + + + + ) ||  B 도시공학과 지원 시 국어 ① 128 × 200 ÷ 200 = 128 수학 ② 132 × 300 ÷ 200 = 198 탐구 과목 변환표준점수 합 (2 ) ③ (65.6617+67.3627) × 300 ÷ 200 = 199.5366 영어 ④ 등급 환산점수 2 198 한국사 ⑤ 등급 환산점수 점 가산 5 9.8 최종 반영점수 ( + + + + ) ① ② ③ ④ ⑤ 733.3366 수험생 C 의예과 지원 시 국어 ① 132 × 160 ÷ 200 = 105.6 수학 ② 137 × 240 ÷ 200 = 164.4 탐구 과목 변환표준점수 합 (2 ③ ) (66.7647+63.9715) × 240 ÷ 200 = 156.8834 영어 ④ 등급 환산점수 2 158.4 한국사 ⑤ 등급 환산점수 점 가산 2 10 과학탐구 과목 응시 가산점 ",C:\Users\User\Desktop\업무\작업\21. 정시모집 관련\00. 소스(모집요강)\영남제주\6. 영남권\2027_부산대_정시요강.pdf
29,삼육대,가점,37,"영역: 사회탐구, 과학탐구, 직업탐구 ※ 모든 영역 등급 환산 점수 반영 체육학과 영역 반영방법(백분위) 국어 수학 영어 탐구 (1과목) 2 상위 2개 영역 각 50% 반영 ※ 탐구영역: 사회탐구, 과학탐구, 직업탐구 ※ 반영영역 중 미응시 영역은 0점으로 반영함 ※ 한국사 필수 응시 및 탐구영역 대체 불가 ※ 2027학년도 대학수학능력시험 성적만 반영함 ※ 모든 성적점수는 소수점 다섯째자리에서 버림 ※ 가산점으로 인해 총점이 1,000점을 초과할 수 있음",C:\Users\User\Desktop\업무\작업\21. 정시모집 관련\00. 소스(모집요강)\서울\2027_삼육대_정시요강.pdf
30,상명대,가점,"22,24,27,32","참고 바. 제출서류 : 모집요강 p.26 - ‘Ⅴ. 제출서류’ 참고 사. 동점자 처리기준 1) 실기고사 환산점수 → 대학수학능력시험 반영영역 환산점수(국어, 수학, 영어 중 상위 1개 영역 → 국어, 수학, 영어 중 차상위 1개 영역 → 탐구 상위 1개 반영과목) → 한국사(등급) → 탐구 상위 1개 반영과목(표준점수) 성적이 높은 자 2) 동점자 처리기준에도 불구하고 동점자가 발생할 경우 입학전형공정관리위원회 심의를 거쳐 합격자 선발 || 원서접수, 합격자 발표 및 등록-1. 전형일정’ 참고 바. 제출서류 : 모집요강 p.26 - ‘Ⅴ. 제출서류’ 참고 사. 동점자 처리기준 1) 인문계열/자유전공(예체능계열) : 대학수학능력시험 반영영역 환산점수(국어 → 수학 → 탐구 상위 1개 반영과목 → 영어) → 한국사(등급) → 탐구 상위 1개 반영과목(표준점수) 성적이 높은 자 → 사회탐구 응시 과목 수가 많은 자 → 탐구 하위 1개 미반영과목(표준점수) 성적이 높은 자 2) 자연계열/애니메이션전공 : 대학수학능력시험 반영영역 환산점수(수학 → 국어 → 탐구 상위 1개 반영과목 → 영어) → 한국사(등급) → 탐구 상위 1개 반영과목(표준점수) 성적이 높은 자 → 과학탐구 응시 과목 수가 많은 자 → 탐구 하위 1개 미반영과목(표준점수) 성적이 높은 자 3) 동점자  || 구 상위 1개 반영과목(표준점수) 성적이 높은 자 → 사회탐구 응시 과목 수가 많은 자 → 탐구 하위 1개 미반영과목(표준점수) 성적이 높은 자 2) 자연계열/애니메이션전공 : 대학수학능력시험 반영영역 환산점수(수학 → 국어 → 탐구 상위 1개 반영과목 → 영어) → 한국사(등급) → 탐구 상위 1개 반영과목(표준점수) 성적이 높은 자 → 과학탐구 응시 과목 수가 많은 자 → 탐구 하위 1개 미반영과목(표준점수) 성적이 높은 자 3) 동점자 처리기준에도 불구하고 동점자가 발생할 경우 입학전형공정관리위원회 심의를 거쳐 합격자 선발 || 원서접수, 합격자 발표 및 등록-1. 전형일정’ 참고 바. 제출서류 : 모집요강 p.26 - ‘Ⅴ. 제출서류’ 참고 사. 동점자 처리기준 1) 인문계열/자유전공(예체능계열) : 대학수학능력시험 반영영역 환산점수(국어 → 수학 → 탐구 상위 1개 반영과목 → 영어) → 한국사(등급) → 탐구 상위 1개 반영과목(표준점수) 성적이 높은 자 → 사회탐구 응시 과목 수가 많은 자 → 탐구 하위 1개 미반영과목(표준점수) 성적이 높은 자 2) 자연계열/애니메이션전공 : 대학수학능력시험 반영영역 환산점수(수학 → 국어 → 탐구 상위 1개 반영과목 → 영어) → 한국사(등급) → 탐구 상위 1개 반영과목(표준점수) 성적이 높은 자 → 과학탐구 응시 과목 수가 많은 자 → 탐구 하위 1개 미반영과목(표준점수) 성적이 높은 자 3) 동점자  || 구 상위 1개 반영과목(표준점수) 성적이 높은 자 → 사회탐구 응시 과목 수가 많은 자 → 탐구 하위 1개 미반영과목(표준점수) 성적이 높은 자 2) 자연계열/애니메이션전공 : 대학수학능력시험 반영영역 환산점수(수학 → 국어 → 탐구 상위 1개 반영과목 → 영어) → 한국사(등급) → 탐구 상위 1개 반영과목(표준점수) 성적이 높은 자 → 과학탐구 응시 과목 수가 많은 자 → 탐구 하위 1개 미반영과목(표준점수) 성적이 높은 자 3) 동점자 처리기준에도 불구하고 동점자가 발생할 경우 입학전형공정관리위원회 심의를 거쳐 합격자 선발 || 로 부여 2) 과학탐구 응시자 : 탐구 점수의 5%를 가산점으로 부여 ※ 다만, 수능(농어촌학생전형, 특성화고교졸업자전형)은 계열별 선발에 따라 예체능계열 ‘애니메이션전공’ 지원자에게도 상기와 동일하게 가산점 부여 라. 대학수학능력시험 성적을 반영하는 전형의 지원자는 한국사(필수) 영역을 반드시 응시해야 하며, 취득등급에 따라 모든 모집단위에 대하여 아래 표와 같이 가산점 부여구분1등급2등급3등급4등급5등급6등급7등급8등급9등급한국사 영역 등급별 가산점109.89.69.49.29.03. 대학수학능력시험 성적 산출방법(예시)[수능(수능전형) 자연계열 식품영양학전공 지원자(미적분 응시)의 대학수학능력시험 백분위 산출방법][수능(농어촌학생전형) 예체능계열 애니메이션전공 지원자(미적분 응시)의 대학수학능력시험 백분위 산출방법]구분국 || 이션전공’ 지원자에게도 상기와 동일하게 가산점 부여 라. 대학수학능력시험 성적을 반영하는 전형의 지원자는 한국사(필수) 영역을 반드시 응시해야 하며, 취득등급에 따라 모든 모집단위에 대하여 아래 표와 같이 가산점 부여구분1등급2등급3등급4등급5등급6등급7등급8등급9등급한국사 영역 등급별 가산점109.89.69.49.29.03. 대학수학능력시험 성적 산출방법(예시)[수능(수능전형) 자연계열 식품영양학전공 지원자(미적분 응시)의 대학수학능력시험 백분위 산출방법][수능(농어촌학생전형) 예체능계열 애니메이션전공 지원자(미적분 응시)의 대학수학능력시험 백분위 산출방법]구분국어수학(미적분) 영어과학탐구(물리학I)한국사본교 반영비율(%)25352020-대학수학능력시험취득 백분위/등급88901등급(100)861등급(10)산출방법88×0.2 || 시험 성적 산출방법(예시)[수능(수능전형) 자연계열 식품영양학전공 지원자(미적분 응시)의 대학수학능력시험 백분위 산출방법][수능(농어촌학생전형) 예체능계열 애니메이션전공 지원자(미적분 응시)의 대학수학능력시험 백분위 산출방법]구분국어수학(미적분) 영어과학탐구(물리학I)한국사본교 반영비율(%)25352020-대학수학능력시험취득 백분위/등급88901등급(100)861등급(10)산출방법88×0.25×10 = 22090×0.35×10×1.1 = 346.5100×0.2×10= 20086×0.2×10×1.05= 180.610전형총점220 + 346.5 + 200 + 180.6 + 10 = 957.100[수능(수능전형) 예체능계열 애니메이션전공 지원자(미적분 응시)의 대학수학능력시험 백분위 산출방법]구분국어수학(미적분) 영어과학탐구(물리",C:\Users\User\Desktop\업무\작업\21. 정시모집 관련\00. 소스(모집요강)\서울\2027_상명대(서)_정시요강.pdf
31,상명대(천안),가점,"15,16,17,18,20,22",". 전형일정, 원서접수, 합격자 발표 및 등록 1. 전형일정’ 참고바. 동점자 처리기준 ○ 대학수학능력시험 성적이 높은 자 → 국어·영어·수학 중 상위 2개 영역 성적 합(국어/수학은 백분위, 영어는 등급별 환산점수 적용) → 탐구[상위 1개 반영 과목(백분위)] → 한국사(등급) → 탐구[상위 1개 반영 과목(표준점수)] → 국어·영어·수학 3개 영역 성적 합(국어/수학은 백분위, 영어는 등급별 환산점수 적용) → 탐구[하위 1개 미반영 과목(백분위)] → 탐구[하위 1개 미반영 과목(표준점수)] ※ 동점자 처리기준에도 불구하고 동점자가 발생할 경우 입학전형공정관리위원회의 심의를 거쳐 합격자를 선발 || , 합격자 발표 및 등록 1. 전형일정’ 참고바. 동점자 처리기준 ○ 대학수학능력시험 성적이 높은 자 ▶ 인문계, 예체능계 → 국어·영어·수학 중 상위 2개 영역 성적 합(국어/수학은 백분위, 영어는 등급별 환산점수 적용) → 탐구[상위 1개 반영 과목(백분위)] → 한국사(등급) → 탐구[상위 1개 반영 과목(표준점수)] → 국어·영어·수학 3개 영역 성적 합(국어/수학은 백분위, 영어는 등급별 환산점수 적용) → 탐구[하위 1개 미반영 과목(백분위)] → 탐구[하위 1개 미반영 과목(표준점수)] ||  상명대학교 천안캠퍼스 2027학년도 정시모집요강 - 14 - ▶ 자연계 → 수학(백분위) → 국어(백분위) → 영어(등급별 환산점수) → 탐구[상위 1개 반영 과목(백분위)] → 한국사(등급) → 탐구[상위 1개 반영 과목(표준점수)] → 탐구[하위 1개 미반영 과목(백분위)] → 탐구[하위 1개 미반영 과목(표준점수)] ※ 수학 미적분/기하 응시자 및 과학탐구 응시자는 가산점을 포함한 환산점수 적용 ※ 동점자 처리기준에도 불구하고 동점자가 발생할 경우 입학전형공정관리위원회의 심의를 거쳐 합격자를 선발 || 형일정’ 참고바. 동점자 처리기준 1) 실기고사 점수가 높은 자 2) 대학수학능력시험 성적이 높은 자 대학수학능력시험 총점 → 국어·영어·수학 중 상위 2개 영역 성적 합(국어/수학은 백분위, 영어는 등급별 환산점수 적용) → 탐구[상위 1개 반영 과목(백분위)] → 한국사(등급) → 탐구[상위 1개 반영 과목(표준점수)] → 국어·영어·수학 3개 영역 성적 합(국어/수학은 백분위, 영어는 등급별 환산점수 적용) → 탐구[하위 1개 미반영 과목(백분위)] → 탐구[하위 1개 미반영 과목(표준점수)] ※ 동점자 처리기준에도 불구하고 동점자가 발생할 경우 입학전형공정관리위원회의 심의를 거쳐 합격자를 선발 || 요강 p.26 - ‘Ⅴ. 제출서류 안내’ 참고사. 동점자 처리기준 ○ 대학수학능력시험 성적이 높은 자 ▶ 인문계, 예체능계 → 국어·영어·수학 중 상위 2개 영역 성적 합(국어/수학은 백분위, 영어는 등급별 환산점수 적용) → 탐구[상위 1개 반영 과목(백분위)] → 한국사(등급) → 탐구[상위 1개 반영 과목(표준점수)] → 국어·영어·수학 3개 영역 성적 합(국어/수학은 백분위, 영어는 등급별 환산점수 적용) → 탐구[하위 1개 미반영 과목(백분위)] → 탐구[하위 1개 미반영 과목(표준점수)] ▶ 자연계 → 수학(백분위) → 국어(백분위) → 영어(등급별 환산점수) → 탐구[상위 1개 반영 과목(백분위)] → 한국사(등급) → 탐구[상위 1개 반영 과목(표준점수)] → 탐구[하위 1개 미반영 과목(백분위)] → 탐구[하 ||  성적 합(국어/수학은 백분위, 영어는 등급별 환산점수 적용) → 탐구[하위 1개 미반영 과목(백분위)] → 탐구[하위 1개 미반영 과목(표준점수)] ▶ 자연계 → 수학(백분위) → 국어(백분위) → 영어(등급별 환산점수) → 탐구[상위 1개 반영 과목(백분위)] → 한국사(등급) → 탐구[상위 1개 반영 과목(표준점수)] → 탐구[하위 1개 미반영 과목(백분위)] → 탐구[하위 1개 미반영 과목(표준점수)] ※ 수학 미적분/기하 응시자 및 과학탐구 응시자는 가산점을 포함한 환산점수 적용 ※ 동점자 처리기준에도 불구하고 동점자가 발생할 경우 입학전형공정관리위원회의 심의를 거쳐 합격자를 선발 || 요강 p.26 - ‘Ⅴ. 제출서류 안내’ 참고사. 동점자 처리기준 ○ 대학수학능력시험 성적이 높은 자 ▶ 인문계, 예체능계 → 국어·영어·수학 중 상위 2개 영역 성적 합(국어/수학은 백분위, 영어는 등급별 환산점수 적용) → 탐구[상위 1개 반영 과목(백분위)] → 한국사(등급) → 탐구[상위 1개 반영 과목(표준점수)] → 국어·영어·수학 3개 영역 성적 합(국어/수학은 백분위, 영어는 등급별 환산점수 적용) → 탐구[하위 1개 미반영 과목(백분위)] → 탐구[하위 1개 미반영 과목(표준점수)] ▶ 자연계 → 수학(백분위) → 국어(백분위) → 영어(등급별 환산점수) → 탐구[상위 1개 반영 과목(백분위)] → 한국사(등급) → 탐구[상위 1개 반영 과목(표준점수)] → 탐구[하위 1개 미반영 과목(백분위)] → 탐구[하 ||  성적 합(국어/수학은 백분위, 영어는 등급별 환산점수 적용) → 탐구[하위 1개 미반영 과목(백분위)] → 탐구[하위 1개 미반영 과목(표준점수)] ▶ 자연계 → 수학(백분위) → 국어(백분위) → 영어(등급별 환산점수) → 탐구[상위 1개 반영 과목(백분위)] → 한국사(등급) → 탐구[상위 1개 반영 과목(표준점수)] → 탐구[하위 1개 미반영 과목(백분위)] → 탐구[하위 1개 미반영 과목(표준점수)] ※ 수학 미적분/기하 응시자 및 과학탐구 응시자는 가산점을 포함한 환산점수 적용 ※ 동점자 처리기준에도 불구하고 동점자가 발생할 경우 입학전형공정관리위원회의 심의를 거쳐 합격자를 선발",C:\Users\User\Desktop\업무\작업\21. 정시모집 관련\00. 소스(모집요강)\충청호남\4. 충청권\2027_상명대(천)_정시요강.pdf
32,서강대,가점,"18,21,24,34,35","한부모가족지원법」제5조 및 제5조의2에 따른 지원대상자※ 지원자격 산정기준일: 원서접수 마감일※ 추후 법령 변경 등의 사유로 특별전형 지원자격이 변경되는 경우 이에 따름 지원계열대학수학능력시험 필수응시영역수능 최저학력기준전 계열국어, 수학, 영어, 탐구(사회/과학), 한국사국어, 수학, 영어, 탐구(사회/과학) 4개 영역 중 3개 영역 등급 합 9 이내이고 한국사 4등급 이내※ 대학수학능력시험 필수응시영역을 응시하지 않은 경우 선발제외 처리함※ 탐구영역의 경우 2개 과목을 응시하여야 하고 전형 성적 산출 시 2개 과목 모두 반영함※ 수능 최저학력기준 충족 여부 판단 시 탐구영역은 응시한 2개 과목 중 상위 1개 과목을 반영함 계열모집단위모집인원계열모집단위모집인원 인문 인문학부 (15)자연 수학과 (9) 물리학과영문학부 화학과 || 일※ 추후 법령 변경 등의 사유로 특별전형 지원자격이 변경되는 경우 이에 따름 지원계열대학수학능력시험 필수응시영역수능 최저학력기준전 계열국어, 수학, 영어, 탐구(사회/과학), 한국사국어, 수학, 영어, 탐구(사회/과학) 4개 영역 중 3개 영역 등급 합 9 이내이고 한국사 4등급 이내※ 대학수학능력시험 필수응시영역을 응시하지 않은 경우 선발제외 처리함※ 탐구영역의 경우 2개 과목을 응시하여야 하고 전형 성적 산출 시 2개 과목 모두 반영함※ 수능 최저학력기준 충족 여부 판단 시 탐구영역은 응시한 2개 과목 중 상위 1개 과목을 반영함 계열모집단위모집인원계열모집단위모집인원 인문 인문학부 (15)자연 수학과 (9) 물리학과영문학부 화학과유럽문화학과생명과학과중국문화학과전자공학과사회과학부화공생명공학과경제학과기계공학과경영학부반도체공 || 률」 등에 의한 상이등급자 중에서 「장애인복지법」 제32조에 의한 중증장애 정도에 상응하는 자※ 추후 법령 변경 등의 사유로 특별전형 지원자격이 변경되는 경우 이에 따름 지원계열대학수학능력시험 필수응시영역수능 최저학력기준전 계열국어, 수학, 영어, 탐구(사회/과학), 한국사국어, 수학, 영어, 탐구(사회/과학) 4개 영역 중 3개 영역 등급 합 9 이내이고 한국사 4등급 이내※ 대학수학능력시험 필수응시영역을 응시하지 않은 경우 선발제외 처리함※ 탐구영역의 경우 2개 과목을 응시하여야 하고 전형 성적 산출 시 2개 과목 모두 반영함※ 수능 최저학력기준 충족 여부 판단 시 탐구영역은 응시한 2개 과목 중 상위 1개 과목을 반영함 계열모집단위모집인원계열모집단위모집인원 인문 인문학부 (9)자연 수학과 (6) 물리학과영문학부 화학과유 || 자※ 추후 법령 변경 등의 사유로 특별전형 지원자격이 변경되는 경우 이에 따름 지원계열대학수학능력시험 필수응시영역수능 최저학력기준전 계열국어, 수학, 영어, 탐구(사회/과학), 한국사국어, 수학, 영어, 탐구(사회/과학) 4개 영역 중 3개 영역 등급 합 9 이내이고 한국사 4등급 이내※ 대학수학능력시험 필수응시영역을 응시하지 않은 경우 선발제외 처리함※ 탐구영역의 경우 2개 과목을 응시하여야 하고 전형 성적 산출 시 2개 과목 모두 반영함※ 수능 최저학력기준 충족 여부 판단 시 탐구영역은 응시한 2개 과목 중 상위 1개 과목을 반영함 계열모집단위모집인원계열모집단위모집인원 인문 인문학부 (9)자연 수학과 (6) 물리학과영문학부 화학과유럽문화학과생명과학과중국문화학과전자공학과사회과학부화공생명공학과경제학과기계공학과경영학부반도체공학 ||  각종 대안학교 지원불가※ 학과별 기준학과의 경우 입학처 홈페이지를 통해 추후 공지 예정※ 추후 법령 변경 등의 사유로 특별전형 지원자격이 변경되는 경우 이에 따름 지원계열대학수학능력시험 필수응시영역수능 최저학력기준전 계열국어, 수학, 영어, 탐구(사회/과학/직업), 한국사국어, 수학, 영어, 탐구(사회/과학/직업) 4개 영역 중 3개 영역 등급 합 9 이내이고 한국사 4등급 이내※ 대학수학능력시험 필수응시영역을 응시하지 않은 경우 선발제외 처리함※ 탐구영역의 경우 2개 과목을 응시하여야 하고 전형 성적 산출 시 2개 과목 모두 반영함※ 수능 최저학력기준 충족 여부 판단 시 탐구영역은 응시한 2개 과목 중 상위 1과목을 반영함선발모형전형요소 및 반영 비율일괄 합산 대학수학능력시험 성적 100%※ 수능성적 반영점수 산출방법:  || 법령 변경 등의 사유로 특별전형 지원자격이 변경되는 경우 이에 따름 지원계열대학수학능력시험 필수응시영역수능 최저학력기준전 계열국어, 수학, 영어, 탐구(사회/과학/직업), 한국사국어, 수학, 영어, 탐구(사회/과학/직업) 4개 영역 중 3개 영역 등급 합 9 이내이고 한국사 4등급 이내※ 대학수학능력시험 필수응시영역을 응시하지 않은 경우 선발제외 처리함※ 탐구영역의 경우 2개 과목을 응시하여야 하고 전형 성적 산출 시 2개 과목 모두 반영함※ 수능 최저학력기준 충족 여부 판단 시 탐구영역은 응시한 2개 과목 중 상위 1과목을 반영함선발모형전형요소 및 반영 비율일괄 합산 대학수학능력시험 성적 100%※ 수능성적 반영점수 산출방법: p.34~35 참조※ 학교폭력조치사항에 따라 최종 선발총점을 기준으로 감점 또는 선발제외 처리함( || SOGANG UNIVERSITY 34 ⅤPART대학수학능력시험 반영방법1. 대학수학능력시험 반영점수 산출방법(정시 전 전형 공통사항)가. 대학수학능력시험 영역별 가중치(전 계열) 나. 영역(과목)별 수능성적 활용지표 다. 영어, 한국사 등급별 가산점 라. 대학수학능력시험성적 산출 방법 구분유형국어수학탐구전 계열(비율) A1.1(36.7%)1.3(43.3%)0.6(20.0%)B1.3(43.3%)1.1(36.7%)0.6(20.0%)※ 탐구영역은 2개 과목을 선택해야 하며, 응시한 2개 과목을 모두 반영함※ 지원자의 점수를 A, B 유형으로 각각 산출한 후 그 중 상위 점수를 자동으로 본교에서 반영함 구분국어수학탐구영어한국사활용지표표준점수백분위(변환표준점수) 등급(등급별 가산점) 영역(과목) || 3%)0.6(20.0%)B1.3(43.3%)1.1(36.7%)0.6(20.0%)※ 탐구영역은 2개 과목을 선택해야 하며, 응시한 2개 과목을 모두 반영함※ 지원자의 점수를 A, B 유형으로 각각 산출한 후 그 중 상위 점수를 자동으로 본교에서 반영함 구분국어수학탐구영어한국사활용지표표준점수백분위(변환표준점수) 등급(등급별 가산점) 영역(과목)계열1등급2등급3등급4등급5등급6등급7등급8등급9등급영어전 계열10099.598.5979592.589.58682한국사전 계열101010109.59.08.58.07.5 국어 표준점수 × 국어 가중치(1.1 or 1.3) + 수학 표준점수 × 수학 가중치(1.3 or 1.1)+ (탐구1 변환표준점수1) + 탐구2 변환표준점수1)) × 탐구 가중치(0.6)+ 영어 등급별 가산점 + 한국사 등급별",C:\Users\User\Desktop\업무\작업\21. 정시모집 관련\00. 소스(모집요강)\서울\2027_서강대_정시요강.pdf
33,서경대,가점,"9,18,19,31,33,35","모집단위로, 모집인원의 일정배수를 선발하며 위 표의 반영비율로 2단계전형을 실시하여 최종인원을 선발함 2) 군사학과 특별전형은 신체검사, 인성검사를 실시하며 합격/불합격 여부로만 적용함③ 대학수학능력시험 영역별 반영비율모집단위수능성적활용지표수능영역별 반영비율 (%)영어한국사비고국어수학탐구2과목 평균전 모집단위(해당 모집단위)백분위국어, 수학, 탐구 3개 영역 중 점수 높은 2개 영역을 반영함40 + 4020등급별가산점 ※ 한국사영역은 등급별 가산점 부여 ※ 탐구영역의 반영과목에 대한 제한을 두지 않으며, 2과목의 평균을 반영함④ 학교생활기록부 반영비율(특성화고 등을 졸업한 재직자 특별전형, 계약학과 전형만 해당)전형명구분반영교과국어영어수학한국사사회과학  기회균형② 특별전형 [특성화고 등을 졸업한 재직자 특별전형] 비율252 || 합격/불합격 여부로만 적용함③ 대학수학능력시험 영역별 반영비율모집단위수능성적활용지표수능영역별 반영비율 (%)영어한국사비고국어수학탐구2과목 평균전 모집단위(해당 모집단위)백분위국어, 수학, 탐구 3개 영역 중 점수 높은 2개 영역을 반영함40 + 4020등급별가산점 ※ 한국사영역은 등급별 가산점 부여 ※ 탐구영역의 반영과목에 대한 제한을 두지 않으며, 2과목의 평균을 반영함④ 학교생활기록부 반영비율(특성화고 등을 졸업한 재직자 특별전형, 계약학과 전형만 해당)전형명구분반영교과국어영어수학한국사사회과학  기회균형② 특별전형 [특성화고 등을 졸업한 재직자 특별전형] 비율25252525과목수전과목전과목전과목전과목  계약학과 채용조건형비율25252525과목수상위3과목상위3과목상위3과목상위3과목 || 개 영역을 반영함40 + 4020등급별가산점 ※ 한국사영역은 등급별 가산점 부여 ※ 탐구영역의 반영과목에 대한 제한을 두지 않으며, 2과목의 평균을 반영함④ 학교생활기록부 반영비율(특성화고 등을 졸업한 재직자 특별전형, 계약학과 전형만 해당)전형명구분반영교과국어영어수학한국사사회과학  기회균형② 특별전형 [특성화고 등을 졸업한 재직자 특별전형] 비율25252525과목수전과목전과목전과목전과목  계약학과 채용조건형비율25252525과목수상위3과목상위3과목상위3과목상위3과목 || 단위(전공)별 모집인원이 미달될 경우 본교 신입학 사정원칙에서 정한 바에 따라 해당 모집단위 내의 타 전공자로 충원함⑥ 실기우수자 전형은 과락제를 적용하며, 실기고사 성적이 모집단위별 기준점수 미만일 경우 모집인원에 관계없이 불합격 처리함. 단계별 전형도 모두 적용⑦ 한국사는 지원자격 필수로 등급에 따른 가산점을 부여함⑧ 합격자의 미등록 등으로 인한 결원은 예비 순위자들 중에서 성적순으로 선발함⑨ 모집인원이 미달된 학과(부)에 한하여 추가모집을 할 수 있음 || 기술전공500%보컬전공/싱어송라이터전공400%무대패션전공300%무용예술학부실용무용전공600%뮤지컬전공500%영화영상학과200%스포츠앤테크놀로지학과400% ※ 단계별전형에서 1단계전형 합격선의 동점자는 모두 2단계전형 응시자로 선발함05수학능력시험반영방법국어수학탐구영어계한국사기타2과목 평균국어, 수학, 탐구 3개 영역 중 점수 높은 2개 영역을 반영함40 + 40 20100등급별가산점 ⇨ “대학수학능력시험 반영방법 세부사항” (p.35 참조)06동점자 처리기준순위 동점자 처리기준①실기고사 점수 상위자② 대학수학능력시험 영어 성적 상위자③ 대학수학능력시험 국어/수학/탐구영역 중 최고점 성적 상위자④ 대학수학능력시험 국어/수학/탐구영역 중 반영하지 않은 영역 성적 상위자⑤실기고사 평가위원 반영된 점수 중 최고점 상위자⑥실기고사 평 || 25 2027 서경대학교 정시모집요강 정원내04수학능력시험반영방법국어수학탐구영어계한국사기타2과목 평균국어, 수학, 탐구 3개 영역 중점수 높은 2개 영역을 반영함40 + 40 20100등급별가산점 ⇨ “대학수학능력시험 반영방법 세부사항” (p.35 참조)05체력고사 ◈ 체력고사 1) 평가내용 : 윗몸일으키기(2분), 팔굽혀펴기(2분) 영역별 등급에 따른 점수를 아래의 평가기준에 반영함 2) 평가기준/배점구 분1급2급3급4급5급6급7급8급9급등 외윗몸일으키기5048.847.646.445.24442.841.640.430팔굽혀펴기5049.248. ||  반영비율[♣표시된 모집단위는 수시 미충원(이월) 인원 발생시 시행함]모집단위전형요소별 반영배점대학수학능력시험미래융합학부1♣미래융합학부2♣자유전공학부♣ 1,000② 대학수학능력시험 성적을 해당 모집단위의 전형요소별 성적반영비율에 따라 합산하여 총점 성적순으로 선발함③ 한국사는 지원자격 필수로 등급에 따른 가산점을 부여함④ 합격자의 미등록 등으로 인한 결원은 예비 순위자들 중에서 성적순으로 선발함⑤ 모집인원이 미달된 학과(부)에 한하여 추가모집을 할 수 있음04수학능력시험반영방법국어수학탐구영어계한국사기타2과목 평균국어, 수학, 탐구 3개 영역 중 점수 높은 2개 영역을 반영함40 + 40 20100등급별가산점 ⇨ “대학수학능력시험 반영방법 세부사항” (p.35 참조) || 따라 합산하여 총점 성적순으로 선발함③ 한국사는 지원자격 필수로 등급에 따른 가산점을 부여함④ 합격자의 미등록 등으로 인한 결원은 예비 순위자들 중에서 성적순으로 선발함⑤ 모집인원이 미달된 학과(부)에 한하여 추가모집을 할 수 있음04수학능력시험반영방법국어수학탐구영어계한국사기타2과목 평균국어, 수학, 탐구 3개 영역 중 점수 높은 2개 영역을 반영함40 + 40 20100등급별가산점 ⇨ “대학수학능력시험 반영방법 세부사항” (p.35 참조)",C:\Users\User\Desktop\업무\작업\21. 정시모집 관련\00. 소스(모집요강)\서울\2027_서경대_정시요강.pdf
34,서울과기대,가점,"8,39,40,41,42","2027학년도 서울과학기술대학교 정시 모집요강4 5. 수능위주전형(일반전형, 농어촌학생전형) 대학수학능력시험 성적 반영 방법■ 영역별 반영비율모집단위반영점수감산 점수영역별 반영비율국어수학영어탐구(2과목)한국사공과대학, 정보통신대학, 에너지바이오대학(스포츠과학과 제외),산업공학부_자연(산업정보시스템전공_자연, ITM전공_자연),MSDE학과, 창의융합대학, 경영학과(글로벌테크노경영전공_자연)ST자유전공학부_자연, 자유전공학부(공과대학, 정보통신대학, 에너지바이오대학, 창의융합대학)20%35%20%25%아래 등급별환산표 참조영어영문학과, 행정학과, 경영학과, 산업공학부_인문(산업정보시스템전공_인문, ITM전공_인문)자유전공학부(인문사회대학) 30%25%20%25%자 || 탐구 취득 표준점수의 7% 가산점■ 수능 성적 활용 지표 - 국어, 수학, 탐구영역은 표준점수 활용 - 영어는 등급을 가상 표준점수로 변환하여 활용하며, 등급별 가상 표준점수는 아래 표와 같음등급123456789가상 표준점수1351321281201008060300 - 한국사는 등급을 활용하며, 등급별 감산 점수는 아래 표와 같음등급123456789점수0-1-2-3-4-5-10 || 352027학년도 서울과학기술대학교 정시 모집요강 ■ 선발원칙1단계 동점자처리기준ㆍ3순위까지 성적이 동점일 경우 모두 선발함1순위2순위3순위공동체역량 우수자학업역량 우수자한국사 원점수 상위자*2단계 동점자처리기준ㆍ4순위까지 성적이 동점일 경우 모두 선발함1순위2순위3순위4순위서류평가 총점 우수자공동체역량 우수자학업역량 우수자한국사 원점수 상위자*2-1) 서류평가 우수자2-2) 면접평가 우수자3-1) 서류평가 우수자3-2) 면접평가 우수자 * 한국사 미이수 시 중위값 적용■ 전형일정구분일정비고원서접수2027. 1. 4.(월) 10:00 ~ 1. 7.(목) 18:00원서접수 사이트서류제출(온라인 업로드)2027. 1. 4.(월) 1 || 원칙1단계 동점자처리기준ㆍ3순위까지 성적이 동점일 경우 모두 선발함1순위2순위3순위공동체역량 우수자학업역량 우수자한국사 원점수 상위자*2단계 동점자처리기준ㆍ4순위까지 성적이 동점일 경우 모두 선발함1순위2순위3순위4순위서류평가 총점 우수자공동체역량 우수자학업역량 우수자한국사 원점수 상위자*2-1) 서류평가 우수자2-2) 면접평가 우수자3-1) 서류평가 우수자3-2) 면접평가 우수자 * 한국사 미이수 시 중위값 적용■ 전형일정구분일정비고원서접수2027. 1. 4.(월) 10:00 ~ 1. 7.(목) 18:00원서접수 사이트서류제출(온라인 업로드)2027. 1. 4.(월) 10:00 ~ 1. 7.(목) 18:00원서접수 사이트(PDF 업로드)서류제출(원본제출)2027. 1. 4.(월) 10:00 ~ 1. 11.(월) 18:00마 || 원점수 상위자*2단계 동점자처리기준ㆍ4순위까지 성적이 동점일 경우 모두 선발함1순위2순위3순위4순위서류평가 총점 우수자공동체역량 우수자학업역량 우수자한국사 원점수 상위자*2-1) 서류평가 우수자2-2) 면접평가 우수자3-1) 서류평가 우수자3-2) 면접평가 우수자 * 한국사 미이수 시 중위값 적용■ 전형일정구분일정비고원서접수2027. 1. 4.(월) 10:00 ~ 1. 7.(목) 18:00원서접수 사이트서류제출(온라인 업로드)2027. 1. 4.(월) 10:00 ~ 1. 7.(목) 18:00원서접수 사이트(PDF 업로드)서류제출(원본제출)2027. 1. 4.(월) 10:00 ~ 1. 11.(월) 18:00마감일(1.11.) 소인분까지 유효1단계 합격자발표2027. 1. 25.(월) 14:00입학처 홈페이지에 공고면접고사202 || 2027학년도 서울과학기술대학교 정시 모집요강36 Ⅵ대학수학능력시험 성적 반영 방법1. 수능위주(일반전형, 농어촌학생전형) 성적 반영 방법■ 영역별 반영비율모집단위반영점수감산 점수영역별 반영비율국어수학영어탐구(2과목)한국사공과대학, 정보통신대학, 에너지바이오대학(스포츠과학과 제외),산업공학부_자연(산업정보시스템전공_자연, ITM전공_자연),MSDE학과, 창의융합대학, 경영학과(글로벌테크노경영전공_자연)ST자유전공학부_자연, 자유전공학부(공과대학, 정보통신대학, 에너지바이오대학, 창의융합대학)20%35%20%25%아래 등급별환산표 참조영어영문학과, 행정학과, 경영학과, 산업공학부_인문(산업정보시스템전공_인문, ITM전공_인문)자유전공학부(인문사회대학) 30%25%20%25%자 || 탐구 취득 표준점수의 7% 가산점■ 수능 성적 활용 지표 - 국어, 수학, 탐구영역은 표준점수 활용 - 영어는 등급을 가상 표준점수로 변환하여 활용하며, 등급별 가상 표준점수는 아래 표와 같음등급123456789가상 표준점수1351321281201008060300 - 한국사는 등급을 활용하며, 등급별 감산 점수는 아래 표와 같음등급123456789점수0-1-2-3-4-5-10 || 372027학년도 서울과학기술대학교 정시 모집요강 2. 대학수학능력시험 성적 환산 방법(예시)수능환산점 =[{ 영역별표준점수전국최고점지원자의영역별표준점수× 영역별 반영비율) }× 한국사 제외한 수능 총점(1,000점)] + 한국사 등급별 감산§ 각 과정별 소수점 여섯째 자리에서 반올림 ※ 단, 한국사를 제외한 수능 총점은 소수점 셋째 자리에서 반올림◈ 지원자 A와 지원자 B의 대학수학능력시험 성적표 예시구 분지원자 A 지원자 B국어수학영어탐구영역한국사국어수학영어탐구영역한국사확통세계사경제기하물리1화학1지원자 표준점수1311301327465-1281181327064-표준점수 최고점1341361358078-1341361357478-영어, 한국",C:\Users\User\Desktop\업무\작업\21. 정시모집 관련\00. 소스(모집요강)\서울\2027_서울과기대_정시요강.pdf
35,서울대,감점,"24,58,60,62","- 20 - (5) 한국사영역: 3등급 이내 감점 없음. 4등급부터 아래와 같이 차등 감점함 등급123456789감점0000.40.81.21.62.02.4 (6) 제2외국어/한문영역*: 2등급 이내 감점 없음. 3등급부터 아래와 같이 차등 감점함등급123456789감점000.51.01.52.02.53.03.5 * 수능 응시영역기준 유형(75쪽 참고) 지원자에 한하여 적용함 다) 과학탐구영역 조정점수: 수능 응시영역기준 유형-1, -2(75쪽 참고) 지원자는 과학탐구 과목 응시 || 능 응시영역기준 유형-1, -2(75쪽 참고) 지원자는 과학탐구 과목 응시 조합에 따라 아래와 같이 조정점수를 부여함과학탐구 과목 응시 조합Ⅰ+ⅠⅠ+ⅡⅡ+Ⅱ조정점수없음3 5 라) 수능 성적 산출: 국어영역, 수학영역, 탐구영역 표준점수[(1)~(3)], 영어영역, 한국사영역, 제2외국어/한문영역 감점점수[(4)~(6)], 과학탐구영역 조정점수[다)]를 모두 합산함 【수능 성적 환산】 ① (모집단위 지원자 수능 성적★ 중 최고점 – 모집단위 지원자 수능 성적★ 중 최저점)이 15점 이상인 경우 ×모집단위지원자수능성적★중최고점모집단위지원자수능성적★중최저점지원자수능성적★모집단위지원자수능성적★중최저점 ② (모집단위 지원자 수능 성적★ 중 최고점 – 모집단위 지원자 수능 성적★ 중 최저점)이 15점 미만인 || - 54 - (5) 한국사영역: 3등급 이내 감점 없음. 4등급부터 아래와 같이 차등 감점함등급123456789감점0000.40.81.21.62.02.4 (6) 제2외국어/한문영역*: 2등급 이내 감점 없음. 3등급부터 아래와 같이 차등 감점함등급123456789감점000.51.01.52.02.53.03.5* 수능 응시영역기준 유형(75쪽 참고) 지원자에 한하여 적용함 다) 과학탐구영역 조정점수: 수능 응시영역기준 유형-1, -2(75쪽 참고) 지원자는 과학탐구 과목 응시 조 || 시영역기준 유형-1, -2(75쪽 참고) 지원자는 과학탐구 과목 응시 조합에 따라 아래와 같이 조정점수를 부여함과학탐구 과목 응시 조합Ⅰ+Ⅰ Ⅰ+Ⅱ Ⅱ+Ⅱ조정점수없음3 5 라) 수능 성적 산출: 국어영역, 수학영역, 탐구영역 표준점수[(1)~(3)] 및 영어영역, 한국사영역, 제2외국어/한문영역 감점점수[(4)~(6)], 과학탐구영역 조정점수[다)]를 모두 합산함 ※ 사범대학 체육교육과 【2단계】 1단계 성적 환산: 정시모집 일반전형과 동일함(31쪽 참고) 2) 실기평가* 가) 평가대상: 사범대학 체육교육과 1단계 합격자 나) 평가내용 및 방법구분종목 및 배점실시횟수비고 운동능력검사기초(1) 제자리멀리뛰기 15점2회(1), (3), (4), (5), (6): 남·여 공통 종목(2) 남: 턱걸이, 여: 오래 매달리기 15점 || 음. 2등급부터 아래와 같이 차등 감점함등급123456789감점00.52.04.06.08.010.012.014.0 (4) 영어영역: 1등급 감점 없음. 2등급부터 아래와 같이 차등 감점함등급123456789감점00.52.04.06.08.010.012.014.0 (5) 한국사영역: 3등급 이내 감점 없음. 4등급부터 아래와 같이 차등 감점함등급123456789감점0000.40.81.21.62.02.4 다) 수능 성적 산출: 국어영역, 탐구영역 표준점수[(1)~(2)] 및 수학영역, 영어영역, 한국사영역 감점점수[(3)~(5)]를 모두 합산한 후, 수능 성적의 반영 배점에 따라 환산함 ※ 미술대학 지원자의 수능 성적 최고점, 최저점을 활용하고, 정시모집 일반전형 미술대학 성적환산 방식(29쪽)을 준용하여 산출함 || 6.08.010.012.014.0 (5) 한국사영역: 3등급 이내 감점 없음. 4등급부터 아래와 같이 차등 감점함등급123456789감점0000.40.81.21.62.02.4 다) 수능 성적 산출: 국어영역, 탐구영역 표준점수[(1)~(2)] 및 수학영역, 영어영역, 한국사영역 감점점수[(3)~(5)]를 모두 합산한 후, 수능 성적의 반영 배점에 따라 환산함 ※ 미술대학 지원자의 수능 성적 최고점, 최저점을 활용하고, 정시모집 일반전형 미술대학 성적환산 방식(29쪽)을 준용하여 산출함 || : 4등급 이내 감점 없음. 5등급부터 아래와 같이 차등 감점함 등급123456789감점00000.40.81.21.62.0 (라) 영어영역: 4등급 이내 감점 없음. 5등급부터 아래와 같이 차등 감점함 등급123456789감점00000.51.01.52.02.5 (마) 한국사영역: 4등급 이내 감점 없음. 5등급부터 아래와 같이 차등 감점함 등급123456789감점00000.40.81.21.62.0 (3) 1단계 수능 성적 산출: 국어영역, 탐구영역 표준점수[(가)~(나)] 및 수학영역, 영어영역, 한국사영역 감점점수[(다)~(마)]를 모두 합산한 후, 수능 성적의 반영 배점에 따라 환산함 || .51.01.52.02.5 (마) 한국사영역: 4등급 이내 감점 없음. 5등급부터 아래와 같이 차등 감점함 등급123456789감점00000.40.81.21.62.0 (3) 1단계 수능 성적 산출: 국어영역, 탐구영역 표준점수[(가)~(나)] 및 수학영역, 영어영역, 한국사영역 감점점수[(다)~(마)]를 모두 합산한 후, 수능 성적의 반영 배점에 따라 환산함",C:\Users\User\Desktop\업무\작업\21. 정시모집 관련\00. 소스(모집요강)\서울\2027_서울대_정시요강.pdf
36,서울시립대,미반영,"16,26,28", Ⅱ 마 동점자 처리 기준 . 순위1 순위2 순위3 순위4 순위5 순위6 수능 수학영역 표준점수 우수자 수능 국어영역 표준점수 우수자 수능 탐구영역 백분위점수 과목 평균(2 ) 우수자 수능 탐구영역 표준점수 과목(2 ) 합산점수 우수자 수능 영어영역 등급 우수자 수능 한국사영역 등급 우수자 바 제출 서류 학교생활기록부 . : 쪽 학교생활기록부 제출 방법 정시모집 모든 전형 공통 확인31 < . ( )> ※ Ⅷ ||  Ⅱ 마 동점자 처리 기준 . 순위1 순위2 순위3 순위4 순위5 순위6 수능 수학영역 표준점수 우수자 수능 국어영역 표준점수 우수자 수능 탐구영역 백분위점수 과목 평균(2 ) 우수자 수능 탐구영역 표준점수 과목(2 ) 합산점수 우수자 수능 영어영역 등급 우수자 수능 한국사영역 등급 우수자 바 제출 서류 과 모두 제출 . : ① ② 학교생활기록부 : ① 쪽 학교생활기록부 제출 방법 정시모집 모든 전형 공통 확인31 < . ( )> Ⅷ 정원 외 특별전형 지원자격 확인 서류 : ② 쪽 정원 외 특별전형 지원자격 확인 서류 제출 방법29 <3. > 확인 ||  Ⅱ 마 동점자 처리 기준 . 순위1 순위2 순위3 순위4 순위5 순위6 수능 수학영역 표준점수 우수자 수능 국어영역 표준점수 우수자 수능 탐구영역 백분위점수 과목 평균(2 ) 우수자 수능 탐구영역 표준점수 과목(2 ) 합산점수 우수자 수능 영어영역 등급 우수자 수능 한국사영역 등급 우수자 바 제출 서류 과 모두 제출 . : ① ② 학교생활기록부 : ① 쪽 학교생활기록부 제출 방법 정시모집 모든 전형 공통 확인31 < . ( )> Ⅷ 정원 외 특별전형 지원자격 확인 서류 : ② 쪽 정원 외 특별전형 지원자격 확인 서류 제출 방법29 <3. > 확인,C:\Users\User\Desktop\업무\작업\21. 정시모집 관련\00. 소스(모집요강)\서울\2027_서울시립대_정시요강.pdf
37,서울여대,가점,"5,20,29","5 6. 대학수학능력시험 영어 등급별 환산점수구분1등급2등급3등급4등급5등급6등급7등급8등급9등급비고환산점수100979385705035200100점 만점7. 대학수학능력시험 한국사 등급별 가산점 - 한국사는 아래와 같이 모집단위별로 등급에 따라 가산점 부여구분1등급2등급3등급4등급5등급6등급7등급8등급9등급비고상기 명시된 학과(전공)를 제외한 모든 모집단위5.005.005.004.954.804.504.002.000400점 만점스포츠운동과학과산업디자인학과현대미술전공공예_컬렉터블디자인전공시각디자인전공5.005.005.005.004.954.804.504.000100점 만점 8. 학교폭력조치사항 반영방법 - 학교생활기록부에 학교폭력 관련  || 5 6. 대학수학능력시험 영어 등급별 환산점수구분1등급2등급3등급4등급5등급6등급7등급8등급9등급비고환산점수100979385705035200100점 만점7. 대학수학능력시험 한국사 등급별 가산점 - 한국사는 아래와 같이 모집단위별로 등급에 따라 가산점 부여구분1등급2등급3등급4등급5등급6등급7등급8등급9등급비고상기 명시된 학과(전공)를 제외한 모든 모집단위5.005.005.004.954.804.504.002.000400점 만점스포츠운동과학과산업디자인학과현대미술전공공예_컬렉터블디자인전공시각디자인전공5.005.005.005.004.954.804.504.000100점 만점 8. 학교폭력조치사항 반영방법 - 학교생활기록부에 학교폭력 관련 기재사항이 있을 경우, 아 || 나. 반영방법 ▪ 반영영역의 백분위를 영역별 점수환산 방법으로 환산하여 반영 ▪ 탐구영역(직업탐구영역 제외)은 2개 과목 중 상위 1개 과목의 백분위를 본교에서 선택하여 반영하며, 제2외국어/한문은 반영하지 않음 ▪ 수능 영어 등급별 환산점수 : p.5 참조 ▪ 수능 한국사 반영방법 : p.5 참조 || 공학부(과학기술융합),자유전공학부(광역),과학기술융합대학 전체,디지털미디어학과,지능정보보호학부,인공지능정보,소프트웨어전공,데이터사이언스전공 수학 → 영어 → 과학탐구 선택 여부 → 탐구 영역 상위 1과목 → 국어 → 본교 사정원칙에 따름 스포츠운동과학과반영된 수능점수(한국사 가산점 포함) → 국어 반영 여부 → 영어 반영 여부 → 국어+영어 → 수학 반영 여부→ 체력검사 검사종목별 점수 표준편차가 적은 자 → 반영되지 않은 영역 (탐구일 경우 상위 1과목) → 본교 사정 원칙에 따름산업디자인학과,아트앤디자인스쿨 전체(단, 첨 단 미 디 어 디 자 인 전 공 제 외) 반영된 수능점수(한국사 가산점 포함) → 영어 반영 여부 → 국어 반영 여부 → 국어+영어 → 수학 반영 여부 → 실기고사 평가위원별 점수 표준편차가 적은 자 → || 영 여부 → 국어+영어 → 수학 반영 여부→ 체력검사 검사종목별 점수 표준편차가 적은 자 → 반영되지 않은 영역 (탐구일 경우 상위 1과목) → 본교 사정 원칙에 따름산업디자인학과,아트앤디자인스쿨 전체(단, 첨 단 미 디 어 디 자 인 전 공 제 외) 반영된 수능점수(한국사 가산점 포함) → 영어 반영 여부 → 국어 반영 여부 → 국어+영어 → 수학 반영 여부 → 실기고사 평가위원별 점수 표준편차가 적은 자 → 반영되지 않은 영역 (탐구일 경우 상위 1과목) → 본교 사정 원칙에 따름 ※ 수능 영어 등급별 환산점수 : p.5 참조6. 서류제출시 유의사항 대학수학능력시험 백분위, 실기고사 점수 중 본교에서 정한 기준에 따라 동점자를 처리합니다.",C:\Users\User\Desktop\업무\작업\21. 정시모집 관련\00. 소스(모집요강)\서울\2027_서울여대_정시요강.pdf
38,성결대,확인 필요,,,C:\Users\User\Desktop\업무\작업\21. 정시모집 관련\00. 소스(모집요강)\경기인천강원\2. 경기인천\2027_성결대_정시요강.hwp
39,성공회대,가점,"12,14,20,21,22","학부33.4% (택1, 백분위 점수가 높은 과목) 33.3%33.3%(택1, 백분위 점수가 높은 과목)경영학부사회융합학부미디어콘텐츠융합학부미래융합학부소프트웨어융합학부자유전공학부※ 점수 활용지표: 백분위※ 영어 – 대학 자체 등급별 백분위로 환산 반영(p.19 참조)※ 한국사 – 대학 자체 등급별 가산점 반영(p.19 참조)※ 제2외국어/한문 영역 – 전 모집단위에서 반영하지 않음 3. 특별전형 학생부 반영비율 및 반영방법전형명전형방법수능최저기준비고기회균형선발지정교과 100%해당없음등급 표기되는 지정교과농어촌학생지정교과 100%해당없음등급 표기되는 지정교과특성화고교졸업자전체교과 100%해당없음등급 표기되는 전체교과※ 지정교과 – 대학 자체 교과영역별 과목 반영(p.20 참조)※ 3학년 2학기까지 반영 || 부 학교폭력 기재사항에 따라 총점에서 감점 반영합니다.3) 군별 모집단위의 모집인원 100%를 전형 방법에 따라 환산점수 순으로 선발합니다.4) 일반전형의 동점자(본교 성적계산식에 의한 환산점수를 소수점 3자리까지 반영_소수점 4자리에서 반올림)는 반영된 수능 영역(한국사 포함)의 등급 합이 낮은 자 ②반영된 수능 영역(영어, 한국사 제외)의 백분위 합이 높은자 ③탐구영역의 백분위 합이 높은 자 순으로 선발합니다. 3단계까지도 동점인 경우 본교 입학전형관리위원회가 정하는 바에 따릅니다. 5) 특별전형의 동점자(본교 성적계산식에 의한 환산점수를 소수점 3자리까지 반영_소수점 4자리에서 반올림)는 ①반영과목 등급 합이 낮은 자 ②반영과목 이수단위 합이 높은 자 ③국어·수학 반영과목 등급 합이 낮은 자 ④국어·수학 반영과목 이수 ||  모집단위의 모집인원 100%를 전형 방법에 따라 환산점수 순으로 선발합니다.4) 일반전형의 동점자(본교 성적계산식에 의한 환산점수를 소수점 3자리까지 반영_소수점 4자리에서 반올림)는 반영된 수능 영역(한국사 포함)의 등급 합이 낮은 자 ②반영된 수능 영역(영어, 한국사 제외)의 백분위 합이 높은자 ③탐구영역의 백분위 합이 높은 자 순으로 선발합니다. 3단계까지도 동점인 경우 본교 입학전형관리위원회가 정하는 바에 따릅니다. 5) 특별전형의 동점자(본교 성적계산식에 의한 환산점수를 소수점 3자리까지 반영_소수점 4자리에서 반올림)는 ①반영과목 등급 합이 낮은 자 ②반영과목 이수단위 합이 높은 자 ③국어·수학 반영과목 등급 합이 낮은 자 ④국어·수학 반영과목 이수단위 합이 높은 자 ⑤국어·수학·영어·사회·과학 전과목 등급 합 || 융합학부 ※ 2027학년도 대학수학능력시험 성적 중 ‘반영 영역’의 백분위 점수 반영 * 전모집단위: 영어 33.3% + (국어 33.4% 또는 수학 33.4%) + 탐구 1과목 33.3% * 영어는 등급별 백분위로 반영함 [p.19 영어 등급별 반영 방법 참조] * 한국사는 가산점 부여 방식으로 반영함 [p.19 한국사 등급별 가산점 참조] * 미래융합학부, 소프트웨어융합학부 수학백분위 가산점 부여(10%) : 국어백분위 또는 수학가산반영백분위(수학백분위*1.1) 중 높은 점수로 반영한다. 가산은 총점이 아닌 수학점수에 반영하며 최대 33.4%를 넘지 아니한다. - 일반학생전형 계산식(500점 환산 계산식) {영어33.3% + (국어33.4% 또는 수학33.4%) + 탐구33.3%} * 5 + 한국사 가산점 2) 가산점 부 || 중 ‘반영 영역’의 백분위 점수 반영 * 전모집단위: 영어 33.3% + (국어 33.4% 또는 수학 33.4%) + 탐구 1과목 33.3% * 영어는 등급별 백분위로 반영함 [p.19 영어 등급별 반영 방법 참조] * 한국사는 가산점 부여 방식으로 반영함 [p.19 한국사 등급별 가산점 참조] * 미래융합학부, 소프트웨어융합학부 수학백분위 가산점 부여(10%) : 국어백분위 또는 수학가산반영백분위(수학백분위*1.1) 중 높은 점수로 반영한다. 가산은 총점이 아닌 수학점수에 반영하며 최대 33.4%를 넘지 아니한다. - 일반학생전형 계산식(500점 환산 계산식) {영어33.3% + (국어33.4% 또는 수학33.4%) + 탐구33.3%} * 5 + 한국사 가산점 2) 가산점 부여 방법 및 등급 점수 전환 안내 모집군모집단위수 || 가산반영백분위(수학백분위*1.1) 중 높은 점수로 반영한다. 가산은 총점이 아닌 수학점수에 반영하며 최대 33.4%를 넘지 아니한다. - 일반학생전형 계산식(500점 환산 계산식) {영어33.3% + (국어33.4% 또는 수학33.4%) + 탐구33.3%} * 5 + 한국사 가산점 2) 가산점 부여 방법 및 등급 점수 전환 안내 모집군모집단위수능 반영 영역과 비율(%)국어수학영어탐구한국사『가』군자유전공학부p.19 영어 등급별 반영 방법 참조p.19 한국사 등급별 가산점 참조『나』군인문융합콘텐츠학부미디어콘텐츠융합학부미래융합학부가산점 10%『다』군경영학부사회융합학부소프트웨어융합학부가산점 10%※ 수학의 가산점 반영 점수는 총점의 33.4%를 초과할 수 없음 ||  넘지 아니한다. - 일반학생전형 계산식(500점 환산 계산식) {영어33.3% + (국어33.4% 또는 수학33.4%) + 탐구33.3%} * 5 + 한국사 가산점 2) 가산점 부여 방법 및 등급 점수 전환 안내 모집군모집단위수능 반영 영역과 비율(%)국어수학영어탐구한국사『가』군자유전공학부p.19 영어 등급별 반영 방법 참조p.19 한국사 등급별 가산점 참조『나』군인문융합콘텐츠학부미디어콘텐츠융합학부미래융합학부가산점 10%『다』군경영학부사회융합학부소프트웨어융합학부가산점 10%※ 수학의 가산점 반영 점수는 총점의 33.4%를 초과할 수 없음 || 어33.3% + (국어33.4% 또는 수학33.4%) + 탐구33.3%} * 5 + 한국사 가산점 2) 가산점 부여 방법 및 등급 점수 전환 안내 모집군모집단위수능 반영 영역과 비율(%)국어수학영어탐구한국사『가』군자유전공학부p.19 영어 등급별 반영 방법 참조p.19 한국사 등급별 가산점 참조『나』군인문융합콘텐츠학부미디어콘텐츠융합학부미래융합학부가산점 10%『다』군경영학부사회융합학부소프트웨어융합학부가산점 10%※ 수학의 가산점 반영 점수는 총점의 33.4%를 초과할 수 없음",C:\Users\User\Desktop\업무\작업\21. 정시모집 관련\00. 소스(모집요강)\서울\2027_성공회대_정시요강.pdf
40,성균관대,감점,"26,27,28,32,33,35,36,38,39,40,41,42","*로서아래 2027학년도 대학수학능력시험 필수응시영역에 응시한 자*2027년 2월 2학년 수료예정자 중 상급학교 조기입학 자격 부여자(상급학교 진학대상자) 포함 ■ 대학수학능력시험 필수응시영역모집단위필수응시영역전체 모집단위국어, 수학, 영어, 사탐/과탐(2개 과목), 한국사2. 선발방법전형요소 및 반영비율(%)대학수학능력시험 100전 형 총 점1,000수 능 최 저 학 력 기 준없음선 발 방 법모집군 및 모집단위별 수능 반영 방법에 따른 총점 순으로 최종합격자 선발(단, 의예과의 경우 면접 결격자는 전형 총점과 관계없이 선발하지 않음) 동 점 자 처 리 방 법① 대학수학능력시험의 국어, 수학, 탐구, 탐구 4개 과목 표준점수 합이 우수한 자② 대학수학능력시험의 수학영역 표준점수가 우수한 자③ 대학수학능력시험의 국어영역 표준점 || 4개 과목 표준점수 합이 우수한 자② 대학수학능력시험의 수학영역 표준점수가 우수한 자③ 대학수학능력시험의 국어영역 표준점수가 우수한 자④ 대학수학능력시험의 탐구영역 상위 1개 과목 표준점수가 우수한 자⑤ 대학수학능력시험의 영어영역 등급이 우수한 자⑥ 대학수학능력시험의 한국사 등급이 우수한 자⑦ 학생부 석차등급 평균이 우수한 자(학생부가 없는 자는 비교내신 적용)※ 학교폭력 조치 사항 1호의 경우 100점 감점, 2~9호의 경우 전형 총점 0점 처리함 || - 22 - 3. 수능 반영 방법 ■ 가군모집단위국어수학탐구영어한국사화법과작문언어와매체확률과통계미적분기하사회과학자유전공계열, 사회과학계열우수한 영역 순 45, 35 1010감점적용의상학과, 자연과학계열, 반도체시스템공학과, 약학과, 글로벌AI융합학부15 우수한 영역 순 40, 30 15의예과30 30 2020※ 1) 수능성적은 영역별 표준점수를 반영함- 국어 및 수학 영역은 표준점수, 영어 영역은 등급을 활용한 자체 변환표준점수 활용- 탐구 영역은 백분위를 활용한 자체 변환표준점수 활용 2) 탐구영역은 2개 과목을 반영함  || 개 과목을 반영함 3) 글로벌AI융합학부, 자유전공계열, 자연과학계열, 반도체시스템공학과, 약학과, 의예과는 과학탐구 과목 선택자에게 가산점(최대 5%)을 부여할 수 있음 4) 사회과학계열, 의상학과는 미적분 과목 선택자에게 가산점(최대 3%)을 부여할 수 있음 5) 한국사 등급별 감점 점수등급123456789감점0 0 0 0 1 2 5 1020 ■ 나군모집단위국어수학탐구영어한국사화법과작문언어와매체확률과통계미적분기하사회과학경영학과, 영상학과, 공학계열, 컴퓨터공학과우수한 영역 순 45, 30 1510감점적용인문과학계열, 글로벌리더학부, 전자전기정보공학부, 바이오신약·규제과학과, 지능형소프트웨어학과우수한 영역 순 35, 30 1520※ 1) 수능성적은 영역별 백분위를 반영함(영어 영역은 등급을 활용한 자체 변환백분위 활용) 2 || 과학탐구 과목 선택자에게 가산점(최대 5%)을 부여할 수 있음 4) 사회과학계열, 의상학과는 미적분 과목 선택자에게 가산점(최대 3%)을 부여할 수 있음 5) 한국사 등급별 감점 점수등급123456789감점0 0 0 0 1 2 5 1020 ■ 나군모집단위국어수학탐구영어한국사화법과작문언어와매체확률과통계미적분기하사회과학경영학과, 영상학과, 공학계열, 컴퓨터공학과우수한 영역 순 45, 30 1510감점적용인문과학계열, 글로벌리더학부, 전자전기정보공학부, 바이오신약·규제과학과, 지능형소프트웨어학과우수한 영역 순 35, 30 1520※ 1) 수능성적은 영역별 백분위를 반영함(영어 영역은 등급을 활용한 자체 변환백분위 활용) 2) 탐구영역은 2개 과목을 반영함 3) 전자전기정보공학부, 공학계열, 컴퓨터공학과, 바이오신약·규제과학과, 지 || 구영역은 2개 과목을 반영함 3) 전자전기정보공학부, 공학계열, 컴퓨터공학과, 바이오신약·규제과학과, 지능형소프트웨어학과는 과학탐구 과목 선택자에게 가산점(최대 5%)을 부여할 수 있음 4) 경영학과는 미적분 과목 선택자에게 가산점(최대 3%)을 부여할 수 있음 5) 한국사 등급별 감점 점수등급123456789감점0 0 0 0 1 2 5 1020 || - 23 - ■ 다군모집단위국어수학탐구영어한국사화법과작문언어와매체확률과통계미적분기하사회과학글 로 벌 경 제 학 과, 건 설 환 경 공 학 부, 반 도 체 융 합 공 학 과, 인 공 지 능 학 과우수한 영역 순 45, 35 1010감점적용글로벌경영학과, 배터리학과, 글로벌바이오메디컬공학과, 에너지학과, 양자정보공학과우수한 영역 순 35, 30 2510※ 1) 수능성적은 영역별 표준점수를 반영함- 국어 및 수학 영역은 표준점수, 영어 영역은 등급을 활용한 자체 변환표준점수 활용- 탐구 영역은 백분위를 활용 || 디컬공학과, 반도체융합공학과, 에너지학과, 양자정보공학과, 인공지능학과, 배터리학과, 건설환경공학부는 과학탐구 과목 선택자에게 가산점(최대 5%)을 부여할 수 있음 4) 글로벌경영학과, 글로벌경제학과는 미적분 과목 선택자에게 가산점(최대 3%)을 부여할 수 있음 5) 한국사 등급별 감점 점수등급123456789감점0 0 0 0 1 2 5 10204. 면접시험 안내(의예과) 가. 수능위주 일반전형(일반계열) 모집단위 중 의예과에 한해 인·적성 면접을 실시하며, 결격 여부를 판단하는 방식으로만 활용합니다. 나. 면접시험 방법 및 일정은 변경될 수 있으며, 변경 시 우리대학 입학처 홈페이지에 별도 공지 예정입니다.시 험 장 발 표2027. 1. 8.(금), 성균관대학교 입학처 홈페이지 (https://admission.skku.e",C:\Users\User\Desktop\업무\작업\21. 정시모집 관련\00. 소스(모집요강)\서울\2027_성균관대_정시요강.pdf
41,성신여대,가점,"20,24,29,44,45,46","영역은 사회탐구, 과학탐구에서 계열 구분 없이 2과목을 응시해야하며 직업탐구는 인정하지 않음. 단, *간호학과(인문)는 사회탐구에서 2과목 또는 사회탐구, 과학탐구에서 각 1과목씩 2과목을 응시해야 하며, 간호학과(자연)는 반드시 과학탐구에서 2과목을 응시해야 함 ※ 한국사는 지원자격 필수로 등급에 따른 가산점을 부여함 (1등급 2점, 2등급 1.5점, 3등급 1점, 4등급 0.5점, 5~9등급 가산점 없음) 모집군모집단위수능 지정영역(반영비율)국어수학영어탐구(사회/과학) ㉮ 창의융합학부(자유전공) 30%30%20%20%수리통계데이터사이언스학부, 화학·에너지융합학부, 바이오헬스융합학부, 바이오신약의과학부20%30%20%30%AI융합학과, 융합AI반도체공학과10%35%30%25%*간호학과(인문) 20%30%20%30%(사회 또 ||  반영방법 44쪽 참조) ※ 탐구영역은 2과목 백분위 점수 평균을 반영함(제2외국어 또는 한문 대체 불가) ※ 탐구영역은 사회탐구, 과학탐구에서 계열 구분 없이 2과목을 응시해야하며 직업탐구는 인정하지 않음 단, 간호학과는 반드시 과학탐구에서 2과목을 응시해야 함 ※ 한국사는 지원자격 필수로 등급에 따른 가산점을 부여함 (1등급 2점, 2등급 1.5점, 3등급 1점, 4등급 0.5점, 5~9등급 가산점 없음) ||  참조) ※ 영어영역은 등급에 따른 환산점수를 부여함(대학수학능력시험 반영방법 44쪽 참조) ※ 탐구영역은 2과목 백분위 점수 평균을 반영함(제2외국어 또는 한문 대체 불가) ※ 탐구영역은 사회탐구, 과학탐구, 직업탐구에서 계열 구분 없이 2과목을 응시해야 반영함 ※ 한국사는 지원자격 필수로 등급에 따른 가산점을 부여함 (1등급 2점, 2등급 1.5점, 3등급 1점, 4등급 0.5점, 5~9등급 가산점 없음) 6. 선발방법 가. 전형요소별 반영비율에 따라 일괄 합산하여 모집단위별 성적순으로 선발합니다. 나. 동점자는 우리 대학교 동점자 처리원칙에 따라 순위를 부여합니다.(48쪽 참조) 다. 지원자격미달자, 서류 미제출자, 허위기재 및 서류 위(변)조자, 수능 지정영역 미응시자, 탐구영역 2과목 미만 응시자, 합격자 중 미등록 || 학탐구, 직업탐구에서 2과목을 응시해야 함 2) 탐구영역은 2과목 백분위 점수의 평균을 반영합니다. (제2외국어 또는 한문 대체 불가) 마. 수능 지정영역이 선택인 경우, 성적이 상위인 수능영역 성적을 반영합니다. (동점인 경우 가산점이 부여되는 영역을 반영함) 바. 한국사는 지원자격 필수로 등급에 따른 가산점을 부여합니다.구분1등급2등급3등급4등급5등급6등급7등급8등급9등급가산점2.01.51.00.5 02. 수능성적 산출방법 가. 수능성적은 지정영역별 백분위 점수를 반영비율에 따라 합산하여 적용합니다.구분 수능성적지정영역 4개 반영 학과∑(지정영역 백분위 점수 × 영역 반영비율)상위 3개 영역 반영 학과∑(상위 3개 영역 백분위 점수) ÷ 3 ※ 영어영역은 ‘백분위 환산점수’를 반영함 나. 수능 반영비율에 따른 성적 환산방 || 점수능100%500점0점- - -500점60%300점0점40%200점0점55%275점0점45%225점0점실기/실적40%200점0점60%300점0점30%150점0점70%350점0점 4. 수능성적 산출 예시 예시1) 일반학생전형 바이오헬스융합학부 지원자: 과학탐구 응시, 한국사* 1등급 수능영역점수 및 반영비율 국어수학영어과학탐구확률과통계화학Ⅰ생명과학Ⅰ수험생의 백분위 점수94852등급859087.5반영여부 및 비율필수(20%)필수(30%)필수(20%)필수(30%)수능성적(500점 만점) = {(94×0.2)+(85×0.3)+(97×0.2)+(87.5×0.3)}×5.0+(90×0.1)+2* = 460.75 ‣ 일반학생전형 바이오헬스융합학부는 국어, 수학, 영어, 탐구영역을 필수로 반영함 ‣ 영어영역 등급이 2등급이므로 백분위 환산 || 2등급이므로 백분위 환산점수 97점을 적용함 ‣ 탐구영역은 과학탐구 2과목 평균 점수 87.5점을 적용함 ‣ 바이오헬스융합학부는 과학탐구 최상위 한 과목 백분위 점수의 가산점(백분위 점수의 10%)이 있으며 수능성적을 반영비율에 따라 환산한 후 총점에 가산함 ‣ *: 한국사는 지원자격 필수로 등급에 따른 가산점을 총점에 부여함 (1등급 2점, 2등급 1.5점, 3등급 1점, 4등급 0.5점, 5~9등급 가산점 없음) || 2027학년도 정시 신입생 모집요강 46SUNGSHIN WOMEN’S UNIVERSITY 예시2) 일반학생전형 스포츠과학부 지원자: 사회탐구 1과목 응시, 한국사* 1등급 수능영역점수 및 반영비율 국어수학영어사회탐구한문확률과 통계사회·문화수험생의 백분위 점수94902등급8590반영여부 및 비율선택(1/3)선택(1/3)선택(1/3)탐구 1과목 응시(반영불가, 제2외국어/한문 대체 불가)수능성적(300점 만점) = {(94+90+97)÷3}×3.0+2* = 283.0 ‣ 일반학생전형 스포츠과학부는 국어, 수학, 영어, 탐구영역 중 상위 3개 영역을 선택하여 반영함 (수능반영비율 60%) ‣ 영어영역 등급이 2등급이므로 || 어, 탐구영역 중 상위 3개 영역을 선택하여 반영함 (수능반영비율 60%) ‣ 영어영역 등급이 2등급이므로 백분위 환산점수 97점을 적용함 ‣ 탐구영역을 1과목만 응시하였으므로 탐구영역은 반영하지 않으며 제2외국어/한문을 탐구영역 1과목으로도 대체할 수 없음 ‣ *: 한국사는 지원자격 필수로 등급에 따른 가산점을 총점에 부여함 (1등급 2점, 2등급 1.5점, 3등급 1점, 4등급 0.5점, 5~9등급 가산점 없음) 예시3) 일반학생전형 간호학과(자연) 지원자: 과학탐구 응시, 한국사* 1등급 수능영역점수 및 반영비율 국어수학영어과학탐구미적분물리학Ⅰ화학Ⅱ수험생의 백분위 점수85942등급859590반영여부 및 비율필수(20%)필수(30%)필수(20%)필수(30%)수능성적(500점 만점) = {(85×0.2)+(94×0.3)+(",C:\Users\User\Desktop\업무\작업\21. 정시모집 관련\00. 소스(모집요강)\서울\2027_성신여대_정시요강.pdf
42,세종대,가점,"19,20,21,25,26,29,38,40","학교, 각종 대안학교, 평생교육법에 따른 학력인정 평생교육시설 졸업(예정)자, 종합고의 일반고 교육과정 졸업(예정)자는 지원할 수 없음 ※ 모집단위와 관련된 전문교과의 타당성 여부는 본교에서 최종 판정함 나. 2027학년도 대학수학능력시험 본교 모집단위별 반영영역 및 한국사에 응시한 자 - 인문/자연계열 : 국어, 수학, 영어, 사회/과학/직업탐구, 한국사 영역 응시자 ※ 탐구영역은 반드시 2과목을 응시하여야 지원 가능함 ※ 자연계열은 수학 및 과학탐구 가산점을 적용하며 자세한 사항은 46쪽 참고2. 전형방법모집기간 군 모집단위사정방법전형요소전형총점수능성적가군/나군/다군인문계열일괄합산100%1,000점(0 ~ 1,000)자연계열 ※ 한국사 등급별 가산점 부여 (1 ~ 3등급 : 10점, 4등급부터 1등급 당 0.2점씩 감산) || 의 일반고 교육과정 졸업(예정)자는 지원할 수 없음 ※ 모집단위와 관련된 전문교과의 타당성 여부는 본교에서 최종 판정함 나. 2027학년도 대학수학능력시험 본교 모집단위별 반영영역 및 한국사에 응시한 자 - 인문/자연계열 : 국어, 수학, 영어, 사회/과학/직업탐구, 한국사 영역 응시자 ※ 탐구영역은 반드시 2과목을 응시하여야 지원 가능함 ※ 자연계열은 수학 및 과학탐구 가산점을 적용하며 자세한 사항은 46쪽 참고2. 전형방법모집기간 군 모집단위사정방법전형요소전형총점수능성적가군/나군/다군인문계열일괄합산100%1,000점(0 ~ 1,000)자연계열 ※ 한국사 등급별 가산점 부여 (1 ~ 3등급 : 10점, 4등급부터 1등급 당 0.2점씩 감산) ※ 대학수학능력시험 반영방법은 46쪽 참고3. 선발원칙 가. 모집단위별 모집인원의  || ※ 탐구영역은 반드시 2과목을 응시하여야 지원 가능함 ※ 자연계열은 수학 및 과학탐구 가산점을 적용하며 자세한 사항은 46쪽 참고2. 전형방법모집기간 군 모집단위사정방법전형요소전형총점수능성적가군/나군/다군인문계열일괄합산100%1,000점(0 ~ 1,000)자연계열 ※ 한국사 등급별 가산점 부여 (1 ~ 3등급 : 10점, 4등급부터 1등급 당 0.2점씩 감산) ※ 대학수학능력시험 반영방법은 46쪽 참고3. 선발원칙 가. 모집단위별 모집인원의 100%를 지원자의 총점 순으로 선발함 나. 동점자 처리기준(우선순위) ① 인문계열 : 수능 영역별 반영점수 (영어 > 국어 > 수학 > 탐구) 우수자 > 수능 한국사 등급 우수자 ② 자연계열 : 수능 영역별 반영점수 (수학 > 영어 > 탐구 > 국어) 우수자 > 수능 한국사 등급 우수자 || 급 당 0.2점씩 감산) ※ 대학수학능력시험 반영방법은 46쪽 참고3. 선발원칙 가. 모집단위별 모집인원의 100%를 지원자의 총점 순으로 선발함 나. 동점자 처리기준(우선순위) ① 인문계열 : 수능 영역별 반영점수 (영어 > 국어 > 수학 > 탐구) 우수자 > 수능 한국사 등급 우수자 ② 자연계열 : 수능 영역별 반영점수 (수학 > 영어 > 탐구 > 국어) 우수자 > 수능 한국사 등급 우수자4. 전형일정원서접수2027.01.04.(월) 10시 ~ 01.07.(목) 18시까지서류제출2027.01.04.(월) 10시 ~ 01.08.(금) 18시까지 ※등기우편은 2027.01.08.(금) 소인까지 유효최초합격자 발표2027.02.05.(금) 17시 예정(입학안내 홈페이지에서 개별 확인)5. 제출서류대상자 구분 제출서류필수학력학교 || 00%를 지원자의 총점 순으로 선발함 나. 동점자 처리기준(우선순위) ① 인문계열 : 수능 영역별 반영점수 (영어 > 국어 > 수학 > 탐구) 우수자 > 수능 한국사 등급 우수자 ② 자연계열 : 수능 영역별 반영점수 (수학 > 영어 > 탐구 > 국어) 우수자 > 수능 한국사 등급 우수자4. 전형일정원서접수2027.01.04.(월) 10시 ~ 01.07.(목) 18시까지서류제출2027.01.04.(월) 10시 ~ 01.08.(금) 18시까지 ※등기우편은 2027.01.08.(금) 소인까지 유효최초합격자 발표2027.02.05.(금) 17시 예정(입학안내 홈페이지에서 개별 확인)5. 제출서류대상자 구분 제출서류필수학력학교생활기록부 온라인 제공 동의자없음학교생활기록부 온라인 제공 비동의자 및 불가자학교생활기록부 출력물 1부특성화고 || 정된 자 ※ 「학교폭력예방 및 대책에 관한 법률」에 따른 조치사항(1호~9호)이 학교생활기록부에 기재되어있는 자는 지원 불가 나. 최종합격자 발표 후 본교에 등록하여 당해연도 최초 학기 수강이 가능한 자 다. 2027학년도 대학수학능력시험 본교 모집단위별 반영영역 및 한국사 영역에 응시한 자 ※ 국어, 수학, 영어, 탐구(2과목, 직업탐구 제외), 한국사 영역 응시자 라. 군인사법 제10조(결격사유 등)에 저촉되지 아니한 자로서 임관일 기준 만 20세 이상 29세 이하인 자 ※ 2027학년도 입학자의 임관기준일 : 2031년 6월 1일(2001. 06. 02. ~ 2011. 06. 01. 사이 출생자) ※ 군필자는 임관일 기준 나이 산정 시, 제대군인 지원에 관한 법률 시행령 제19조에 의거하여 군복무기간별 아래의 나이를 합 || 교생활기록부에 기재되어있는 자는 지원 불가 나. 최종합격자 발표 후 본교에 등록하여 당해연도 최초 학기 수강이 가능한 자 다. 2027학년도 대학수학능력시험 본교 모집단위별 반영영역 및 한국사 영역에 응시한 자 ※ 국어, 수학, 영어, 탐구(2과목, 직업탐구 제외), 한국사 영역 응시자 라. 군인사법 제10조(결격사유 등)에 저촉되지 아니한 자로서 임관일 기준 만 20세 이상 29세 이하인 자 ※ 2027학년도 입학자의 임관기준일 : 2031년 6월 1일(2001. 06. 02. ~ 2011. 06. 01. 사이 출생자) ※ 군필자는 임관일 기준 나이 산정 시, 제대군인 지원에 관한 법률 시행령 제19조에 의거하여 군복무기간별 아래의 나이를 합산하여 적용복무기간1년 미만1년 이상 ∼ 2년 미만2년 이상합산 나이1세 2세 3세 ||  제출서류는 1단계 합격자 발표 시 안내 예정)4. 선발원칙 가. 모집인원의 100%를 지원자의 총점 순으로 선발함 나. 동점자 처리기준(우선순위) ① 수능 영역별 반영점수(수학 > 영어 > 탐구 > 국어) 우수자 ② 2단계 전형(체력검정+면접평가) 점수합 우수자 ③ 한국사 등급 우수자 순 ※ 이후 동점자 처리는 대학입학전형관리위원회에서 결정함 구분건강체력 항목(평가 반영) 운동체력 항목(평가 미반영)청소년(만 13 ~ 18세)- 근력(상대악력) - 근지구력(택1: 윗몸말아올리기, 반복점프)- 심폐지구력(택1: 왕복오래달리기(20m), 트레드밀/스텝검사)- 유연성(앉아윗몸앞으로굽히기) - 민첩성(일리노이)- 순발력(체공시간)- 협응력(눈-손 협응력)성인(만 19 ~ 64세)- 근력(상대악력) - 근지구력(교차윗몸일으키기)- ",C:\Users\User\Desktop\업무\작업\21. 정시모집 관련\00. 소스(모집요강)\서울\2027_세종대_정시요강.pdf
43,수원대,가점,"20,21,23","20 3 모집안내 대학수학능력시험 반영방법 계열 과목별 반영비율 합계 반영비율 수학 미적분, 기하 가산점 한국사 인문계열 국어(30%) + 수학, 영어, 탐구(1과목) 반영성적 상위 순위로 30%, 25%, 15% 순으로 반영 - 가산점 부여 100% 자연계열 수학(30%) + 국어, 영어, 탐구(1과목) 반영성적 상위 순위로 30%, 25%, 15% 순으로 반영 백분위 10% 가산점 부여 100% 반영영역 및 비율 (제2외국어, 한문은 반영하지 않음) ※ 디지털콘텐츠는 인문계열 반영비율을 따름 모집단위 반영영역 국어 수학 영어 사탐/과탐/직탐 한국사 제2외국어/한 || , 영어, 탐구(1과목) 반영성적 상위 순위로 30%, 25%, 15% 순으로 반영 백분위 10% 가산점 부여 100% 반영영역 및 비율 (제2외국어, 한문은 반영하지 않음) ※ 디지털콘텐츠는 인문계열 반영비율을 따름 모집단위 반영영역 국어 수학 영어 사탐/과탐/직탐 한국사 제2외국어/한문 자유전공학부 o o o o 가산점부여 - 인문계열 o o o o 가산점부여 - 자연계열 o o o o 가산점부여 - 예체능계열 o o o o 가산점부여 - ※ 수학영역 선택구분 없이 지원가능 ※ 전형유형별로 반영하는 과목이 다름 반영영역 수능위주_수능일반전형 1 계열 과목별 반영비율 합계 반영비율 수학 미적분, 기하가산점 한국사 자유전공학부 국어, 수학, 영어, 탐구(1과목) 반영성적 상위 순위로 3개 영역 45%, 35%, 20% 순으로 ||  o o 가산점부여 - 자연계열 o o o o 가산점부여 - 예체능계열 o o o o 가산점부여 - ※ 수학영역 선택구분 없이 지원가능 ※ 전형유형별로 반영하는 과목이 다름 반영영역 수능위주_수능일반전형 1 계열 과목별 반영비율 합계 반영비율 수학 미적분, 기하가산점 한국사 자유전공학부 국어, 수학, 영어, 탐구(1과목) 반영성적 상위 순위로 3개 영역 45%, 35%, 20% 순으로 반영 (1개 영역 제외) 백분위 10% 가산점 부여 100% 인문계열 - 가산점 부여 100% 자연계열 백분위 10% 가산점 부여 100% 수능위주_수능일반전형 2 ※ 디지털콘텐츠는 인문계열 반영비율을 따름 ※ 자유전공학부, 자연계열은 반영비율에 수학(미적분,기하)이 포함 될 경우 가산점 적용 ※ 자연계열 지원자의 경우 수학을 포함한 2개 영역 ||  가산점 적용 ※ 자연계열 지원자의 경우 수학을 포함한 2개 영역이 동점일 경우, 수학을 우선 반영 ※ 미등록에 의한 농어촌학생전형, 특성화고졸업자전형 포함 ※ 미등록에 의한 농어촌학생전형(연기예술) 포함 계열 과목별 반영 비율 합계 반영비율 수학 미적분, 기하가산점 한국사 예체능 국어, 수학, 영어, 탐구(1과목) 중 반영성적 상위 순위로 50%, 50% 로 2개 영역 반영 - 가산점 부여 100% 실기위주_일반학생전형(예체능) || 강_정시모집 나군/다군 21 영어등급 1 2 3 4 5 6 7 8 9 배점 100 97 94 91 88 81 71 56 41 점수차 - 3 3 3 3 7 10 15 15 • 국어/수학/탐구: 영역별 취득 백분위 점수 반영 • 영어: 취득 등급에 따른 환산점수 반영 • 한국사: 취득 등급에 따른 가산점 부여 • 수학영역은 선택 구분 없이 지원가능 • 탐구영역(사회/과학/직업)은 상위 1과목 반영 • 한국사영역은 총점에 가산점을 부여(1~5등급까지는 5점, 6~9등급까지는 2점)하며, 미 응시의 경우 지원 불가 ※ 영어영역 절대평가 등급에 따른 환산점수 모집단위 전형유형 환산방법 반영총점 자유전공학부 수능일반전형2 〔(국어백분위×0.45)+(탐구백분위×0.35)+(영어등급환산점수×0.2)〕 ×10 1,000점 인문계열 (디지털콘 || - 3 3 3 3 7 10 15 15 • 국어/수학/탐구: 영역별 취득 백분위 점수 반영 • 영어: 취득 등급에 따른 환산점수 반영 • 한국사: 취득 등급에 따른 가산점 부여 • 수학영역은 선택 구분 없이 지원가능 • 탐구영역(사회/과학/직업)은 상위 1과목 반영 • 한국사영역은 총점에 가산점을 부여(1~5등급까지는 5점, 6~9등급까지는 2점)하며, 미 응시의 경우 지원 불가 ※ 영어영역 절대평가 등급에 따른 환산점수 모집단위 전형유형 환산방법 반영총점 자유전공학부 수능일반전형2 〔(국어백분위×0.45)+(탐구백분위×0.35)+(영어등급환산점수×0.2)〕 ×10 1,000점 인문계열 (디지털콘텐츠 포함) 수능일반전형1 〔(국어백분위×0.3) + (탐구백분위×0.3) + (영어등급환산점수×0.25) + (수학백분위×0.15) || 2027 수원대학교 신입학 모집요강_정시모집 나군/다군 23 대상자 자연계열 모집단위 응시자가 수능에서 수학 ""미적분, 기하""를 선택한 경우 영역별 백분위(등급) 점수 국어 92점, 수학 91점, 영어 3등급, 탐구 90점, 한국사 3등급 학교폭력 5호(10점) 가산점수 국어 92점 = 가산점 없음 수학 91점 × 0.10 = 9.1 영어 3등급 = 가산점 없음 탐구 90점 = 가산점 없음 한국사 3등급 = 5 국어(0점) + 수학(9.1점) + 영어(0점) + 탐구(0점) + 한국사(5점) = 9.1점 + 5점 = 14.1점(가산점) 계산식 [ 〔(수학백분위×0.3) + (영어환산점수×0.3) + (국어백분위×0.25) + (탐구백분위×0.15)〕 × 10] + 14.1(가산점)  || 를 선택한 경우 영역별 백분위(등급) 점수 국어 92점, 수학 91점, 영어 3등급, 탐구 90점, 한국사 3등급 학교폭력 5호(10점) 가산점수 국어 92점 = 가산점 없음 수학 91점 × 0.10 = 9.1 영어 3등급 = 가산점 없음 탐구 90점 = 가산점 없음 한국사 3등급 = 5 국어(0점) + 수학(9.1점) + 영어(0점) + 탐구(0점) + 한국사(5점) = 9.1점 + 5점 = 14.1점(가산점) 계산식 [ 〔(수학백분위×0.3) + (영어환산점수×0.3) + (국어백분위×0.25) + (탐구백분위×0.15)〕 × 10] + 14.1(가산점) [[(91x0.3) + (94x0.3) + (92x0.25) + (90x0.15)] x 10] + 14.1 = 934.1 최종 환산점수 934.1 - 10(학교폭력) ▶",C:\Users\User\Desktop\업무\작업\21. 정시모집 관련\00. 소스(모집요강)\경기인천강원\2. 경기인천\2027_수원대_정시요강.pdf
44,숙명여대,가점,"16,18,24,27,39,41,42"," 활 기 록 부 에 기 재 된 자 는 우 리 대 학 에 서 정 한 기 준(p .4 5 )에 서 정 한 각 호 수 에 따 라 전 형 총 점 에 서 감 점 처 리 함라. 수 능 반 영 영 역 및 반 영 비 율구분 반영영역 및 반영비율(% ) 비고국어수학영어탐구(직탐 제외)한국사선택과목 미지정선택과목 미지정사탐과탐인 문3525 1525가산점탐 구: 사 탐/과 탐 상 관 없 이 2과 목단, 사 탐 과 목 응 시 시, 과 목 당 변 환 표 준 점 수 3% 가 산자 연25351525탐 구: 사 탐/과 탐 상 관 없 이 2과 목단, 과 탐 과 목 응 시 시, 과 목 당 변 환 표 준 점 수 3% 가 산①계 열 별 로 지 정 한 수 능 4개 영 역 및 한 국 사 를 반 드 시 모 두 응 시 해 야 합 니 다.②국 어, 수 학 영 역 은 대 || 곡 과(600점/0점)◾ 시 각·영 상 디 자 인 과, 산 업 디 자 인 과, 환 경 디 자 인 과, 공 예 과(400점/0점)라. 전 형 요 소 별 반 영 방 법1) 수 능 반 영 영 역 및 반 영 비 율구분 반영영역 및 반영비율(% ) 비고국어영어탐구(직탐 제외) 한국사선택과목 미지정사탐과탐무 용 과, 음 악 대 학, 회 화 과6040 - 가산점미 술 대 학(회 화 과 제 외) 4030 30(상위 1과목) 탐 구: 사 탐/과 탐 상 관 없 이 1과 목①모 집 단 위 별 로 지 정 한 수 능 반 영 영 역(무 용 과, 음 악 대 학, 회 화 과 2개 영 역, 그 외 모 집 단 위 3개 영 역) 및 한 국 사 에 반 드 시 모 두 응 시해 야 합 니 다. ※ 미 술 대 학(회 화 과 제 외) 지 원 자 는 탐 구 영 역(사  ||  우 리 대 학 에 서 정 한 기 준(p .4 5 )에 서 정 한 각 호 수 에 따 라 전 형 총 점 에 서 감 점 처 리 함라. 전 형 요 소 별 반 영 방 법1) 수 능 반 영 영 역 및 반 영 비 율구분 반영영역 및 반영비율(% ) 비고국어수학영어탐구(직탐 제외)한국사선택과목 미지정선택과목 미지정사탐과탐인 문3525 1525가산점탐 구: 사 탐/과 탐 상 관 없 이 2과 목단, 사 탐 과 목 응 시 시, 과 목 당 변 환 표 준 점 수 3% 가 산자 연25351525탐 구: 사 탐/과 탐 상 관 없 이 2과 목단, 과 탐 과 목 응 시 시, 과 목 당 변 환 표 준 점 수 3% 가 산①계 열 별 로 지 정 한 수 능 4개 영 역 및 한 국 사 를 반 드 시 모 두 응 시 해 야 합 니 다.②국 어, 수 학 영 역 은 대 || - 27 - 라. 전 형 요 소 별 반 영 방 법1) 수 능 반 영 영 역 및 반 영 비 율구분 반영영역 및 반영비율(% ) 비고국어수학영어탐구(직탐 제외)한국사선택과목 미지정선택과목 미지정사탐과탐인 문3525 1525가산점탐 구: 사 탐/과 탐 상 관 없 이 2과 목단, 사 탐 과 목 응 시 시, 과 목 당 변 환 표 준 점 수 3% 가 산자 연25351525탐 구: 사 탐/과 탐 상 관 없 이 2과 목단, 과 탐 과 목 응 시 시, 과 목 당 변 환 표 준 점 수 3% 가 산① 계 열 별 로 지 정 한 수 능 4개 영 역 및 한 국 사 를 반 드 시 모 두 응 시 해 야 합 니 다.② 국 어, 수 학 영 역 은 ||  활 기 록 부 에 기 재 된 자 는 우 리 대 학 에 서 정 한 기 준(p .4 5 )에 서 정 한 각 호 수 에 따 라 전 형 총 점 에 서 감 점 처 리 함라. 수 능 반 영 영 역 및 반 영 비 율구분 반영영역 및 반영비율(% ) 비고국어수학영어탐구(직탐 제외)한국사선택과목 미지정선택과목 미지정사탐과탐약 학 부25351525가산점탐 구: 사 탐/과 탐 상 관 없 이 2과 목단, 과 탐 과 목 응 시 시, 과 목 당 변 환 표 준 점 수 3% 가 산① 모 집 단 위 별 로 지 정 한 수 능 반 영 영 역(약 학 부 4개 영 역) 및 한 국 사 를 반 드 시 모 두 응 시 해 야 합 니 다② 국 어, 수 학 영 역 은 대 학 수 학 능 력 시 험 표 준 점 수 를 활 용 합 니 다. ③ 영 어 영 역 은 등 급 에 따 라 || 형(특 성 화 고 교 출 신 자, 특 성 화 고 졸 재 직 자)의 지 원 자 는 대 학 수 학 능 력시 험 응 시 여 부 와 상 관 없 이 지 원 가 능 합 니 다.나. 정시모집(가·나군) 수능성적 반영 방법구분 반영영역 및 반영비율(%) 비고국어수학영어탐구(직탐제외)한국사선택과목 미지정선택과목 미지정사탐과탐인 문35251525 *가산점 탐구: 사탐/과탐 상관없이 2과목단, 사탐 과목 응시 시, 과목당 변환표준점수 3% 가산자 연25351525탐구: 사탐/과탐 상관없이 2과목단, 과탐 과목 응시 시, 과목당 변환표준점수 3% 가산자 유 전 공 학 부30301525탐구: 사탐/과탐 상관없이 2과목예 체 능140- 3030탐구: 사탐/과탐 상관없이 1과목예 체 능260- 40- ※ 예 체 능1: 체 육 교 육 과, 미 술 대 학 || 국어영역표준점수최고점국어영역표준점수×수학영역표준점수최고점수학영역표준점수×영어등급환산점수영어등급별환산점수× 탐구변환표준점수최고점×사회탐구과목변환표준점수×사회탐구과목변환표준점수××   ×한국사등급별가산점예 시2) 정 시 가 군 일 반 학 생 전 형 화 학 과 에 지 원 한 경 우(사 회 탐 구 1과 목, 과 학 탐 구 1과 목 응 시)  국어영역표준점수최고점국어영역표준점수×수학영역표준점수최고점수학영역표준점수×영어등급환산점수영어등급별환산점수× 탐구변환표준점수최고점×사회탐구과목변환표준점수과학탐구과목변환표준점수××   ×한국사등급별가산점예 시3) 정 시 나 군 일  ||   국어영역표준점수최고점국어영역표준점수×수학영역표준점수최고점수학영역표준점수×영어등급환산점수영어등급별환산점수× 탐구변환표준점수최고점×사회탐구과목변환표준점수과학탐구과목변환표준점수××   ×한국사등급별가산점예 시3) 정 시 나 군 일 반 학 생 전 형 자 유 전 공 학 부 에 지 원 한 경 우(사 회 탐 구 1과 목, 과 학 탐 구 1과 목 응 시)  국어영역표준점수최고점국어영역표준점수×수학영역표준점수최고점수학영역표준점수×영어등급환산점수영어등급별환산점수× 탐구변환표준점수최고점×사회탐구과목변환표준점수과학탐구과목변환표준점수×   ×한국사등급별가산점 다. 수능성적자료 온라인 ",C:\Users\User\Desktop\업무\작업\21. 정시모집 관련\00. 소스(모집요강)\서울\2027_숙명여대_정시요강.pdf
45,숭실대,감점,"46,47","방법 예시는 입학처 홈페이지(admission.ssu.ac.kr) ‘입학전형안내>정시>FAQ’를 참고 바랍니다.계열 구분 2027학년도 대학수학능력시험 기준필수 응시 영역 반영 영역전 계열(예체능계열 외) 없음국어, 수학, 영어, 탐구(사회/과학 구분 없이 택 2), 한국사(감점)예체능계열국어, 영어, 한국사(감점)※ 특성화고교졸업자전형: [탐구] 사회/과학/직업 구분 없이 택 2※ 한국사를 응시하지 않으면, 평가원에서 수능 성적을 확인할 수 없음2. 대학수학능력시험 반영 방법 가. 반영 영역 및 반영 비율계열 구분 반영영역 및 비율(%)국어수학영어탐구(사회/과학)화법과 작문언어와 매체확률과 통계미적분기하과목①과목②표준점수 활용등급 활용백분위변환표준점수인문계열35 202012.512.5경상계열25 351512.512.5자유전 || ssion.ssu.ac.kr) ‘입학전형안내>정시>FAQ’를 참고 바랍니다.계열 구분 2027학년도 대학수학능력시험 기준필수 응시 영역 반영 영역전 계열(예체능계열 외) 없음국어, 수학, 영어, 탐구(사회/과학 구분 없이 택 2), 한국사(감점)예체능계열국어, 영어, 한국사(감점)※ 특성화고교졸업자전형: [탐구] 사회/과학/직업 구분 없이 택 2※ 한국사를 응시하지 않으면, 평가원에서 수능 성적을 확인할 수 없음2. 대학수학능력시험 반영 방법 가. 반영 영역 및 반영 비율계열 구분 반영영역 및 비율(%)국어수학영어탐구(사회/과학)화법과 작문언어와 매체확률과 통계미적분기하과목①과목②표준점수 활용등급 활용백분위변환표준점수인문계열35 202012.512.5경상계열25 351512.512.5자유전공학부(인문) 30 301512.51 || 분 2027학년도 대학수학능력시험 기준필수 응시 영역 반영 영역전 계열(예체능계열 외) 없음국어, 수학, 영어, 탐구(사회/과학 구분 없이 택 2), 한국사(감점)예체능계열국어, 영어, 한국사(감점)※ 특성화고교졸업자전형: [탐구] 사회/과학/직업 구분 없이 택 2※ 한국사를 응시하지 않으면, 평가원에서 수능 성적을 확인할 수 없음2. 대학수학능력시험 반영 방법 가. 반영 영역 및 반영 비율계열 구분 반영영역 및 비율(%)국어수학영어탐구(사회/과학)화법과 작문언어와 매체확률과 통계미적분기하과목①과목②표준점수 활용등급 활용백분위변환표준점수인문계열35 202012.512.5경상계열25 351512.512.5자유전공학부(인문) 30 301512.512.5자연계열1자연계열2자유전공학부(자연) 20 35151515예체능계열50 - 5 || 준점수인문계열35 202012.512.5경상계열25 351512.512.5자유전공학부(인문) 30 301512.512.5자연계열1자연계열2자유전공학부(자연) 20 35151515예체능계열50 - 50-※ 대학수학능력시험 활용지표: 표준점수(국어, 수학), 등급(영어, 한국사), 백분위변환표준점수(탐구) - 백분위변환표준점수는 대학수학능력시험 성적공개 이후 정시 원서접수 전에 입학처 홈페이지를 통해 공지 예정임※ 계열별 모집단위는 p.4 참고 1) 영어영역 등급별 점수표구분1등급2등급3등급4등급5등급6등급7등급8등급9등급수능위주인문계열200200197193160144120720경상계열자연계열자유전공학부(인문,자연)15015014814512010890540실기/실적위주15015014814512010890540 || 탐구(과학)수험생이 취득한 수능 백분위의 6% (1과목당 3%, 최대 2과목 반영) 가산자연계열2자유전공학부(자연)수학(미적분,기하)수험생이 취득한 수능 표준점수의 5% 가산탐구(과학)수험생이 취득한 수능 백분위의 6% (1과목당 3%, 최대 2과목 반영) 가산전 계열한국사등급별 감점: 수능환산 총점에 감점함1등급2등급3등급4등급5등급6등급7등급8등급9등급감점 없음- 2점-2.5점-3점-3.5점-4점※ 가산(감)점은 총점에 합산하며, 가산점을 포함해 총점이 1,000점을 초과할 수 있음 나. 계열별 반영 방법◆ 인문계열(인문대학, 법과대학, 사회과학대학)구분국어(35%)수학(20%)영어(20%)탐구(사회/과학) 합계(100%)과목①(12.5%)과목②(12.5%)만점350점200점200점125점125점1,000점환산점수변환점수",C:\Users\User\Desktop\업무\작업\21. 정시모집 관련\00. 소스(모집요강)\서울\2027_숭실대_정시요강.pdf
46,신한대,감점,"15,16,18,25,26,28,29,30,52,53","(정원내)수능위주일반전형 Ⅰ34국어영역 또는 수학영역 50% + 미반영 영역 중 우수한 1개 영역 50%일반전형 Ⅱ117최우수 영역 55% + 두 번째 우수영역 30% + 세 번째 우수영역 15%(단, 탐구영역은 1개만 반영)일반전형 Ⅲ56국어영역 또는 수학영역 또는 한국사영역 중 우수 2개 영역 평균 50% + 미반영 영역 중 우수한 1개 영역 50%실기위주실기우수자전형36실기 80% + 수능 20%(우수영역 2개 각 50% 반영)※단, 한국사영역 및 탐구영역은 2개 영역 중 1개만 반영소계243정시(정원외)학생부교과농어촌전형★ 학생부교과 100% 우수 10개 과목 반영 (반영교과군: 국어, 영어, 수학, 사회, 과학, 한국사) [석차등급이 있는 과목 10과목 또는 석차등급이 있는 8과목 + 진로선택 과목 성취도(A·B·C || 번째 우수영역 15%(단, 탐구영역은 1개만 반영)일반전형 Ⅲ56국어영역 또는 수학영역 또는 한국사영역 중 우수 2개 영역 평균 50% + 미반영 영역 중 우수한 1개 영역 50%실기위주실기우수자전형36실기 80% + 수능 20%(우수영역 2개 각 50% 반영)※단, 한국사영역 및 탐구영역은 2개 영역 중 1개만 반영소계243정시(정원외)학생부교과농어촌전형★ 학생부교과 100% 우수 10개 과목 반영 (반영교과군: 국어, 영어, 수학, 사회, 과학, 한국사) [석차등급이 있는 과목 10과목 또는 석차등급이 있는 8과목 + 진로선택 과목 성취도(A·B·C) 2과목 반영 가능]교육기회균형전형★특성화고교졸업자전형★소계★합계243 || 실기우수자전형36실기 80% + 수능 20%(우수영역 2개 각 50% 반영)※단, 한국사영역 및 탐구영역은 2개 영역 중 1개만 반영소계243정시(정원외)학생부교과농어촌전형★ 학생부교과 100% 우수 10개 과목 반영 (반영교과군: 국어, 영어, 수학, 사회, 과학, 한국사) [석차등급이 있는 과목 10과목 또는 석차등급이 있는 8과목 + 진로선택 과목 성취도(A·B·C) 2과목 반영 가능]교육기회균형전형★특성화고교졸업자전형★소계★합계243 || 50%좌동일반전형Ⅱ최우수 영역 50% + 두 번째 우수영역 35% + 세 번째 우수영역 15%(단, 탐구영역은 1개만 반영) 최우수 영역 55% + 두 번째 우수영역 30% + 세 번째 우수영역 15%(단, 탐구영역은 1개만 반영)일반전형Ⅲ국어영역 또는 수학영역 또는 한국사영역 중 우수 2개 영역 평균 50% + 미반영 영역 중 우수한 1개 영역 50% 좌동실기우수자전형실기 80% + 수능 20%(우수영역 2개 각 50% 반영)※단, 한국사영역 및 탐구영역은 2개 영역 중 1개만 반영좌동 학생부교과성적반영방법(정원외 전형)- 국어, 영어, 수학, 사회, 과학, 한국사 교과군의 우수 10개 과목 반영[석차등급이 있는 과목 10과목 또는 석차등급이 있는 9과목 + 진로선택 과목 성취도(A·B·C) 1과목 반영 가능]- 진로선택과 || % + 세 번째 우수영역 15%(단, 탐구영역은 1개만 반영)일반전형Ⅲ국어영역 또는 수학영역 또는 한국사영역 중 우수 2개 영역 평균 50% + 미반영 영역 중 우수한 1개 영역 50% 좌동실기우수자전형실기 80% + 수능 20%(우수영역 2개 각 50% 반영)※단, 한국사영역 및 탐구영역은 2개 영역 중 1개만 반영좌동 학생부교과성적반영방법(정원외 전형)- 국어, 영어, 수학, 사회, 과학, 한국사 교과군의 우수 10개 과목 반영[석차등급이 있는 과목 10과목 또는 석차등급이 있는 9과목 + 진로선택 과목 성취도(A·B·C) 1과목 반영 가능]- 진로선택과목 1과목 반영 가능- 국어, 영어, 수학, 사회, 과학, 한국사 교과군의 우수 10개 과목 반영[석차등급이 있는 과목 10과목 또는 석차등급이 있는 8과목 + 진로선택  || 평균 50% + 미반영 영역 중 우수한 1개 영역 50% 좌동실기우수자전형실기 80% + 수능 20%(우수영역 2개 각 50% 반영)※단, 한국사영역 및 탐구영역은 2개 영역 중 1개만 반영좌동 학생부교과성적반영방법(정원외 전형)- 국어, 영어, 수학, 사회, 과학, 한국사 교과군의 우수 10개 과목 반영[석차등급이 있는 과목 10과목 또는 석차등급이 있는 9과목 + 진로선택 과목 성취도(A·B·C) 1과목 반영 가능]- 진로선택과목 1과목 반영 가능- 국어, 영어, 수학, 사회, 과학, 한국사 교과군의 우수 10개 과목 반영[석차등급이 있는 과목 10과목 또는 석차등급이 있는 8과목 + 진로선택 과목 성취도(A·B·C) 2과목 반영 가능]- 진로선택과목 최대 2과목 반영 가능 학교폭력조치사항 반영방법- 학교폭력 조치사항 반 || 형)- 국어, 영어, 수학, 사회, 과학, 한국사 교과군의 우수 10개 과목 반영[석차등급이 있는 과목 10과목 또는 석차등급이 있는 9과목 + 진로선택 과목 성취도(A·B·C) 1과목 반영 가능]- 진로선택과목 1과목 반영 가능- 국어, 영어, 수학, 사회, 과학, 한국사 교과군의 우수 10개 과목 반영[석차등급이 있는 과목 10과목 또는 석차등급이 있는 8과목 + 진로선택 과목 성취도(A·B·C) 2과목 반영 가능]- 진로선택과목 최대 2과목 반영 가능 학교폭력조치사항 반영방법- 학교폭력 조치사항 반영 방법: 전체전형 반영- 해당 학생부 내 “학교폭력 조치사항”이 확인되는 경우 아래와 같이 반영함 각 호에 따른 감점 점수(전형총점에서 감점) - 1~3호: 전형 총점에서 50점 감점 - 4~7호: 전형 총점에서 200점 감 || -16- ■ 수능성적 반영비율 구분국어영역수학영역한국사영역 영어영역 탐구영역(최우수 1개과목)일반전형Ⅰ국어영역 또는 수학영역 50% -미반영 영역 중 우수한 1개 영역 50%일반전형Ⅱ 최우수 영역 55% + 두 번째 우수영역 30% + 세 번째 우수영역 15% (단, 탐구영역은 1개만 반영)일반전형Ⅲ국어영역 또는 수학영역 또는 한국사영역 중 우수 2개 영역 평균 50%-미반영 영역 중 우수한 1개 영역 50%실기우수자전형우수영역 2개 각 50% 반영(단, 한국사영역 및 탐구영역은 2개 영역 중 1개만 반영)■",C:\Users\User\Desktop\업무\작업\21. 정시모집 관련\00. 소스(모집요강)\경기인천강원\2. 경기인천\2027_신한대_정시요강.pdf
47,아주대,감점,"14,16,47,49,57","예정)자[조기졸업자 포함] 또는 관계 법령에 의하여 고등학교 졸업자와 동등 이상의 학력이 있다고 인정된 자 3. 전형방법: (일괄) 대학수학능력시험 95% + 면접평가 5%4. 평가방법 가. 대학수학능력시험: 54페이지 수능반영방법 안내 참고 계열모집단위국어수학영어탐구한국사비고자연2의학과20%40%10%30%총점에서 등급별로 감점*수학: 선택과목 제한 없음 미적분/기하 선택 시 표준점수에 3% 가산*탐구: 사탐, 과탐 중 택2 과학탐구 선택 시 백분위 자체 변환점수에 3% 가산 나. 면접평가 1) 개인면접을 통해 인성 및 의사소통능력 등을 종합적으로 평가함 2) 복수의 면접관이 지원자 1인을 평가함 3) 제시문 기반 면접으로 개별면접 진행(블라인드면접) 4) 면접 세부사항(면접시간, 면접방법 등)은 추후 입학처 홈페이지(ww || 형 합격자는 「지역의사의 양성 및 지원 등에 관한 법률」에 의거, 졸업 후 해당 진료권에서 의무복무하여야 함3. 전형방법: (일괄) 대학수학능력시험 95% + 면접평가 5%4. 평가방법 가. 대학수학능력시험: 54페이지 수능반영방법 안내 참고 계열모집단위국어수학영어탐구한국사비고자연2의학과20%40%10%30%총점에서 등급별로 감점*수학: 선택과목 제한 없음 미적분/기하 선택 시 표준점수에 3% 가산*탐구: 사탐, 과탐 중 택2 과학탐구 선택 시 백분위 자체 변환점수에 3% 가산 나. 면접평가 1) 개인면접을 통해 인성 및 의사소통능력 등을 종합적으로 평가함 2) 복수의 면접관이 지원자 1인을 평가함 3) 제시문 기반 면접으로 개별면접 진행(블라인드면접) 4) 면접 세부사항(면접시간, 면접방법 등)은 추후 입학처 홈페이지(ww || - 45 - 4. 평가방법 가. 대학수학능력시험: 54페이지 수능반영방법 안내 참고계열모집단위국어수학영어탐구한국사비고자연1공과대학, 첨단ICT융합대학, 소프트웨어융합대학, 첨단바이오융합대학20%35%15%30%총점에서 등급별로 감점*수학: 선택과목 제한 없음 미적분/기하 선택 시 표준점수에 3% 가산*탐구: 사탐, 과탐, 직탐 중 택2 과 학탐 구 선 택 시 백분 위 자 체 변 환 점수 에 3% 가산인문1경영대학25%40%15%20%*수학: 선택과목 제한 없음*탐구: 사탐, 과탐, 직탐 중 택2 ※ 계열은 본교 기준 계열을 의미하며, 지정된 영역 또는 선택과목 미응시 || 류에 결함이 없는 자 ※ 기초생활수급권자 또는 차상위 복지급여 수급자 관련 법령개정시, 지원 자격 인정범위는 변경될 수 있음3. 전형방법: (일괄) 대학수학능력시험 100%4. 평가방법 가. 대학수학능력시험: 54페이지 수능반영방법 안내 참고 계열모집단위국어수학영어탐구한국사비고자연1공과대학, 첨단ICT융합대학, 소프트웨어융합대학, 첨단바이오융합대학20%35%15%30%총점에서 등급별로 감점*수학: 선택과목 제한 없음 미적분/기하 선택 시 표준점수에 3% 가산*탐구: 사탐, 과탐 중 택2 과학탐구 선택 시 백분위 자체 변환점수에 3% 가산인문1 경영대학25%40%15%20%*수학: 선택과목 제한 없음*탐구: 사탐, 과탐 중 택2인문2인문대학, 사회과학대학35%25%15%25% ※ 계열은 본교 기준 계열을 의미하며, 지정된 영역 || 준 계열을 의미하며, 지정된 영역 또는 선택과목 미응시자는 불합격처리함(예비순위를 부여하지 않음) ※ 특성화고졸업자전형은 탐구영역에 직탐 반영 가능2. 수능성적 반영방법 가. 수능성적 활용지표 나. 수능총점 계산식: 2027학년도 수능성적 기준 각 영역별 점수의 합산(한국사는 총점에서 감점) 1) 국어, 수학 = 2) 탐구 = ※ 자체변환점수는 2027학년도 수능성적 발표 후 아주대 입학처 홈페이지에 공지 예정 ※ 응시한 영역의 탐구 백분위 점수를 활용하여 자체변환점수 산출 3) 한국사: 수능 등급별 일정 점수를 수능총점에 반영(감점 방식) 다. 영어 과목 변환점수: 아래 표의 환산방식에 따름 라. 한국사 과목 반영점수표: 한국사 수능 등급별 일정 점수를 수능총점에 반영(감점 방식) ※ 의학과는 전형 총점 산출 시 영어 및  || 2027학년도 수능성적 기준 각 영역별 점수의 합산(한국사는 총점에서 감점) 1) 국어, 수학 = 2) 탐구 = ※ 자체변환점수는 2027학년도 수능성적 발표 후 아주대 입학처 홈페이지에 공지 예정 ※ 응시한 영역의 탐구 백분위 점수를 활용하여 자체변환점수 산출 3) 한국사: 수능 등급별 일정 점수를 수능총점에 반영(감점 방식) 다. 영어 과목 변환점수: 아래 표의 환산방식에 따름 라. 한국사 과목 반영점수표: 한국사 수능 등급별 일정 점수를 수능총점에 반영(감점 방식) ※ 의학과는 전형 총점 산출 시 영어 및 한국사 등급별 점수를 모두 반영하여 수능 점수를 산출한 후 해당 점수에 반영비율을 적용함 계열모집단위국어수학영어탐구한국사비고자연1공과대학, 첨단ICT융합대학, 소프트웨어융합대학, 자연과학대학, 간호대학, 약학과, 첨단 || 환점수는 2027학년도 수능성적 발표 후 아주대 입학처 홈페이지에 공지 예정 ※ 응시한 영역의 탐구 백분위 점수를 활용하여 자체변환점수 산출 3) 한국사: 수능 등급별 일정 점수를 수능총점에 반영(감점 방식) 다. 영어 과목 변환점수: 아래 표의 환산방식에 따름 라. 한국사 과목 반영점수표: 한국사 수능 등급별 일정 점수를 수능총점에 반영(감점 방식) ※ 의학과는 전형 총점 산출 시 영어 및 한국사 등급별 점수를 모두 반영하여 수능 점수를 산출한 후 해당 점수에 반영비율을 적용함 계열모집단위국어수학영어탐구한국사비고자연1공과대학, 첨단ICT융합대학, 소프트웨어융합대학, 자연과학대학, 간호대학, 약학과, 첨단바이오융합대학, 자유전공학부(자연) 20%35%15%30%총점에서 등급별로 감점 *수학: 선택과목 제한 없음 미적분/기하  || 능성적 발표 후 아주대 입학처 홈페이지에 공지 예정 ※ 응시한 영역의 탐구 백분위 점수를 활용하여 자체변환점수 산출 3) 한국사: 수능 등급별 일정 점수를 수능총점에 반영(감점 방식) 다. 영어 과목 변환점수: 아래 표의 환산방식에 따름 라. 한국사 과목 반영점수표: 한국사 수능 등급별 일정 점수를 수능총점에 반영(감점 방식) ※ 의학과는 전형 총점 산출 시 영어 및 한국사 등급별 점수를 모두 반영하여 수능 점수를 산출한 후 해당 점수에 반영비율을 적용함 계열모집단위국어수학영어탐구한국사비고자연1공과대학, 첨단ICT융합대학, 소프트웨어융합대학, 자연과학대학, 간호대학, 약학과, 첨단바이오융합대학, 자유전공학부(자연) 20%35%15%30%총점에서 등급별로 감점 *수학: 선택과목 제한 없음 미적분/기하 선택 시 표준점수에 3% ",C:\Users\User\Desktop\업무\작업\21. 정시모집 관련\00. 소스(모집요강)\경기인천강원\2. 경기인천\2027_아주대_정시요강.pdf
48,안양대,가점,19,"-19- 7 공통사항 대학수학능력시험 성적 반영방법1.수능 영역별 반영비율모집단위(계열) 점수활용지표수능 영역별 반영비율(%)한국사가산점국어수학영어사회/과학/직업탐구반영방법인문사회계열,인문계열자유전공, 사회계열자유전공,예체능계열(뷰티메디컬디자인학과)백분위40-3030사회/과학/직업최고점1과목 반영필수 응시-자연과학·공학계열,이공계열자유전공,예체능계열(게임콘텐츠학과)백분위-40 미적분, 기하 선택 시 10%자유전공백분위4개 영역 중 우수 3개 영역 100예체능계열(예술학부 공연예술전공, 예술학부 음악융합예술전공, 스포츠과학과, 스포츠응용산업학과)백분위50-50- - - ※ 영역별 환산점",C:\Users\User\Desktop\업무\작업\21. 정시모집 관련\00. 소스(모집요강)\경기인천강원\2. 경기인천\2027_안양대_정시요강.pdf
49,연세대,감점,"6,8,23,24,25,26,27","0유형 Ⅱ (자연) 200300 100200유형 Ⅲ (국제·통합·체능) 200200 100100유형 Ⅳ (예능) 200- - -고른기회전형(특성화고교졸업자)전 유형200200100100※ 수능 필수 응시영역 - 유형 Ⅰ~Ⅲ: 국어, 수학, 영어, 사회탐구, 과학탐구, 한국사 - 유형 Ⅳ: 수능 필수 응시영역은 없으나, 국어, 영어, 한국사 성적은 전형 총점에 반영함 - 고른기회전형(특성화고교졸업자)의 경우 직업탐구를 탐구영역으로 인정함※ 영어는 각 등급에 대하여 등급별 점수를 반영하며, 한국사는 등급에 대하여 감점요소로 활용함※ 수능 영역별 반영점수 산출방법과 모집단위별 반영점수 총점을 포함한 기타 자세한 사항은 입학처 홈페이지 공지사항 「2028학년도 연세대학교(서울캠퍼스) 입학전형 시행계획」 참조 || 능) 200200 100100유형 Ⅳ (예능) 200- - -고른기회전형(특성화고교졸업자)전 유형200200100100※ 수능 필수 응시영역 - 유형 Ⅰ~Ⅲ: 국어, 수학, 영어, 사회탐구, 과학탐구, 한국사 - 유형 Ⅳ: 수능 필수 응시영역은 없으나, 국어, 영어, 한국사 성적은 전형 총점에 반영함 - 고른기회전형(특성화고교졸업자)의 경우 직업탐구를 탐구영역으로 인정함※ 영어는 각 등급에 대하여 등급별 점수를 반영하며, 한국사는 등급에 대하여 감점요소로 활용함※ 수능 영역별 반영점수 산출방법과 모집단위별 반영점수 총점을 포함한 기타 자세한 사항은 입학처 홈페이지 공지사항 「2028학년도 연세대학교(서울캠퍼스) 입학전형 시행계획」 참조 ||  국어, 수학, 영어, 사회탐구, 과학탐구, 한국사 - 유형 Ⅳ: 수능 필수 응시영역은 없으나, 국어, 영어, 한국사 성적은 전형 총점에 반영함 - 고른기회전형(특성화고교졸업자)의 경우 직업탐구를 탐구영역으로 인정함※ 영어는 각 등급에 대하여 등급별 점수를 반영하며, 한국사는 등급에 대하여 감점요소로 활용함※ 수능 영역별 반영점수 산출방법과 모집단위별 반영점수 총점을 포함한 기타 자세한 사항은 입학처 홈페이지 공지사항 「2028학년도 연세대학교(서울캠퍼스) 입학전형 시행계획」 참조 || 04 6유형 Ⅱ5 5 ○ 상경대학 수능 유형 및 반영 비율 변경 - 상경대학 모집단위(상경계열, 경제학부, 응용통계학과) 수능 유형 및 반영비율 변경 수능 유형수능 필수응시영역대학수학능력시험반영 성적국어수학영어탐구사회과학유형 Ⅲ국어, 수학, 영어, 사회탐구/과학탐구, 한국사200200100100일반전형: 950(총점×950/600)고른기회전형: 1,000(총점×1,000/600) ○ 체능계열 체육교육학과 실기고사 면제 신청 변경사항 구분2027학년도2026학년도면제 신청 자격조건원서접수 전 최근 3년간(요강 내 별도 기간 참조) 국제대회 및 국내 전국체전 급의 대회3위 이상의 입상경력자원서접수 전 최근 3년간(요강 내 별도 기간 참조) 전국체전을 포함한 전국대회 3위 이상의 입상경력자면제 시 부여점수체육교육학과 실기 심사위원 || 의하여 고등학교 졸업 이상의 학력이 있다고 인정된 자(고등학교 졸업학력 검정고시 합격자 포함)로서 다음의 수능 응시조건을 충족한 자 ∙ 수능 필수 응시영역 수능 유형ⓐ 모집단위필수 응시영역 가산점유형 Ⅰ(인문) 인문계열 모집단위국어, 수학, 영어,사회탐구/과학탐구ⓑ, 한국사사회탐구 과목 응시 시 해당과목의 탐구변환점수에 3% 가산점 추가유형 Ⅱ[자연(의예 제외)]자연계열 모집단위(의예과 제외) 과학탐구 과목 응시 시 해당과목의 탐구변환점수에 3% 가산점 추가유형 Ⅲ(통합) 상경대학, 생활과학대학, 간호대학 별도 가산점 없음 ⓐ 수능 유형별 지원 가능 모집단위는 6~7쪽 ‘Ⅱ. 전형별 모집단위·모집인원’의 표를 참조 ⓑ 사회탐구/과학탐구: 자유선택 2과목 2. 전형 방법 ○ 모든 전형요소를 일괄합산하여 선발함 전형 방법대학수학 || 연세대학교 서울캠퍼스 18Ⅴ_1. 일반전형(‘가’군) 일반계열(의예 제외) 3. 전형 요소 ○ 대학수학능력시험 ∙ 다음 표의 수능 영역별 점수는 이론상 가능한 영역별 최고 점수이므로 실제 만점 점수와 다를 수 있으며, 수능 반영점수는 다음과 같음 1) 한국사: 등급에 대하여 감점 요소로 활용함(4등급 이내에 대하여 감점 없으며, 5등급부터 아래와 같이 차등 감점함) 등급1등급2등급3등급4등급5등급6등급7등급8등급9등급감점0 0 0 00.20.40.60.81.0 2) 한국사 이외 과목 (국어, 수학, 영어, 탐구영역) 가) 국어, 수학: 수능 성적표 상의 표준점수를 반영 나) 사회탐구/과학탐구: 수능 성적표 상의 백분위를 활용하여 우리대학교가 자체적으로 산출한 ｢변환점수｣를 반영 [수능성적 산출방법(변환점수표) || 를 수 있으며, 수능 반영점수는 다음과 같음 1) 한국사: 등급에 대하여 감점 요소로 활용함(4등급 이내에 대하여 감점 없으며, 5등급부터 아래와 같이 차등 감점함) 등급1등급2등급3등급4등급5등급6등급7등급8등급9등급감점0 0 0 00.20.40.60.81.0 2) 한국사 이외 과목 (국어, 수학, 영어, 탐구영역) 가) 국어, 수학: 수능 성적표 상의 표준점수를 반영 나) 사회탐구/과학탐구: 수능 성적표 상의 백분위를 활용하여 우리대학교가 자체적으로 산출한 ｢변환점수｣를 반영 [수능성적 산출방법(변환점수표)은 수능 성적 개별 통지 이후 연세대학교 입학처 홈페이지에 공지함] 다) 영어: 각 등급에 대하여 등급별 점수를 반영 수능 유형 대학수학능력시험국어수학영어탐구ⓐ 반영점수사회과학유형 Ⅰ(인문) 300ⓑ 200100ⓒ 20 ||  또는 법령에 의하여 고등학교 졸업 이상의 학력이 있다고 인정된 자(고등학교 졸업학력 검정고시 합격자 포함)로서 다음의 수능 응시조건을 충족한 자 ∙ 수능 필수 응시영역 수능 유형모집단위필수 응시영역 가산점유형 Ⅱ(의예) 의예과국어, 수학, 영어,사회탐구/과학탐구ⓐ, 한국사과학탐구 과목 응시 시 해당과목의 탐구변환점수에 3% 가산점 추가유형 Ⅲ(국제) 언더우드국제대학별도 가산점 없음 ⓐ 사회탐구/과학탐구: 자유선택 2과목 2. 전형 방법 ○ 수능 반영점수와 학생부 점수를 합산하여 모집단위별 모집인원의 일정배수(의예 2.5배수, 국제 3배수)를 2단계 평가(면접) 대상자로 선발함 ○ 2단계 평가 대상자에 한하여 면접시험을 실시하고 1단계 점수와 합산하여 최종합격자를 선발함 전형 방법모집단위단계선발비율대학수학능력시험학교생활기록부",C:\Users\User\Desktop\업무\작업\21. 정시모집 관련\00. 소스(모집요강)\서울\2027_연세대_정시요강.pdf
50,연세대(미래),감점,"11,12,13,16,17,18,19","에 의하여 이와 동등 이상의 학력이 있다고 인정된 자▣ 대학수학능력시험 필수 응시영역모집단위필수 응시영역비 고자율융합계열물리치료학과작업치료학과치위생학과AI보건정보관리학과간호학과동아시아국제학부글로벌엘리트학부국어, 수학, 영어, 탐구(사회 및 과학탐구 구분없이 1과목), 한국사 탐구 영역 1과목 반영기후에너지시스템공학부반도체공학물리학과의공학부AI반도체학부데이터사이언스학부소프트웨어학부디지털헬스케어학부임상병리학과방사선학과국어, 수학, 영어, 과학탐구(1과목), 한국사 의예과국어, 수학, 영어, 과학탐구(2과목), 한국사과학탐구 2과목 반영※ 1. 수학 선택과목 지정 : 전 모집단위(의예과 제외) - 확률과통계, 미적분, 기하 중 택1 의예과 – 미적분, 기하 중 택1 2. 과학탐구는 의예과 지원자의 경우 동일 과목 I, II 선택은 || 글로벌엘리트학부국어, 수학, 영어, 탐구(사회 및 과학탐구 구분없이 1과목), 한국사 탐구 영역 1과목 반영기후에너지시스템공학부반도체공학물리학과의공학부AI반도체학부데이터사이언스학부소프트웨어학부디지털헬스케어학부임상병리학과방사선학과국어, 수학, 영어, 과학탐구(1과목), 한국사 의예과국어, 수학, 영어, 과학탐구(2과목), 한국사과학탐구 2과목 반영※ 1. 수학 선택과목 지정 : 전 모집단위(의예과 제외) - 확률과통계, 미적분, 기하 중 택1 의예과 – 미적분, 기하 중 택1 2. 과학탐구는 의예과 지원자의 경우 동일 과목 I, II 선택은 불가 3. 제2외국어와 한문은 탐구과목으로 인정하지 않음 2. 모집군별 모집단위 「가」 군 「나」 군AI반도체학부, 데이터사이언스학부소프트웨어학부, 디지털헬스케어학부임상병리학과, 물리치료학 || 탐구 구분없이 1과목), 한국사 탐구 영역 1과목 반영기후에너지시스템공학부반도체공학물리학과의공학부AI반도체학부데이터사이언스학부소프트웨어학부디지털헬스케어학부임상병리학과방사선학과국어, 수학, 영어, 과학탐구(1과목), 한국사 의예과국어, 수학, 영어, 과학탐구(2과목), 한국사과학탐구 2과목 반영※ 1. 수학 선택과목 지정 : 전 모집단위(의예과 제외) - 확률과통계, 미적분, 기하 중 택1 의예과 – 미적분, 기하 중 택1 2. 과학탐구는 의예과 지원자의 경우 동일 과목 I, II 선택은 불가 3. 제2외국어와 한문은 탐구과목으로 인정하지 않음 2. 모집군별 모집단위 「가」 군 「나」 군AI반도체학부, 데이터사이언스학부소프트웨어학부, 디지털헬스케어학부임상병리학과, 물리치료학과, 작업치료학과방사선학과, 치위생학과, AI보건정보관 || 연세대학교 미래캠퍼스 9 4. 전형방법가. 전형요소 및 반영비율모집단위대학수학능력시험총 점선발인원비율국어, 수학, 영어, 탐구한국사전 모집단위1,000101,010100% 나. 선발방법1) 전 모집단위의 모집인원을 총점(학교폭력조치사항 반영 포함) 순으로 합격자를 선발합니다.2) 미등록 및 등록포기 인원에 따라 충원(추가)합격자는 총점(학교폭력조치사항 반영 포함) 순으로 선 발합니다.3) 동점자 처리기준 우선순위(다음의 ‘4. 전형요소 가.’ 항에 따른 대학수학능력시험 표준점수·변환점수 기준)가) 자율융합계열, 물리치료학과, 작업치료학과, 치위생학과, AI보건정보관리학과, 간호학과 ① || 포함) 순으로 선 발합니다.3) 동점자 처리기준 우선순위(다음의 ‘4. 전형요소 가.’ 항에 따른 대학수학능력시험 표준점수·변환점수 기준)가) 자율융합계열, 물리치료학과, 작업치료학과, 치위생학과, AI보건정보관리학과, 간호학과 ① 수학 ② 국어 ③ 영어 ④ 탐구 ⑤ 한국사(등급)나) 동아시아국제학부, 글로벌엘리트학부 ① 영어 ② 국어 ③ 수학 ④ 탐구 ⑤ 한국사(등급)다) 기후에너지시스템공학부, 반도체공학물리학과, 의공학부, AI반도체학부, 데이터사이언스학부, 소프 트웨어학부, 디지털헬스케어학부, 임상병리학과, 방사선학과 ① 수학 ② 과학탐구 ③ 국어 ④ 영어 ⑤ 한국사(등급)라) 의예과 ① 수학 ② 과학탐구 ③ 국어 ④ 영어 ⑤ 한국사(등급) ||  따른 대학수학능력시험 표준점수·변환점수 기준)가) 자율융합계열, 물리치료학과, 작업치료학과, 치위생학과, AI보건정보관리학과, 간호학과 ① 수학 ② 국어 ③ 영어 ④ 탐구 ⑤ 한국사(등급)나) 동아시아국제학부, 글로벌엘리트학부 ① 영어 ② 국어 ③ 수학 ④ 탐구 ⑤ 한국사(등급)다) 기후에너지시스템공학부, 반도체공학물리학과, 의공학부, AI반도체학부, 데이터사이언스학부, 소프 트웨어학부, 디지털헬스케어학부, 임상병리학과, 방사선학과 ① 수학 ② 과학탐구 ③ 국어 ④ 영어 ⑤ 한국사(등급)라) 의예과 ① 수학 ② 과학탐구 ③ 국어 ④ 영어 ⑤ 한국사(등급) || 글로벌엘리트학부 ① 영어 ② 국어 ③ 수학 ④ 탐구 ⑤ 한국사(등급)다) 기후에너지시스템공학부, 반도체공학물리학과, 의공학부, AI반도체학부, 데이터사이언스학부, 소프 트웨어학부, 디지털헬스케어학부, 임상병리학과, 방사선학과 ① 수학 ② 과학탐구 ③ 국어 ④ 영어 ⑤ 한국사(등급)라) 의예과 ① 수학 ② 과학탐구 ③ 국어 ④ 영어 ⑤ 한국사(등급) || 다) 기후에너지시스템공학부, 반도체공학물리학과, 의공학부, AI반도체학부, 데이터사이언스학부, 소프 트웨어학부, 디지털헬스케어학부, 임상병리학과, 방사선학과 ① 수학 ② 과학탐구 ③ 국어 ④ 영어 ⑤ 한국사(등급)라) 의예과 ① 수학 ② 과학탐구 ③ 국어 ④ 영어 ⑤ 한국사(등급)",C:\Users\User\Desktop\업무\작업\21. 정시모집 관련\00. 소스(모집요강)\경기인천강원\3. 강원\2027_연세대(미)_정시요강.pdf
51,용인대,등급 환산,"10,11,26","시학과➀ 전공실기 점수가 높은 자➁ 본교 반영 대학수학능력시험 점수의 합계가 높은 자➂ 본교 반영 대학수학능력시험 영어, 수학, 국어, 탐구 영역 순 백분위 점수가 높은 자➃ 본교 반영 대학수학능력시험 수학, 국어, 탐구 영역 순 표준점수가 높은 자➄ 대학수학능력시험 한국사 등급이 높은 자➅ 표준점수 합계(응시한 모든 과목의 합)가 높은 자[예체능]일반학생 전형기초체력 실시학과 ➀ 본교 반영 대학수학능력시험 점수의 합계가 높은 자➁ 기초체력고사 점수가 높은 자➂ 본교 반영 대학수학능력시험 영어, 수학, 국어, 탐구 영역 순 백분위 점수가 높은 자➃ 본교 반영 대학수학능력시험 수학, 국어, 탐구 영역 순 표준점수가 높은 자➄ 대학수학능력시험 한국사 등급이 높은 자➅ 표준점수 합계(응시한 모든 과목의 합)가 높은 자[사범]일반학 ||  ➀ 본교 반영 대학수학능력시험 점수의 합계가 높은 자➁ 기초체력고사 점수가 높은 자➂ 본교 반영 대학수학능력시험 영어, 수학, 국어, 탐구 영역 순 백분위 점수가 높은 자➃ 본교 반영 대학수학능력시험 수학, 국어, 탐구 영역 순 표준점수가 높은 자➄ 대학수학능력시험 한국사 등급이 높은 자➅ 표준점수 합계(응시한 모든 과목의 합)가 높은 자[사범]일반학생 전형 ➀ 본교 반영 대학수학능력시험 점수의 합계가 높은 자➁ 기초체력고사 점수가 높은 자➂ 본교 반영 대학수학능력시험 영어, 국어, 탐구 영역 순 백분위 점수가 높은 자➃ 본교 반영 대학수학능력시험 국어, 탐구 영역 순 표준점수가 높은 자➄ 대학수학능력시험 한국사 등급이 높은 자➅ 표준점수 합계(응시한 모든 과목의 합)가 높은 자[예체능, 경찰행정학과, 무전공학부]일반학생  || ]일반학생 전형 ➀ 본교 반영 대학수학능력시험 점수의 합계가 높은 자➁ 기초체력고사 점수가 높은 자➂ 본교 반영 대학수학능력시험 영어, 국어, 탐구 영역 순 백분위 점수가 높은 자➃ 본교 반영 대학수학능력시험 국어, 탐구 영역 순 표준점수가 높은 자➄ 대학수학능력시험 한국사 등급이 높은 자➅ 표준점수 합계(응시한 모든 과목의 합)가 높은 자[예체능, 경찰행정학과, 무전공학부]일반학생 전형자율전공 특별전형(무 전 공 학 부, 무 도 계 열 전 공 학 부, 체 육 계 열 전 공 학 부 및 문 화 예 술 계 열 전 공 학 부) 기초생활수급자 및 차상위계층 특별전형농어촌학생 특별전형특성화고교졸업자 특별전형실기고사(전공실기·기초체력) 미실시 학과 ➀ 본교 반영 대학수학능력시험 영어, 수학, 국어, 탐구 영역 순 백분위 점수가 높은 자 || 형농어촌학생 특별전형특성화고교졸업자 특별전형실기고사(전공실기·기초체력) 미실시 학과 ➀ 본교 반영 대학수학능력시험 영어, 수학, 국어, 탐구 영역 순 백분위 점수가 높은 자➁ 본교 반영 대학수학능력시험 수학, 국어, 탐구 영역 순 표준점수가 높은 자➂ 대학수학능력시험 한국사 등급이 높은 자➃ 표준점수 합계(응시한 모든 과목의 합)가 높은 자[인문사회]-경찰행정학과 제외일반학생 전형자율전공 특별전형(인문사회계열전공학부) 기초생활수급자 및 차상위계층 특별전형농어촌학생 특별전형특성화고교졸업자 특별전형➀ 본교 반영 대학수학능력시험 영어, 국어, 탐구 영역 순 백분위 점수가 높은 자➁ 본교 반영 대학수학능력시험 국어, 탐구 영역 순 표준점수가 높은 자➂ 대학수학능력시험 한국사 등급이 높은 자➃ 표준점수 합계(응시한 모든 과목의 합)가 || 인문사회계열전공학부) 기초생활수급자 및 차상위계층 특별전형농어촌학생 특별전형특성화고교졸업자 특별전형➀ 본교 반영 대학수학능력시험 영어, 국어, 탐구 영역 순 백분위 점수가 높은 자➁ 본교 반영 대학수학능력시험 국어, 탐구 영역 순 표준점수가 높은 자➂ 대학수학능력시험 한국사 등급이 높은 자➃ 표준점수 합계(응시한 모든 과목의 합)가 높은 자[자연과학]일반학생 전형 자율전공 특별전형(자연계열전공학부)기초생활수급자 및 차상위계층 특별전형농어촌학생 특별전형특성화고교졸업자 특별전형➀ 본교 반영 대학수학능력시험 영어, 수학, 탐구 영역 순 백분위 점수가 높은 자➁ 본교 반영 대학수학능력시험 수학, 탐구 영역 순 표준점수가 높은 자➂ 대학수학능력시험 한국사 등급이 높은 자➃ 표준점수 합계(응시한 모든 과목의 합)가 높은 자 학생 선발  || 어, 국어, 탐구 영역 순 백분위 점수가 높은 자➃ 본교 반영 최고학년(3, 2, 1)순 학교생활기록부(교과성적) 반영 점수의 합계가 높은 자➄ 본교 반영 학교생활기록부(3, 2, 1)순 영어교과, 수학교과, 국어교과 순 반영 점수의 합계가 높은 자➅ 대학수학능력시험 한국사 등급이 높은 자➆ 표준점수 합계(응시한 모든 과목의 합)가 높은 자 [사범]장애인 등 대상자 특별전형➀ 본교 반영 대학수학능력시험 점수의 합계가 높은 자➁ 본교 반영 학교생활기록부(교과성적) 반영 점수의 합계가 높은 자➂ 입상실적 환산점수가 높은 자➃ 본교 반영 대학수학능력시험 영어, 국어, 탐구 영역 순 백분위 점수가 높은 자➄ 본교 반영 최고학년(3, 2, 1)순 학교생활기록부(교과성적) 반영 점수의 합계가 높은 자 ➅ 본교 반영 학교생활기록부(3,  ||  국어, 탐구 영역 순 백분위 점수가 높은 자➄ 본교 반영 최고학년(3, 2, 1)순 학교생활기록부(교과성적) 반영 점수의 합계가 높은 자 ➅ 본교 반영 학교생활기록부(3, 2, 1)순 영어교과, 수학교과, 국어교과 순 반영 점수의 합계가 높은 자 ➆ 대학수학능력시험 한국사 등급이 높은 자➇ 표준점수 합계(응시한 모든 과목의 합)가 높은 자※ 본교 반영 대학수학능력시험 점수: 영어(본교 반영 환산 백분위), 그 외 영역은 대학수학능력시험 성적표상 백분위 또는 표준점수임 ※ 미응시하는 과목이 있는 경우에도 상기 순위에 의하여 동점자 우선순위를 결정한다. 5. 위와 같이 우선순위를 적용하고도 동점자가 발생할 경우에는 대학입학전형관리위원회의 심의를 거쳐 결정한다.6. 일반학생 전형 실용음악과(기악(피아노, 기타, 베이스, 드럼), || 에서 상위 1개 과목의 백분위 점수 × 0.3 )나. 대학수학능력시험 본교 반영 점수 산출 예시(자연 계열 중 대학수학능력시험 100% 반영 학과의 경우)수험번호성명생년월일성별출신고교 (반 또는 졸업연도)12345678홍 길 동08.08.24.남 한국고등학교 (9)영역한국사국어수학영어탐구제2외국어/한문선택과목화법과 작문확률과 통계윤리와 사상지구과학Ⅰ독일어Ⅰ표준점수1311355966백분위9695 7593등 급2 1 2 1 4 2 21) 본교 적용 백분위 점수= (95점수학영역의 백분위 점수 × 0.40) + (100점영어 등급별 밴분위 환산점수 × 0.30) + (93점탐구영역 중 상위 1개과목 백분위 점수 × 0.30)= 95.9점(소수점 셋째자리에서 사사오입)2) 대학수학능력시험 본교 반영 점수 = (95.9점본교 적용 백",C:\Users\User\Desktop\업무\작업\21. 정시모집 관련\00. 소스(모집요강)\경기인천강원\2. 경기인천\2027_용인대_정시요강.pdf
52,을지대,가점,"32,33,34,35,37",") - 다. 수능 성적 반영영역 및 비율 모집단위 모집시기 반영 영역 수 수능 영역별 반영비율(%) 가산점 부여 가군 나군 다군 국어 수학 영어 탐구 보건과학대학 임상병리학과 의정부 ○ 3 (30) 40 30 (30) (사/과) 과탐 1과목 3%, 과탐 2과목 5%, 한국사 간호대학 간호학과 의정부 ○ 간호학과 ○ 보건과학대학 임상병리학과 ○ 안경광학과 ○ 응급구조학과 ○ 방사선학과 ○ 치위생학과 ○ 물리치료학과 ○ 의료경영학과 ○ 30 (30) 40 (30) (사/과) 한국사 첨단학부 ○ (30) 40 30 (30) (사/과) 과탐 1과목 3%, 과탐 2과목 5%, 한국사자연계열학부 ○ 인문사회계열학부 ○ 30 (30) 40 (30) (사/과) 한국사 대전 대전캠퍼스 / 의정부 의정부캠퍼스 / 미표기는 성남캠퍼스 ※ 모집단 ||  (30) (사/과) 과탐 1과목 3%, 과탐 2과목 5%, 한국사 간호대학 간호학과 의정부 ○ 간호학과 ○ 보건과학대학 임상병리학과 ○ 안경광학과 ○ 응급구조학과 ○ 방사선학과 ○ 치위생학과 ○ 물리치료학과 ○ 의료경영학과 ○ 30 (30) 40 (30) (사/과) 한국사 첨단학부 ○ (30) 40 30 (30) (사/과) 과탐 1과목 3%, 과탐 2과목 5%, 한국사자연계열학부 ○ 인문사회계열학부 ○ 30 (30) 40 (30) (사/과) 한국사 대전 대전캠퍼스 / 의정부 의정부캠퍼스 / 미표기는 성남캠퍼스 ※ 모집단위별 필수 반영영역 중 한 영역이라도 응시하지 않은 자는 지원 불가 ※ 탐구영역의 경우 2과목 평균 적용 ※ 표시구분 : 필수 반영 영역, ( ) 선택 반영 영역으로 상위 취득성적 자동 반영 ※ 한국사영역은  || 호학과 ○ 보건과학대학 임상병리학과 ○ 안경광학과 ○ 응급구조학과 ○ 방사선학과 ○ 치위생학과 ○ 물리치료학과 ○ 의료경영학과 ○ 30 (30) 40 (30) (사/과) 한국사 첨단학부 ○ (30) 40 30 (30) (사/과) 과탐 1과목 3%, 과탐 2과목 5%, 한국사자연계열학부 ○ 인문사회계열학부 ○ 30 (30) 40 (30) (사/과) 한국사 대전 대전캠퍼스 / 의정부 의정부캠퍼스 / 미표기는 성남캠퍼스 ※ 모집단위별 필수 반영영역 중 한 영역이라도 응시하지 않은 자는 지원 불가 ※ 탐구영역의 경우 2과목 평균 적용 ※ 표시구분 : 필수 반영 영역, ( ) 선택 반영 영역으로 상위 취득성적 자동 반영 ※ 한국사영역은 총점에 각 등급에 따라 가산점을 부여하고, 미 응시한 경우 지원 불가 ※ 탐구영역 성적은 제2외국어 || ○ 치위생학과 ○ 물리치료학과 ○ 의료경영학과 ○ 30 (30) 40 (30) (사/과) 한국사 첨단학부 ○ (30) 40 30 (30) (사/과) 과탐 1과목 3%, 과탐 2과목 5%, 한국사자연계열학부 ○ 인문사회계열학부 ○ 30 (30) 40 (30) (사/과) 한국사 대전 대전캠퍼스 / 의정부 의정부캠퍼스 / 미표기는 성남캠퍼스 ※ 모집단위별 필수 반영영역 중 한 영역이라도 응시하지 않은 자는 지원 불가 ※ 탐구영역의 경우 2과목 평균 적용 ※ 표시구분 : 필수 반영 영역, ( ) 선택 반영 영역으로 상위 취득성적 자동 반영 ※ 한국사영역은 총점에 각 등급에 따라 가산점을 부여하고, 미 응시한 경우 지원 불가 ※ 탐구영역 성적은 제2외국어 및 한문 성적으로 대체 불가 라. 제출서류 구분 지원자격 고교 졸업(예정)자 학 ||  대전 대전캠퍼스 / 의정부 의정부캠퍼스 / 미표기는 성남캠퍼스 ※ 모집단위별 필수 반영영역 중 한 영역이라도 응시하지 않은 자는 지원 불가 ※ 탐구영역의 경우 2과목 평균 적용 ※ 표시구분 : 필수 반영 영역, ( ) 선택 반영 영역으로 상위 취득성적 자동 반영 ※ 한국사영역은 총점에 각 등급에 따라 가산점을 부여하고, 미 응시한 경우 지원 불가 ※ 탐구영역 성적은 제2외국어 및 한문 성적으로 대체 불가 라. 제출서류 구분 지원자격 고교 졸업(예정)자 학교생활기록부 1부(학교장 직인 날인) - 온라인 제공자 제외 학교생활기록부가 없는 자 (검정고시) ① 검정고시 합격증명서 1부(대입전형용) - 온라인 제공자 제외 ② 검정고시 성적증명서 1부 - 온라인 제공자 제외 ③ (해당자) 학교생활기록부 1부(학교장 직인 날인, 고교입 ||  일괄합산 1,000(최저 0점) 100 1,000(100%) - 다. 수능 성적 반영영역 및 비율 모집단위 모집시기 반영 영역 수 수능 영역별 반영비율(%) 가산점 부여 가군 나군 다군 국어 수학 영어 탐구 의과대학 의예과 대전 ○ 4 30 30 10 30 (과학) 한국사 보건과학대학 임상병리학과 의정부 ○ 2 (50) (50) (50) (50) (사/과) 과탐 1과목 3%, 과탐 2과목 5%, 한국사 간호대학 간호학과 의정부 ○ 간호학과 ○ 보건과학대학 임상병리학과 ○ 안경광학과 ○ 응급구조학과 ○ 방사선학과 ○ 치위생학과 ○ 물리치료학과 ○ 의료경영학과 ○ (50) (50) (50) (50) (사/과) 한국사 첨단학부 ○ (50) (50) (50) (50) (사/과) 과탐 1과목 3%, 과탐 2과목 5%, 한국사자연계열 || 수능 영역별 반영비율(%) 가산점 부여 가군 나군 다군 국어 수학 영어 탐구 의과대학 의예과 대전 ○ 4 30 30 10 30 (과학) 한국사 보건과학대학 임상병리학과 의정부 ○ 2 (50) (50) (50) (50) (사/과) 과탐 1과목 3%, 과탐 2과목 5%, 한국사 간호대학 간호학과 의정부 ○ 간호학과 ○ 보건과학대학 임상병리학과 ○ 안경광학과 ○ 응급구조학과 ○ 방사선학과 ○ 치위생학과 ○ 물리치료학과 ○ 의료경영학과 ○ (50) (50) (50) (50) (사/과) 한국사 첨단학부 ○ (50) (50) (50) (50) (사/과) 과탐 1과목 3%, 과탐 2과목 5%, 한국사자연계열학부 ○ 인문사회계열학부 ○ (50) (50) (50) (50) (사/과) 한국사 자유전공학부 의정부 ○ 대전 대전캠퍼스 / 의정부  || ) (사/과) 과탐 1과목 3%, 과탐 2과목 5%, 한국사 간호대학 간호학과 의정부 ○ 간호학과 ○ 보건과학대학 임상병리학과 ○ 안경광학과 ○ 응급구조학과 ○ 방사선학과 ○ 치위생학과 ○ 물리치료학과 ○ 의료경영학과 ○ (50) (50) (50) (50) (사/과) 한국사 첨단학부 ○ (50) (50) (50) (50) (사/과) 과탐 1과목 3%, 과탐 2과목 5%, 한국사자연계열학부 ○ 인문사회계열학부 ○ (50) (50) (50) (50) (사/과) 한국사 자유전공학부 의정부 ○ 대전 대전캠퍼스 / 의정부 의정부캠퍼스 / 미표기는 성남캠퍼스 ※ 모집단위별 필수 반영영역 중 한 영역이라도 응시하지 않은 자는 지원 불가 ※ 의과대학의 경우 과학탐구 2개 과목 응시 필수(단, 과학탐구 1개 과목 이상 생명과학 ‘ Ⅰ 또는 ",C:\Users\User\Desktop\업무\작업\21. 정시모집 관련\00. 소스(모집요강)\경기인천강원\2. 경기인천\2027_을지대_정시요강.pdf
53,이화여대,가점,13,"+ Ⅱ 선택 가능함 (예: 지구과학Ⅰ + 지구과학Ⅱ) 제2외국어/한문은 탐구영역의 한 과목으로 인정하지 않음 나. 대학수학능력시험 반영영역 및 반영비율 계열 대학수학능력시험 반영영역 및 반영비율 1,000점(가산점 부여 전) 10점 국어 수학 탐구 (사회/과학) 영어 한국사 인문계열 30% 30% 20% 20% 등급별 점수 부여 자연계열 25% 30% 25% * 20% 간호학부(인문 · 자연), 미래산업약학전공(인문 · 자연)은 인문계열, 자연계열 반영비율로 각각 산출하여 높은 점수로 반영함 * 자연계열 과학탐구 가산점: 과학탐구 1과목 당 변환표준점수의 6%를 가산점으로 부여함. 단, 미래산업약학전공은 가산점을 부여하지 않음 다. 대학수학능력시험 성적 반영방법 1) 인문 및 자연계열 반영영역의 표준점수를 반영함 2) 탐구영 || 대학수학능력시험 성적 발표 이후 본교 입학처 홈페이지에 공지 3) 영어영역은 아래와 같이 등급에 따라 점수를 부여함 구분 1등급 2등급 3등급 4등급 5등급 6등급 7등급 8등급 9등급 반영점수 (100점 기준) 100 98 94 88 84 80 76 72 68 4) 한국사는 아래와 같이 계열별로 등급에 따라 점수를 부여함 계열 1등급 2등급 3등급 4등급 5등급 6등급 7등급 8등급 9등급 인문계열 10.0 10.0 10.0 9.8 9.6 9.4 9.2 9.0 8.5 자연계열 10.0 10.0 10.0 10.0 9.8 9.6 9.4 9.2 8.5 라. 대학수학능력시험 점수 계산 방법 {∑ ( 지원자의 대학수학능력시험 영역별(국어, 수학, 탐구) 표준점수 * × 영역별 반영비율 ) + 영어영역 등급별 점수 × 영어영역 반영비 || 10.0 10.0 10.0 9.8 9.6 9.4 9.2 8.5 라. 대학수학능력시험 점수 계산 방법 {∑ ( 지원자의 대학수학능력시험 영역별(국어, 수학, 탐구) 표준점수 * × 영역별 반영비율 ) + 영어영역 등급별 점수 × 영어영역 반영비율 } × 1,000점 + 한국사 등급별 점수대학수학능력시험 영역별(국어, 수학, 탐구) 표준점수 최고점 100 * 자연계열 과학탐구 가산점은 과학탐구 변환표준점수에 가산하여 산출함",C:\Users\User\Desktop\업무\작업\21. 정시모집 관련\00. 소스(모집요강)\교대\2027_이화여대_정시요강.pdf
54,인천대,등급 환산,"13,14,20,21,22,24,25,27","13 2. 지원자격고등학교 졸업(예정)자 또는 관계 법령에 의하여 고등학교 졸업자 이상의 학력이 있다고 인정된 자로서, 2027학년도 대학수학능력시험에서 본교 지원 모집단위별 수능 반영 영역(한국사 포함)에 모두 응시한 자3. 전형방법 가. 전형요소 반영비율 유형모집단위전형 방법전형 요소 반영 비율(%)계(%)수능실기 수능인문계열, 자연계열, 디자인학부, 조형예술학부일괄합산100(1,000점) - 100(1,000점)체육교육과50 (실질: 62.5)(500점) 50 (실질: 37.5)(500점)스포츠과학부40 (실질: 62.5)(400점) 60 (실질: 37.5)(600점)스포츠의학부60(600점) 40(400점)실기/실적공연예술학과30(300점)  || 술학부의 경우 수시모집 미충원 인원 발생 시에만 정시모집으로 이월하여 선발 예정 나. 대학수학능력시험 성적 반영 방법 1) 대학수학능력시험 영역별 반영 비율 (백분위, 영어등급 활용) 계열 및 모집단위수능 영역별 반영 비율(%)수능총점(점)국어수학탐구(2개 과목) 영어한국사사회과학직업인문계열(동북아국제통상물류학부 제외), 패션산업학과353025-10응시필수 1,000자연계열(패션산업학과 제외), 동북아국제통상물류학부253530- 1,000디자인학부451530- 1,000스포츠의학부40-40-20600조형예술학부45-45-101,000공연예술학과300스포츠과학부400체육교육과 500 2) 영어영역 등급별 점수표 등급123456789점수100989580706030100 3) 한국사는 필수응시영역으로 응시 여부만 확인하며 점수는  || 물류학부253530- 1,000디자인학부451530- 1,000스포츠의학부40-40-20600조형예술학부45-45-101,000공연예술학과300스포츠과학부400체육교육과 500 2) 영어영역 등급별 점수표 등급123456789점수100989580706030100 3) 한국사는 필수응시영역으로 응시 여부만 확인하며 점수는 반영하지 않음. 단, 동점자 처리 시 반영 4) 탐구영역은 2개 과목 반영하며 직업탐구는 반영 불가. 제2외국어/한문 대체 불가 || 2027학년도 신입학전형 정시모집요강 14 4. 선발원칙 및 동점자 처리기준 가. 선발원칙 • 모집단위별 입시 총점 순으로 사정 • 모집단위별 수능 반영 영역 및 한국사 중 응시하지 않은 영역이 있는 경우 불합격 처리 • 수능 반영영역 미충족자, 학교폭력 조치사항 반영방법에 따른 부적격자, 지원자격 미달자, 실기고사 미응시자(부분응시자), 서류 미제출자, 서류 위･변조자 등 부정행위자는 모집인원에 관계없이 불합격 처리 • 합격자의 미등록 및 입학포기로 인한 결원은 모집단위별 차순위자로 충원 • 입학성적이 다른 지원자들에 비해 현저한 차이가 있어 우리 대학에서의 수학에 지장이 있다고 판단되는 자는 모집인원에 관계없이 불합격 || 션산업학과, 디자인학부①수능 국어 백분위 우위자 ②수능 수학 백분위 우위자 ③수능 영어 등급 우위자④수능 탐구 백분위 상위 1개 과목의 백분위 우위자 ⑤수능 탐구 표준점수 상위 1개 과목의 표준점수 우위자 ⑥수능 탐구 표준점수 하위 1개 과목의 표준점수 우위자 ⑦수능 한국사 등급 우위자자연계열(패션산업학과 제외),동북아국제통상물류학부①수능 수학 백분위 우위자 ②수능 국어 백분위 우위자 ③수능 영어 등급 우위자④수능 탐구 백분위 상위 1개 과목의 백분위 우위자⑤수능 탐구 표준점수 상위 1개 과목의 표준점수 우위자 ⑥수능 탐구 표준점수 하위 1개 과목의 표준점수 우위자 ⑦수능 한국사 등급 우위자예체능계열(디자인학부 제외) ①실기 최종(환산)점수 우위자 ②수능 국어 백분위 우위자 ③수능 영어 등급 우위자 ④수능 탐구 백분위 상위  || ),동북아국제통상물류학부①수능 수학 백분위 우위자 ②수능 국어 백분위 우위자 ③수능 영어 등급 우위자④수능 탐구 백분위 상위 1개 과목의 백분위 우위자⑤수능 탐구 표준점수 상위 1개 과목의 표준점수 우위자 ⑥수능 탐구 표준점수 하위 1개 과목의 표준점수 우위자 ⑦수능 한국사 등급 우위자예체능계열(디자인학부 제외) ①실기 최종(환산)점수 우위자 ②수능 국어 백분위 우위자 ③수능 영어 등급 우위자 ④수능 탐구 백분위 상위 1개 과목의 백분위 우위자⑤수능 탐구 표준점수 상위 1개 과목의 표준점수 우위자⑥수능 탐구 표준점수 하위 1개 과목의 표준점수 우위자 ⑦수능 한국사 등급 우위자※ 조형예술학부(한국화전공, 서양화전공) 선발 시 예체능계열 처리기준을 따르며, 실기 최종(환산)점수는 기준에서 제외 후 처리함5. 전형일정원서접수202 || (디자인학부 제외) ①실기 최종(환산)점수 우위자 ②수능 국어 백분위 우위자 ③수능 영어 등급 우위자 ④수능 탐구 백분위 상위 1개 과목의 백분위 우위자⑤수능 탐구 표준점수 상위 1개 과목의 표준점수 우위자⑥수능 탐구 표준점수 하위 1개 과목의 표준점수 우위자 ⑦수능 한국사 등급 우위자※ 조형예술학부(한국화전공, 서양화전공) 선발 시 예체능계열 처리기준을 따르며, 실기 최종(환산)점수는 기준에서 제외 후 처리함5. 전형일정원서접수2027. 1. 4.(월) 10:00 ~ 1. 7.(목) 18:00• 원서접수 대행사: 진학어플라이• 본교 입학안내 홈페이지 공지사항 확인 후 접수서류제출(온라인)2027. 1. 4.(월) 10:00 ~ 1. 11.(월) 17:00고사 시간 및 장소 발표2027. 1. 8.(금) • [가군], 본교  || 예술체육대학공연예술학과예체능2도시과학대학도시행정학과인문1도시환경공학부건설환경공학전공자연1환경공학전공1도시공학과1도시건축학부건축공학전공2도시건축학전공법학부인문12. 지원자격고등학교 졸업(예정)자로서 2027학년도 대학수학능력시험에서 본교 지원 모집단위별 수능 반영 영역(한국사 포함)에 모두 응시하고 아래 지원자격 중 하나에 해당하는 자① [유형1] 농어촌 지역 학교에서 중·고등학교 전 교육과정을 이수(입학부터 졸업(예정)까지)하고 교육과정 이수 기간(중·고 입학부터 졸업까지)동안 본인 및 부모 모두가 농어촌 지역에 거주② [유형2] 농어촌 지역 학교에서 초·중·고등학교 전 교육과정을 이수(입학부터 졸업(예정)까지)하고 교육과정 이수 기간(초·중·고 입학부터 졸업까지)동안 본인이 농어촌 지역에 거주• 지원불가 고교유형: 특목고(",C:\Users\User\Desktop\업무\작업\21. 정시모집 관련\00. 소스(모집요강)\경기인천강원\2. 경기인천\2027_인천대_정시요강.pdf
55,인하대,감점,42,"급7 등급8 등급9 자연 100 98 96 90 80 60 40 20 0 인문 예체능/ 150 148 145 135 120 100 80 40 0 자유전공융합학부 인문 은 인문계열 자유전공융합학부 자연 은 자연계열의 영어영역 등급별 환산점수 활용( ) , ( )※ 수능 한국사 반영 환산표6. 방식 등급1 등급2 등급3 등급4 등급5 등급6 등급7 등급8 등급9 감점 0 0 0 0 -1 -2 -3 -4 -5 전 전형 수능 한국사 필수 응시※ 한국사 세부 반영방법은 38p ※ 수능 반영방법 . Ⅶ 참조 탐구과목 자체변환 표준점수 변환방법은 수능성적 발표 이후 본교 입학처 홈페이지 공지사항 참고1. 2. 수능 환산점수는마지막 단계의 소수 셋째 자리에서 반올림단 탐구영역 자체변환점수 평균 시 소수 셋째( , 자리에서 반올림) 환산점수 || 합학부 인문 은 인문계열 자유전공융합학부 자연 은 자연계열의 영어영역 등급별 환산점수 활용( ) , ( )※ 수능 한국사 반영 환산표6. 방식 등급1 등급2 등급3 등급4 등급5 등급6 등급7 등급8 등급9 감점 0 0 0 0 -1 -2 -3 -4 -5 전 전형 수능 한국사 필수 응시※ 한국사 세부 반영방법은 38p ※ 수능 반영방법 . Ⅶ 참조 탐구과목 자체변환 표준점수 변환방법은 수능성적 발표 이후 본교 입학처 홈페이지 공지사항 참고1. 2. 수능 환산점수는마지막 단계의 소수 셋째 자리에서 반올림단 탐구영역 자체변환점수 평균 시 소수 셋째( , 자리에서 반올림) 환산점수 산출식3. 가 국어 수학 . , = 표준점수 최고점표준점수×반영비율×수능 반영총점 나 탐구 . = 자체변환표준점수 최고점자체변환표준점수 평균×반영 || 계열 자유전공융합학부 자연 은 자연계열의 영어영역 등급별 환산점수 활용( ) , ( )※ 수능 한국사 반영 환산표6. 방식 등급1 등급2 등급3 등급4 등급5 등급6 등급7 등급8 등급9 감점 0 0 0 0 -1 -2 -3 -4 -5 전 전형 수능 한국사 필수 응시※ 한국사 세부 반영방법은 38p ※ 수능 반영방법 . Ⅶ 참조 탐구과목 자체변환 표준점수 변환방법은 수능성적 발표 이후 본교 입학처 홈페이지 공지사항 참고1. 2. 수능 환산점수는마지막 단계의 소수 셋째 자리에서 반올림단 탐구영역 자체변환점수 평균 시 소수 셋째( , 자리에서 반올림) 환산점수 산출식3. 가 국어 수학 . , = 표준점수 최고점표준점수×반영비율×수능 반영총점 나 탐구 . = 자체변환표준점수 최고점자체변환표준점수 평균×반영비율×수능 반영총점",C:\Users\User\Desktop\업무\작업\21. 정시모집 관련\00. 소스(모집요강)\경기인천강원\2. 경기인천\2027_인하대_정시요강.pdf
56,전남대,확인 필요,,,C:\Users\User\Desktop\업무\작업\21. 정시모집 관련\00. 소스(모집요강)\충청호남\5. 호남권\2027_전남대_정시요강.pdf
57,전북대,가점,"5,42,43,45,46","준 적용) ※ 체육교육과는 단계별 전형 실시 ※ 예술대학 모집단위 제외 (학생부교과+실기 반영)◦학교폭력 조치사항 반영수능성적 반영◦ 국어 및 수학영역은 표준점수 반영(영역별 가중치 부여)◦ 탐구영역은 백분위를 활용한 변환표준점수 반영(영역별 가중치 부여)◦ 영어 및 한국사 영역은 가산점 반영(응시 필수)¦ 수시모집 정원 내 전형 미충원 인원 → 정시모집 일반학생 전형으로 이월 모집 • (예외) - 지역인재 2유형(의예과·치의예과) 전형 미충원 인원 → 정시모집 지역인재 2유형으로 이월 - 지역인재기회균형 전형 미충원 인원 → 정시모집 지역인재기회균형 전형으로 이월 - 지역의사선발 전형 미충원 인원 → 정시모집 지역의사선발 전형으로 이월 - 예체능-실기 전형 미충원 인원 → 정시모집 일반학생 예체능-실기 전형으로 이월¦ 수시 ||  자료 사본제출에 따른 위·변조 방지와 대학입학전형 기간 단축으로 수험생 편의를 도모하기 위함)2 대학수학능력시험 성적 활용(정시 ㉮군·㉯군) 가. 수능성적 반영방법 1) 모집단위별로 반영하는 수능영역을 미응시한 자는 본교 지원을 제한함(불합격 처리함) ※ 수능 영어·한국사 영역 반드시 응시 ※ 예체능-실기(예술대학 전 모집단위에 한함), 만학도 및 특성화고졸재직자 전형은 수시 미충원 인원 발생 시 모집하는 이월 전형이며, 대학수학능력시험을 반영하지 않고(응시 여부 상관없음) 별도 기준에 따라 선발함(10~11, 33~37쪽 참고) 2) 2027학년도 수능 성적만을 반영하며 반영 영역별 표준점수를 다음 반영비율에 따라 합산함 3) 대학수학능력시험 영역별 반영비율(가중치)계열(모집단위) 영역별 반영비율(%)국어수학영어탐구한국사 || 응시 여부 상관없음) 별도 기준에 따라 선발함(10~11, 33~37쪽 참고) 2) 2027학년도 수능 성적만을 반영하며 반영 영역별 표준점수를 다음 반영비율에 따라 합산함 3) 대학수학능력시험 영역별 반영비율(가중치)계열(모집단위) 영역별 반영비율(%)국어수학영어탐구한국사계인문계열 전 모집단위*, 체육교육과, 생활과학계열, 환경생명자원계열☆, 융합자율전공학부1,240%30%가산점30%가산점100%자연계열 전 모집단위(☆모집단위 제외), 농업생명과학계열30%40%30%100%수학교육과☆ 30%50%20%100%과학교육학부☆ 20%40%40%100%스포츠과학과☆ 60%미반영40%100% * 경상대학ž사회과학대학ž인문대학 전 모집단위 및 사범대학(교육학과, 국어ž독어ž영어교육과, 사회과교육계열) 4) 수능 영어영역 가산점 부여  || ✳✳✳] ✳ 수능 영어영역 등급별 변환점수등급123456789변환점수30272418129630 ✳✳ 수능반영총점: 전형별, 모집단위별 수능 반영 점수(1,000점/800점/500점) ✳✳✳ 전형총점: 전형별, 모집단위별 전형 총 점수(1,000점/500점) 5) 수능 한국사영역 가산점 부여 Ÿ 가산점 = 등급별 변환점수✳ × [수능반영총점✳✳ ÷ 전형총점✳✳✳] ✳ 수능 한국사영역 등급별 변환점수등급123456789변환점수555554321 ✳✳ 수능반영총점: 전형별, 모집단위별 수능 반영 점수(1,000점/800점/500점) ✳✳✳ 전형총점: 전형별, 모집단위별 전형 총 점수(1,000점/500점) 6) 탐구영역은 2과목[백분위를 활용한 변환표준점수(가산점 반영)]의 평균을 반영함 ※ 일부 학과(41쪽 참고): 과탐 응시자  || 영총점: 전형별, 모집단위별 수능 반영 점수(1,000점/800점/500점) ✳✳✳ 전형총점: 전형별, 모집단위별 전형 총 점수(1,000점/500점) 5) 수능 한국사영역 가산점 부여 Ÿ 가산점 = 등급별 변환점수✳ × [수능반영총점✳✳ ÷ 전형총점✳✳✳] ✳ 수능 한국사영역 등급별 변환점수등급123456789변환점수555554321 ✳✳ 수능반영총점: 전형별, 모집단위별 수능 반영 점수(1,000점/800점/500점) ✳✳✳ 전형총점: 전형별, 모집단위별 전형 총 점수(1,000점/500점) 6) 탐구영역은 2과목[백분위를 활용한 변환표준점수(가산점 반영)]의 평균을 반영함 ※ 일부 학과(41쪽 참고): 과탐 응시자 가산점 부여(탐구영역 변환표준점수에 10% 가산) || 41 나. 모집단위별 수능성적 반영영역 * 경상대학ž사회과학대학ž인문대학 전 모집단위 및 사범대학(교육학과, 국어ž독어ž영어교육과, 사회과교육계열) 모집단위(수능 반영 모집단위) 국어수학탐구영어/한국사비고화법과 작문언어와 매체확률과 통계미적분기하사회과학1) 인문계열 전 모집단위*2) 사범대학 체육교육과3) 생활과학대학 생활과학계열4) 환경생명자원대학 환경생명자원계열5) 본부 융합자율전공학부1·240%(1과목) 30%(1과목) 30%(2과목) 가산점(필수응시) 1) 본부 국제이공학부, 이차전지공학과, 첨단방위산업학과2) 간호대학 간호학과3) 공과대학/AI대학 전 모집단위4) 농업생명과학대학 전 모집단위5) 자연과학대학(스포츠과학과 제외)30%(1과목) 4 || 43 ※ 수능성적 산출방법 예시 - 인문대학 인문계열에 지원할 경우 [수능반영총점 500점 만점]< 2027학년도 대학수학능력시험 성적통지표의 적용 예시 > 구 분한국사 영역국어영역화법과 작문수학영역확률과 통계영어영역탐구 영역생활과윤리사회·문화 표준점수1041005357백 분 위 5351 6371등 급25 5 3 4 4탐구 변환표준점수54.3525)57.1115)환산 점수51)1042)753) 244) 탐구변환점수평균55.7315탐구변환표준점수×1.583.597256)최종 점수 291.607)=(5+104+75+24+83.59725) 1) 한국사 영역 = 등급별 변환점수 가산점 부여(2등급은 5점)×[500점(수능반영총점 || 위 5351 6371등 급25 5 3 4 4탐구 변환표준점수54.3525)57.1115)환산 점수51)1042)753) 244) 탐구변환점수평균55.7315탐구변환표준점수×1.583.597256)최종 점수 291.607)=(5+104+75+24+83.59725) 1) 한국사 영역 = 등급별 변환점수 가산점 부여(2등급은 5점)×[500점(수능반영총점)/500점(전형총점)] 2) 국어영역 = 지원자의 표준점수 × 1 3) 수학영역 = 지원자의 표준점수 × 0.75 4) 영어영역 = 등급별 변환점수 가산점 부여(3등급은 24점)×[500점(수능반영총점)/500점(전형총점)] 5) 탐구영역은 탐구 변환표준점수표※의 백분위에 해당하는 변환표준점수를 활용함 ※ 변환표준점수표: 대학수학능력시험 성적 발표 후 본교 입학정보 홈페이지에 공",C:\Users\User\Desktop\업무\작업\21. 정시모집 관련\00. 소스(모집요강)\충청호남\5. 호남권\2027_전북대_정시요강.pdf
58,제주대,가점,"29,30","- 28 - 2. 대학수학능력시험 성적 반영 방법 가. 활용지표 : 백분위 나. 수능 반영영역 ❮한국사 : 필수응시❯ ※ “○” 표시 탐구 영역은 사회/과학/직업을 구분없이 반영함 ※ 모집단위별 반영영역(국어, 수학, 영어, 탐구)에 반드시 응시하여야 하며, 1개 영역이라도 응시하지 않으면 불합격 처리함 ※ 한국사 영역은 반영영역(국어, 수학, 영어, 탐구)에 관계없이 반드시 응시해야 함 ※ 탐구영역 2개 과목에 반드시 응시하여야 하며, 2개 과목 평균점수(소수점 이하 그대로 인정)를 반영함 ※ 탐구영역에서 과학탐구가 필수로 지정된 모집단위는 반드시 과학탐 || 영 방법 가. 활용지표 : 백분위 나. 수능 반영영역 ❮한국사 : 필수응시❯ ※ “○” 표시 탐구 영역은 사회/과학/직업을 구분없이 반영함 ※ 모집단위별 반영영역(국어, 수학, 영어, 탐구)에 반드시 응시하여야 하며, 1개 영역이라도 응시하지 않으면 불합격 처리함 ※ 한국사 영역은 반영영역(국어, 수학, 영어, 탐구)에 관계없이 반드시 응시해야 함 ※ 탐구영역 2개 과목에 반드시 응시하여야 하며, 2개 과목 평균점수(소수점 이하 그대로 인정)를 반영함 ※ 탐구영역에서 과학탐구가 필수로 지정된 모집단위는 반드시 과학탐구 2과목을 응시해야 함 다. 수능 반영비율 ※영어 영역은 등급별 환산 백분위를 적용함 모집단위수능 반영영역국어수학영어탐구화법과작문언어와매체확률과통계미적분기하전 모집단위(아래 모집단위 제외) ○ ○ ○ ○○○ ○  || 제외) ○ ○ ○ ○○○ ○ 수학교육과○ ○ -○○○ ○ 과학교육학부(물리교육·생물교육전공) ○ ○ ○ ○○○ 과학수의예과, 의예과, 약학과○ ○ -○ ○ ○ 과학스포츠과학과○○---○○음악학부, 미술학과, 디자인학부○ ○ ---○ - 모집단위활용지표수능 반영비율(%)한국사국어수학영어탐구계인문사회계열, 체육교육과백분위30202030100가산점적용자연계열, 공학계열〃20302030100〃스포츠과학과〃35-3530100〃음악학부, 미술학과, 디자인학부〃50-50-100〃글로벌자율학부〃25252525100〃 || - 29 - 라. 영어 영역 등급별 환산 백분위 마. 가산점 적용 1) 한국사 영역 : 한국사 영역에 응시하지 않을 경우 불합격 처리하며, 등급에 따라 아래와 같이 전형총점에 가점을 적용함 2) 수학·탐구 영역 ※과학탐구 2과목에 응시한 경우에만 가산점 적용 ※적용영역(과목)을 필수반영영역으로 정한 모집단위는 가산점을 반영하지 않음 바. 수능환산점수 산출식 구 분1등급2등급3등급4등급5등급6등급7등급8등급9등급환산 백분위1009590858070605030 * 수능반영총점 : 체육교육과·스포츠과학과 600점, 음악학부·미술학과·디자인 || - 29 - 라. 영어 영역 등급별 환산 백분위 마. 가산점 적용 1) 한국사 영역 : 한국사 영역에 응시하지 않을 경우 불합격 처리하며, 등급에 따라 아래와 같이 전형총점에 가점을 적용함 2) 수학·탐구 영역 ※과학탐구 2과목에 응시한 경우에만 가산점 적용 ※적용영역(과목)을 필수반영영역으로 정한 모집단위는 가산점을 반영하지 않음 바. 수능환산점수 산출식 구 분1등급2등급3등급4등급5등급6등급7등급8등급9등급환산 백분위1009590858070605030 * 수능반영총점 : 체육교육과·스포츠과학과 600점, 음악학부·미술학과·디자인학부 400점, ",C:\Users\User\Desktop\업무\작업\21. 정시모집 관련\00. 소스(모집요강)\영남제주\7. 제주\2027_제주대_정시요강.pdf
59,중부대,확인 필요,,,C:\Users\User\Desktop\업무\작업\21. 정시모집 관련\00. 소스(모집요강)\경기인천강원\2. 경기인천\2027_중부대_정시요강.pdf
60,중앙대,가점,"20,21,24,25,28,38","출결)(%) 서류(%) 일괄합산 전 모집단위(체육교육과 제외) 90 10 - 체육교육과 80 - 20 ※ 전형 최고점 1,000점, 최저점 0점 기준 2) 대학수학능력시험 성적 반영방법 가) 국어/수학 영역은 표준점수, 탐구 영역은 백분위를 활용한 변환표준점수, 영어/한국사 영역은 등급을 활용한 가산점 반영 나) 계열 및 모집단위별 수능 영역별 반영 비율(환산점수 계산방법 p.56 참고) - 계열 구분 없이 점수를 반영하는 영역은 필수 응시해야 하며, 탐구 영역은 사회/과학탐구 중 2과목을 응시해야 함 계열 모집단위 국어(%) 수학(%) 탐구(%) 영어 한국사 인문· 예체능 인문대학, 사범대학, 공연영상창작학부(영화, 사진), 디자인학부 35 30 35① 가산점 부여 (p.56 가산표 참고)사회과학대학, 경영경제대학, 간호학 || 용한 가산점 반영 나) 계열 및 모집단위별 수능 영역별 반영 비율(환산점수 계산방법 p.56 참고) - 계열 구분 없이 점수를 반영하는 영역은 필수 응시해야 하며, 탐구 영역은 사회/과학탐구 중 2과목을 응시해야 함 계열 모집단위 국어(%) 수학(%) 탐구(%) 영어 한국사 인문· 예체능 인문대학, 사범대학, 공연영상창작학부(영화, 사진), 디자인학부 35 30 35① 가산점 부여 (p.56 가산표 참고)사회과학대학, 경영경제대학, 간호학과(인문) 30 40 30 자연 전체 30 35 35② ① 인문대학/사범대학: 사회탐구 각 과목별 변환표준점수 가산점 5% 부여 ② 자연계열 전체: 과학탐구 각 과목별 변환표준점수 가산점 5% 부여 3) 비교과(출결) 반영방법(p.57 참고): 미인정 결석 일수를 환산점수로 환산하여 반영함  || 본교 입학전형심의위원회의 심사 결과 결격자(지원자격 미충족자 포함)는 불합격으로 처리함 3) 동점자 처리 기준 계열 동점자 처리 기준 인문, 예체능 (체육교육과 제외) 전형 총점 → 수능 반영 총점 → 영역별 환산점수[수능 수학 → 국어 → 영어(가산점) → 탐구 → 한국사(가산점)] → 한국사 등급 상위자 순 자연 전형 총점 → 수능 반영 총점 → 영역별 환산점수[수능 수학 → 과학탐구 → 영어(가산점) → 국어 → 한국사(가산점)] → 과학탐구 표준점수 합 → 한국사 등급 상위자 순 체육교육과 전형 총점 → 수능 반영 총점 → 영역별 환산점수[수능 수학 → 국어 → 영어(가산점) → 탐구 → 한국사(가산점)] → 한국사 등급 상위자 순 ※ 동점자 처리 기준 적용 후에도 동점인 경우 본교 입학전형심의위원회의 결정에 따라 우 || 의 심사 결과 결격자(지원자격 미충족자 포함)는 불합격으로 처리함 3) 동점자 처리 기준 계열 동점자 처리 기준 인문, 예체능 (체육교육과 제외) 전형 총점 → 수능 반영 총점 → 영역별 환산점수[수능 수학 → 국어 → 영어(가산점) → 탐구 → 한국사(가산점)] → 한국사 등급 상위자 순 자연 전형 총점 → 수능 반영 총점 → 영역별 환산점수[수능 수학 → 과학탐구 → 영어(가산점) → 국어 → 한국사(가산점)] → 과학탐구 표준점수 합 → 한국사 등급 상위자 순 체육교육과 전형 총점 → 수능 반영 총점 → 영역별 환산점수[수능 수학 → 국어 → 영어(가산점) → 탐구 → 한국사(가산점)] → 한국사 등급 상위자 순 ※ 동점자 처리 기준 적용 후에도 동점인 경우 본교 입학전형심의위원회의 결정에 따라 우선순위를 결정함 4)  || 교육과 제외) 전형 총점 → 수능 반영 총점 → 영역별 환산점수[수능 수학 → 국어 → 영어(가산점) → 탐구 → 한국사(가산점)] → 한국사 등급 상위자 순 자연 전형 총점 → 수능 반영 총점 → 영역별 환산점수[수능 수학 → 과학탐구 → 영어(가산점) → 국어 → 한국사(가산점)] → 과학탐구 표준점수 합 → 한국사 등급 상위자 순 체육교육과 전형 총점 → 수능 반영 총점 → 영역별 환산점수[수능 수학 → 국어 → 영어(가산점) → 탐구 → 한국사(가산점)] → 한국사 등급 상위자 순 ※ 동점자 처리 기준 적용 후에도 동점인 경우 본교 입학전형심의위원회의 결정에 따라 우선순위를 결정함 4) 적격자가 없는 경우 모집인원보다 적게 선발할 수 있음 ||  영역별 환산점수[수능 수학 → 국어 → 영어(가산점) → 탐구 → 한국사(가산점)] → 한국사 등급 상위자 순 자연 전형 총점 → 수능 반영 총점 → 영역별 환산점수[수능 수학 → 과학탐구 → 영어(가산점) → 국어 → 한국사(가산점)] → 과학탐구 표준점수 합 → 한국사 등급 상위자 순 체육교육과 전형 총점 → 수능 반영 총점 → 영역별 환산점수[수능 수학 → 국어 → 영어(가산점) → 탐구 → 한국사(가산점)] → 한국사 등급 상위자 순 ※ 동점자 처리 기준 적용 후에도 동점인 경우 본교 입학전형심의위원회의 결정에 따라 우선순위를 결정함 4) 적격자가 없는 경우 모집인원보다 적게 선발할 수 있음 || 능 반영 총점 → 영역별 환산점수[수능 수학 → 과학탐구 → 영어(가산점) → 국어 → 한국사(가산점)] → 과학탐구 표준점수 합 → 한국사 등급 상위자 순 체육교육과 전형 총점 → 수능 반영 총점 → 영역별 환산점수[수능 수학 → 국어 → 영어(가산점) → 탐구 → 한국사(가산점)] → 한국사 등급 상위자 순 ※ 동점자 처리 기준 적용 후에도 동점인 경우 본교 입학전형심의위원회의 결정에 따라 우선순위를 결정함 4) 적격자가 없는 경우 모집인원보다 적게 선발할 수 있음 || 처 홈페이지 공고 라. 전형방법 1) 전형요소별 반영 비율 : 수능 90% + 비교과(출결) 10% ※ 전형 최고점 1,000점, 최저점 0점 기준 2) 대학수학능력시험 성적 반영 방법 가) 국어/수학 영역은 표준점수, 탐구 영역은 백분위를 활용한 변환표준점수, 영어/한국사 영역은 등급을 활용한 가산점 반영 나) 모집단위별 수능 영역별 반영 비율(환산점수 계산 방법 p.56 참고) - 점수를 반영하는 영역은 필수 응시해야 하며, 탐구 영역은 사회/과학탐구 중 2과목을 응시해야 함 계열 모집단위 국어(%) 수학(%) 탐구(%) 영어 한국사 자연 산업보안학과(자연) - 전체 산업체 30 35 35① 가산점 부여 (p.56 가산표 참고) ① 과학탐구 각 과목별 변환표준점수 가산점 5% 부여 3) 비교과(출결) 반영 방법(p.57 ",C:\Users\User\Desktop\업무\작업\21. 정시모집 관련\00. 소스(모집요강)\서울\2027_중앙대_정시요강.pdf
61,차의과학대,가점,"5,6,7,9,10,11,12","능력시험 최저학력기준 없음다.전형방법선발방법선발비율전형요소별 반영점수(비율)전형총점최저점최고점대학수학능력시험일괄합산100%100점(100%)100점0점100점라.선발원칙§ 모집단위별 총점에 의한 석차 순으로 선발§ 2027학년도 대학수학능력시험 모집단위별 반영영역 및 한국사에 응시하지 않은 경우 선발 대상에서 제외모집단위대학수학능력시험 반영영역간호대학수학, 영어, 국어 또는 탐구(사회/과학 中 2과목)약학대학국어, 영어, 수학(미적분/기하), 과탐(2과목)글로벌미래인재대학수학, 영어, 국어 또는 탐구(사회/과학 中 1과목)§ 미등록 충원 마감일 이후 합격자의 등록포기 등으로 모집인원에 미달이 발생할 경우, 본교 『대학입학전형관리위원회』의 결정에 따라 별도의 추가모집을 실시할 수 있음마.제출서류대상자제출서류비고제출방법국내 고교 || - 5 - 바.동점자 처리기준모집단위동점자 처리기준간호대학1) 수학 성적 우위자2) 영어 성적 우위자3) 국어 성적 우위자4) 사회 또는 과학탐구 성적 우위자(2과목 평균)5) 4개 영역 성적 평균 우위자(탐구는 2과목 평균)6) 한국사 등급 우위자약학대학1) 수학 성적 우위자2) 과학탐구 성적 우위자(2과목 평균)3) 영어 성적 우위자4) 국어 성적 우위자5) 4개 영역 성적 평균 우위자(탐구는 2과목 평균)6) 한국사 등급 우위자글로벌미래인재대학1) 수학 성적 우위자2) 영어 성적 우위자3) 국어 성적 우위자4) 사회 또는 과학탐구 성적 우위자(1과목)5) 4개 영역 성적 평균 우위자(탐구는 2과목 평균)6) 한국사 등급 우위자※ 활용지표: [Ⅵ. 대학수학능력시험 반영방법 – 2. 대 ||  우위자(2과목 평균)5) 4개 영역 성적 평균 우위자(탐구는 2과목 평균)6) 한국사 등급 우위자약학대학1) 수학 성적 우위자2) 과학탐구 성적 우위자(2과목 평균)3) 영어 성적 우위자4) 국어 성적 우위자5) 4개 영역 성적 평균 우위자(탐구는 2과목 평균)6) 한국사 등급 우위자글로벌미래인재대학1) 수학 성적 우위자2) 영어 성적 우위자3) 국어 성적 우위자4) 사회 또는 과학탐구 성적 우위자(1과목)5) 4개 영역 성적 평균 우위자(탐구는 2과목 평균)6) 한국사 등급 우위자※ 활용지표: [Ⅵ. 대학수학능력시험 반영방법 – 2. 대학수학능력시험 활용지표]와 동일함※ [Ⅵ. 대학수학능력시험 반영방법 – 대학수학능력시험 활용영역, 영역별 반영비율]의 모집단위별 가산점을 적용한 환산 점수를 동점자 처리기준에 적용함※ 대학 ||  우위자5) 4개 영역 성적 평균 우위자(탐구는 2과목 평균)6) 한국사 등급 우위자글로벌미래인재대학1) 수학 성적 우위자2) 영어 성적 우위자3) 국어 성적 우위자4) 사회 또는 과학탐구 성적 우위자(1과목)5) 4개 영역 성적 평균 우위자(탐구는 2과목 평균)6) 한국사 등급 우위자※ 활용지표: [Ⅵ. 대학수학능력시험 반영방법 – 2. 대학수학능력시험 활용지표]와 동일함※ [Ⅵ. 대학수학능력시험 반영방법 – 대학수학능력시험 활용영역, 영역별 반영비율]의 모집단위별 가산점을 적용한 환산 점수를 동점자 처리기준에 적용함※ 대학수학능력시험 영역 중 응시하지 않은 영역의 경우 ’0점‘으로 처리함※ 동점자 처리기준 적용 후에도 동점자 발생 시 본교 『대학입학전형관리위원회』의 결정에 따라 합격자를 선발함 (단, 동점자 처리 목적에  || 능력시험 최저학력기준 없음다.전형방법선발방법선발비율전형요소별 반영점수(비율)전형총점최저점최고점대학수학능력시험일괄합산100%100점(100%)100점0점100점라.선발원칙§ 모집단위별 총점에 의한 석차 순으로 선발§ 2027학년도 대학수학능력시험 모집단위별 반영영역 및 한국사에 응시하지 않은 경우 선발 대상에서 제외모집단위대학수학능력시험 반영영역간호대학수학, 영어, 국어 또는 탐구(사회/과학 中 2과목)약학대학국어, 영어, 수학(미적분/기하), 과탐(2과목)글로벌미래인재대학수학, 영어, 국어 또는 탐구(사회/과학 中 1과목)§ 미등록 충원 마감일 이후 합격자의 등록포기 등으로 모집인원에 미달이 발생할 경우, 본교 『대학입학전형관리위원회』의 결정에 따라 별도의 추가모집을 실시할 수 있음 ||  사실이 적발될 경우 불합격 또는 합격 취소됨)사. 동점자 처리기준모집단위동점자 처리기준간호대학1) 수학 성적 우위자2) 영어 성적 우위자3) 국어 성적 우위자4) 사회 또는 과학탐구 성적 우위자(2과목 평균)5) 4개 영역 성적 평균 우위자(탐구는 2과목 평균)6) 한국사 등급 우위자약학대학1) 수학 성적 우위자2) 과학탐구 성적 우위자(2과목 평균)3) 영어 성적 우위자4) 국어 성적 우위자5) 4개 영역 성적 평균 우위자(탐구는 2과목 평균)6) 한국사 등급 우위자글로벌미래인재대학1) 수학 성적 우위자2) 영어 성적 우위자3) 국어 성적 우위자4) 사회 또는 과학탐구 성적 우위자(1과목)5) 4개 영역 성적 평균 우위자(탐구는 2과목 평균)6) 한국사 등급 우위자※ 활용지표: [Ⅵ. 대학수학능력시험 반영방법 – 2. 대 ||  우위자(2과목 평균)5) 4개 영역 성적 평균 우위자(탐구는 2과목 평균)6) 한국사 등급 우위자약학대학1) 수학 성적 우위자2) 과학탐구 성적 우위자(2과목 평균)3) 영어 성적 우위자4) 국어 성적 우위자5) 4개 영역 성적 평균 우위자(탐구는 2과목 평균)6) 한국사 등급 우위자글로벌미래인재대학1) 수학 성적 우위자2) 영어 성적 우위자3) 국어 성적 우위자4) 사회 또는 과학탐구 성적 우위자(1과목)5) 4개 영역 성적 평균 우위자(탐구는 2과목 평균)6) 한국사 등급 우위자※ 활용지표: [Ⅵ. 대학수학능력시험 반영방법 – 2. 대학수학능력시험 활용지표]와 동일함※ [Ⅵ. 대학수학능력시험 반영방법 – 대학수학능력시험 활용영역, 영역별 반영비율]의 모집단위별 가산점을 적용한 환산 점수를 동점자 처리기준에 적용함※ 대학 ||  우위자5) 4개 영역 성적 평균 우위자(탐구는 2과목 평균)6) 한국사 등급 우위자글로벌미래인재대학1) 수학 성적 우위자2) 영어 성적 우위자3) 국어 성적 우위자4) 사회 또는 과학탐구 성적 우위자(1과목)5) 4개 영역 성적 평균 우위자(탐구는 2과목 평균)6) 한국사 등급 우위자※ 활용지표: [Ⅵ. 대학수학능력시험 반영방법 – 2. 대학수학능력시험 활용지표]와 동일함※ [Ⅵ. 대학수학능력시험 반영방법 – 대학수학능력시험 활용영역, 영역별 반영비율]의 모집단위별 가산점을 적용한 환산 점수를 동점자 처리기준에 적용함※ 대학수학능력시험 영역 중 응시하지 않은 영역의 경우 ’0점‘으로 처리함※ 동점자 처리기준 적용 후에도 동점자 발생 시 본교 『대학입학전형관리위원회』의 결정에 따라 합격자를 선발함 (단, 동점자 처리 목적에 ",C:\Users\User\Desktop\업무\작업\21. 정시모집 관련\00. 소스(모집요강)\경기인천강원\2. 경기인천\2027_차의과대_정시요강.pdf
62,총신대,감점,9,- 9 - 󰋻 󰋻 󰋻 표 대학수학능력시험 영어영역 등급별 환산점수표[ 1] 표 대학수학능력시험 한국사 등급별 감점 점수표[ 2] 다 전형별 대학수학능력시험 산출방법 . 수능위주 국어영역 또는 수학영역 중 우수한 백분위 영어영역 등급 본교 환산점수 탐구 1) : ((( ×0.4)+( ×0.3)+( 영역 과목 평균 백분위 한국사 등급별 감점2 ×0.3))×9)- 실기위주 국어영역 백분위 영어영역 등급 본교 환산점수 한국사 등급별 감점 2) : ((( ×0.5)+( ×0.5))×2)- || 급별 환산점수표[ 1] 표 대학수학능력시험 한국사 등급별 감점 점수표[ 2] 다 전형별 대학수학능력시험 산출방법 . 수능위주 국어영역 또는 수학영역 중 우수한 백분위 영어영역 등급 본교 환산점수 탐구 1) : ((( ×0.4)+( ×0.3)+( 영역 과목 평균 백분위 한국사 등급별 감점2 ×0.3))×9)- 실기위주 국어영역 백분위 영어영역 등급 본교 환산점수 한국사 등급별 감점 2) : ((( ×0.5)+( ×0.5))×2)- || 능력시험 산출방법 . 수능위주 국어영역 또는 수학영역 중 우수한 백분위 영어영역 등급 본교 환산점수 탐구 1) : ((( ×0.4)+( ×0.3)+( 영역 과목 평균 백분위 한국사 등급별 감점2 ×0.3))×9)- 실기위주 국어영역 백분위 영어영역 등급 본교 환산점수 한국사 등급별 감점 2) : ((( ×0.5)+( ×0.5))×2)-,C:\Users\User\Desktop\업무\작업\21. 정시모집 관련\00. 소스(모집요강)\서울\2027_총신대_정시요강.pdf
63,충남대,확인 필요,,,C:\Users\User\Desktop\업무\작업\21. 정시모집 관련\00. 소스(모집요강)\충청호남\4. 충청권\2027_충남대_정시요강.pdf
64,충북대,등급 환산,"19,27,32,34,40","디자인학과) 일괄합산100500점(44.4%)500점(55.6%)1,000점(100%)예체능계(체육교육과) 일괄합산100650점(72.4%)350점(27.6%)1,000점(100%)※ 지원자는 모집단위별 대학수학능력시험 반영영역의 전 영역(국어, 수학, 영어, 탐구, 한국사)에 응시하여야 함(탐구영역은 해당 반영 영역에서 별도의 지정과목은 없으나, 반드시 2과목을 응시하여야 함)※ 한국사는 반영영역에는 포함되나(필수 응시), 수능 성적 계산에는 미포함 됨※ 전형요소별 소수점 처리는 소수점 셋째자리에서 반올림 나. 실질반영점수전형요소반영점수기본점수실질반영점수수능인문계, 자연계1000점800점200점예체능계(미술학과,디자인학과) 500점300점200점예체능계(체육교육과) 650점430점220점실기예체능계(미술학과, 디자인학과)  || 00650점(72.4%)350점(27.6%)1,000점(100%)※ 지원자는 모집단위별 대학수학능력시험 반영영역의 전 영역(국어, 수학, 영어, 탐구, 한국사)에 응시하여야 함(탐구영역은 해당 반영 영역에서 별도의 지정과목은 없으나, 반드시 2과목을 응시하여야 함)※ 한국사는 반영영역에는 포함되나(필수 응시), 수능 성적 계산에는 미포함 됨※ 전형요소별 소수점 처리는 소수점 셋째자리에서 반올림 나. 실질반영점수전형요소반영점수기본점수실질반영점수수능인문계, 자연계1000점800점200점예체능계(미술학과,디자인학과) 500점300점200점예체능계(체육교육과) 650점430점220점실기예체능계(미술학과, 디자인학과) 500점250점250점예체능계(체육교육과) 350점266점84점※ 학교생활기록부에 학교폭력 기재사항이 있을 경우「학교 || 영비율모집시기모집단위사정단계사정 비율(%)전형요소별 반영점수 및 실질반영비율(%)전형 총점최저학력기준수능가군약학과, 제약학과일괄합산1001,000점(100%)1,000점적용하지 않음※ 지원자는 모집단위별 대학수학능력시험 반영영역의 전 영역(국어, 수학, 영어, 탐구, 한국사)에 응시하여야 함(탐구영역은 해당 반영 영역에서 별도의 지정과목은 없으나, 반드시 2과목을 응시하여야 함)※ 한국사는 반영영역에는 포함되나(필수 응시), 수능 성적 계산에는 미포함됨※ 전형요소별 소수점 처리는 소수점 셋째자리에서 반올림 나. 실질반영점수전형요소반영점수기본점수실질반영점수수능1,000점 800점 200점※ 학교생활기록부에 학교폭력 기재사항이 있을경우「학교폭력예방 및 대책에 관한 법률」 제17조제 1항에 따른 조치사항에 따라 수능성적 실질반영점 || 제약학과일괄합산1001,000점(100%)1,000점적용하지 않음※ 지원자는 모집단위별 대학수학능력시험 반영영역의 전 영역(국어, 수학, 영어, 탐구, 한국사)에 응시하여야 함(탐구영역은 해당 반영 영역에서 별도의 지정과목은 없으나, 반드시 2과목을 응시하여야 함)※ 한국사는 반영영역에는 포함되나(필수 응시), 수능 성적 계산에는 미포함됨※ 전형요소별 소수점 처리는 소수점 셋째자리에서 반올림 나. 실질반영점수전형요소반영점수기본점수실질반영점수수능1,000점 800점 200점※ 학교생활기록부에 학교폭력 기재사항이 있을경우「학교폭력예방 및 대책에 관한 법률」 제17조제 1항에 따른 조치사항에 따라 수능성적 실질반영점수에서 감점처리함.(학교폭력 조치사항이 2가지 이상일 경우 최고 호수 반영) 다. 대학수학능력시험 반영방법: p.38 || 비율모집시기모집단위사정단계사정 비율(%)전형요소별 반영점수 및 실질반영비율(%)전형 총점최저학력기준수능가군나군인문계, 자연계일괄합산1001,000점(100%)1,000점적용하지 않음※ 지원자는 모집단위별 대학수학능력시험 반영영역의 전 영역(국어, 수학, 영어, 탐구, 한국사)에 응시하여야 함(탐구영역은 해당 반영 영역에서 별도의 지정과목은 없으나, 반드시 2과목을 응시하여야 함)※ 한국사는 반영영역에는 포함되나(필수 응시), 수능 성적 계산에는 미포함됨※ 전형요소별 소수점 처리는 소수점 셋째자리에서 반올림 나. 실질반영점수전형요소반영점수기본점수실질반영점수수능1,000점 800점 200점※ 학교생활기록부에 학교폭력 기재사항이 있을경우「학교폭력예방 및 대책에 관한 법률」 제17조제 1항에 따른 조치사항에 따라 수능성적 실질반영점 ||  자연계일괄합산1001,000점(100%)1,000점적용하지 않음※ 지원자는 모집단위별 대학수학능력시험 반영영역의 전 영역(국어, 수학, 영어, 탐구, 한국사)에 응시하여야 함(탐구영역은 해당 반영 영역에서 별도의 지정과목은 없으나, 반드시 2과목을 응시하여야 함)※ 한국사는 반영영역에는 포함되나(필수 응시), 수능 성적 계산에는 미포함됨※ 전형요소별 소수점 처리는 소수점 셋째자리에서 반올림 나. 실질반영점수전형요소반영점수기본점수실질반영점수수능1,000점 800점 200점※ 학교생활기록부에 학교폭력 기재사항이 있을경우「학교폭력예방 및 대책에 관한 법률」 제17조제 1항에 따른 조치사항에 따라 수능성적 실질반영점수에서 감점처리함.(학교폭력 조치사항이 2가지이상일 경우 최고 호수 반영) 다. 대학수학능력시험 반영방법: p.38  || 모집단위사정단계사정 비율(%)전형요소별 반영점수 및 실질반영비율(%)전형 총점최저학력기준수능가군나군인문계, 자연계일괄합산1001,000점(100%)1,000점(100%)적용하지 않음※ 지원자는 모집단위별 대학수학능력시험 반영영역의 전 영역(국어, 수학, 영어, 탐구, 한국사)에 응시하여야 함(탐구영역은 해당 반영 영역에서 별도의 지정과목은 없으나, 반드시 2과목을 응시하여야 함)※ 한국사는 반영영역에는 포함되나(필수 응시), 수능 성적 계산에는 미포함됨※ 전형요소별 소수점 처리는 소수점 셋째자리에서 반올림 || 합산1001,000점(100%)1,000점(100%)적용하지 않음※ 지원자는 모집단위별 대학수학능력시험 반영영역의 전 영역(국어, 수학, 영어, 탐구, 한국사)에 응시하여야 함(탐구영역은 해당 반영 영역에서 별도의 지정과목은 없으나, 반드시 2과목을 응시하여야 함)※ 한국사는 반영영역에는 포함되나(필수 응시), 수능 성적 계산에는 미포함됨※ 전형요소별 소수점 처리는 소수점 셋째자리에서 반올림",C:\Users\User\Desktop\업무\작업\21. 정시모집 관련\00. 소스(모집요강)\충청호남\4. 충청권\2027_충북대_정시요강.pdf
65,평택대,가점,"35,36","- 35 - 대학수학능력시험 및 학교생활기록부 성적반영방법 대학수학능력시험 성적반영방법 ■ 대학수학능력시험 반영방법모집단위반영영역활용지표해당모집단위① 국어영역 ② 수학영역 ③ 영어영역 ④ 탐구영역(1과목) 또는 한국사 중상위 3개 영역(④ 탐구영역(1과목) 또는 한국사는 1개만 반영 가능. 단, 직업탐구영역 제외)등급상위 1 영역상위 2 영역상위 3 영역반영비율35%35%30%가산점 부여 방법 -한국사 반영방법응시 필수(선택 반영) ■ 대학수학능력시험 수능성적 산출 기준표 수능등급수능환산점수수능 100%반영(1,000점 만점)상위 1영역상위 2영역상위 3영역35%35%30%① 국어영역 ② 수학영역 ③ 영어영역 ④ 탐구영역(1과목) 또는 한국사 중상위 3개 영역(④ 탐구 || - 35 - 대학수학능력시험 및 학교생활기록부 성적반영방법 대학수학능력시험 성적반영방법 ■ 대학수학능력시험 반영방법모집단위반영영역활용지표해당모집단위① 국어영역 ② 수학영역 ③ 영어영역 ④ 탐구영역(1과목) 또는 한국사 중상위 3개 영역(④ 탐구영역(1과목) 또는 한국사는 1개만 반영 가능. 단, 직업탐구영역 제외)등급상위 1 영역상위 2 영역상위 3 영역반영비율35%35%30%가산점 부여 방법 -한국사 반영방법응시 필수(선택 반영) ■ 대학수학능력시험 수능성적 산출 기준표 수능등급수능환산점수수능 100%반영(1,000점 만점)상위 1영역상위 2영역상위 3영역35%35%30%① 국어영역 ② 수학영역 ③ 영어영역 ④ 탐구영역(1과목) 또는 한국사 중상위 3개 영역(④ 탐구영역(1과목) 또는 한국사는 1개만 반영 가능. 단, || 용지표해당모집단위① 국어영역 ② 수학영역 ③ 영어영역 ④ 탐구영역(1과목) 또는 한국사 중상위 3개 영역(④ 탐구영역(1과목) 또는 한국사는 1개만 반영 가능. 단, 직업탐구영역 제외)등급상위 1 영역상위 2 영역상위 3 영역반영비율35%35%30%가산점 부여 방법 -한국사 반영방법응시 필수(선택 반영) ■ 대학수학능력시험 수능성적 산출 기준표 수능등급수능환산점수수능 100%반영(1,000점 만점)상위 1영역상위 2영역상위 3영역35%35%30%① 국어영역 ② 수학영역 ③ 영어영역 ④ 탐구영역(1과목) 또는 한국사 중상위 3개 영역(④ 탐구영역(1과목) 또는 한국사는 1개만 반영 가능. 단, 직업탐구영역 제외)1 3503503002 3153152703 2802802404 2452452105 2102101806 17517515 || 0%가산점 부여 방법 -한국사 반영방법응시 필수(선택 반영) ■ 대학수학능력시험 수능성적 산출 기준표 수능등급수능환산점수수능 100%반영(1,000점 만점)상위 1영역상위 2영역상위 3영역35%35%30%① 국어영역 ② 수학영역 ③ 영어영역 ④ 탐구영역(1과목) 또는 한국사 중상위 3개 영역(④ 탐구영역(1과목) 또는 한국사는 1개만 반영 가능. 단, 직업탐구영역 제외)1 3503503002 3153152703 2802802404 2452452105 2102101806 1751751507 1401401208 70 70 609 0 0 0 ※ 해당영역의 등급이 없을 경우 또는 해당영역에 응시하지 않았을 경우는 0점으로 처리하여 합산함 ※ 산출되는 성적은 소수점 둘째 자리까지 계산(소수점 셋째 자리에서 버림)하며 해당점수가 없을  ||  반영) ■ 대학수학능력시험 수능성적 산출 기준표 수능등급수능환산점수수능 100%반영(1,000점 만점)상위 1영역상위 2영역상위 3영역35%35%30%① 국어영역 ② 수학영역 ③ 영어영역 ④ 탐구영역(1과목) 또는 한국사 중상위 3개 영역(④ 탐구영역(1과목) 또는 한국사는 1개만 반영 가능. 단, 직업탐구영역 제외)1 3503503002 3153152703 2802802404 2452452105 2102101806 1751751507 1401401208 70 70 609 0 0 0 ※ 해당영역의 등급이 없을 경우 또는 해당영역에 응시하지 않았을 경우는 0점으로 처리하여 합산함 ※ 산출되는 성적은 소수점 둘째 자리까지 계산(소수점 셋째 자리에서 버림)하며 해당점수가 없을 경우 0점 처리함 ※ 선발기준은 일괄합산으로 선발 || 및 요소별 반영비율학년별 반영비율(%)학생부 교과 요소별 반영비율(%)활용지표1학년2학년3학년교과성적비교과성적계석차등급성취도100100- 100 ■ 교과성적 반영방법전형반영교과 및 방법비고농어촌학생학년/학기 구분없이국어, 수학, 영어, 사회(역사/도덕 포함), 과학, 한국사 교과 중교과구분 없이 상위 9개 과목 석차등급 평균반영(진로선택과목 3개 과목포함 가능) * 특성화고교졸업(예정)자는학년/학기 구분없이전문교과를 제외한 전 과목 석차등급 평균반영3학년 2학기까지 반영(졸업자도 동일하게 적용)특성화고교졸업자기초생활수급자등장애인 ※ 초등·중등학교 교과과정에 한해 적용 ※ 1개 교과에서 9개 과목 반영가능 ※ 반영 과목수가 부족할 경우 부족한 과목은 9등급 처리(과목 수가 부족해도 지원은 가능) ※ 산출되는 성적은 소수점 둘째",C:\Users\User\Desktop\업무\작업\21. 정시모집 관련\00. 소스(모집요강)\경기인천강원\2. 경기인천\2027_평택대_정시요강.pdf
66,한경국립대,감점,"4,11","역 반영 - 전모집단위: 국어, 수학, 영어 중 택 2 각 40%, 탐구 택 1 20%(직업탐구 미반영) ※ 특수교육대상자 수능 미응시자 기본점수 부여◦ 가산점반영(인문사회계열 제외) - 수학 ‘미적분, 기하’, 과학탐구: 10 ~ 20%범위◦ 절대평가 영역 처리 -‘한국사’: 응시여부 반영(미응시 시 불합격 처리) ※ 특수교육대상자 제외 -‘영어’: 수시 등급활용, 정시 등급별 배점 활용 ‘좌동’ 기타학교폭력 조치사항 반영 신설: 모든 전형 총점에서 각 호수에 따라 감점처리1호40점2호50점3호60점4호70점5호80점6호90점7호100점8호부적격9호부적격 ‘좌동’ || 집단위 및 인원 ◦ 모집단위: 전 모집단위 ◦ 모집인원: 279명(2027학년도 수시모집 등록결과에 따라 변동될 수 있음) 02 지원자격 ◦ 고등학교 졸업(예정)자 또는 법령에 의하여 고등학교 졸업자와 동등 이상의 학력이 인정되는 자로 2027학년도 대학수학능력시험(‘한국사’필수)에 응시한 자 <대학수학능력시험 불합격 처리사항 >• 한국사 영역 응시여부를 지원 자격에 설정하고 있으므로 미 응시자는 불합격 처리 함• 대학수학능력시험 국어, 수학, 영어 중 1개 영역 미 응시 가능, 탐구영역은 필수 지정이므로 미응시자는 불합격 처리함 ※ 탐구영역에서 직업탐구는 미반영 함03 전형방법 ◦ 성적반영 배점 [단위: 점] 모집단위대학수학능력시험 성적실기 성적합계전 모집단위(디자인예술스포츠대학 스포츠과학과, 시각미디어디자인학과, 제품공간 || 2027학년도 수시모집 등록결과에 따라 변동될 수 있음) 02 지원자격 ◦ 고등학교 졸업(예정)자 또는 법령에 의하여 고등학교 졸업자와 동등 이상의 학력이 인정되는 자로 2027학년도 대학수학능력시험(‘한국사’필수)에 응시한 자 <대학수학능력시험 불합격 처리사항 >• 한국사 영역 응시여부를 지원 자격에 설정하고 있으므로 미 응시자는 불합격 처리 함• 대학수학능력시험 국어, 수학, 영어 중 1개 영역 미 응시 가능, 탐구영역은 필수 지정이므로 미응시자는 불합격 처리함 ※ 탐구영역에서 직업탐구는 미반영 함03 전형방법 ◦ 성적반영 배점 [단위: 점] 모집단위대학수학능력시험 성적실기 성적합계전 모집단위(디자인예술스포츠대학 스포츠과학과, 시각미디어디자인학과, 제품공간디자인학과-실기 제외) 1,000-1,000디자인예술스포츠대학 스포",C:\Users\User\Desktop\업무\작업\21. 정시모집 관련\00. 소스(모집요강)\경기인천강원\2. 경기인천\2027_한경국립대_정시요강.pdf
67,한국공학대,미반영,"3,10,12",산업융합공학과(야간)디지털경영학과(야간)일괄합산 서류평가 100%학생부종합(조기취업형계약학과)스마트전자공학과AI소프트웨어학과IT융합디자인공학과스마트그린소재공학과1단계(5배수) 서류평가 100%2단계 면접평가 100%(합/불)※ 본교 전형별 대학수학능력시험 반영영역 및 한국사 영역 필수 응시 || 산업디자인공학전공 14미디어디자인공학전공교양자율전공대학자유전공학부20총계 66128862. 지원자격 ▪ 고등학교 졸업(예정)자 또는 관계 법령에 의해 이와 동등 이상의 학력이 있다고 인정된 자 ▪ 2027학년도 대학수학능력시험에 응시한 자(본 전형의 수능 반영영역 및 한국사 필수 응시) || 디자인공학부산업디자인공학전공12미디어디자인공학전공교양자율전공대학자유전공학부총계 98712. 지원자격 ▪ 고등학교 졸업(예정)자 또는 관계 법령에 의해 이와 동등 이상의 학력이 있다고 인정된 자 ▪ 2027학년도 대학수학능력시험에 응시한 자(본 전형의 수능 반영영역 및 한국사 필수 응시),C:\Users\User\Desktop\업무\작업\21. 정시모집 관련\00. 소스(모집요강)\경기인천강원\2. 경기인천\2027_한국공학대_정시요강.pdf
68,한국교원대,확인 필요,,,C:\Users\User\Desktop\업무\작업\21. 정시모집 관련\00. 소스(모집요강)\교대\2027_한국교원대_정시요강.pdf
69,한국교통대,확인 필요,,,C:\Users\User\Desktop\업무\작업\21. 정시모집 관련\00. 소스(모집요강)\경기인천강원\2. 경기인천\2027_국립한국교통대_정시요강.pdf
70,한국기술교육대,가점,"3,4,7,8,9"," [㉮군 공학융합계열, ㉯군 ICT융합계열 및 사회융합계열, ㉰군 미래융합학부 자율전공(자연, 인문)] - 전형 반영 요소 : 수능성적 100% - 전형 총점 : 100점 만점 - 수능 활용지표 : 백분위 - 수능 반영영역 : 4개 영역 반영영역모집계열 국어수학영어탐구한국사사탐과탐직탐공학·ICT융합계열A30% 35%15%20%응시 필수(점수 반영 없음)B20%35%15%30%사회융합계열35% 20% 20% 25%자율전공 [자연] 공학ㆍICT계열 수능반영 영역 적용 [인문] 사회계열 수능반영 영역 적용 【공통】 ㆍ탐구 영역은 상위 1개 과목 반영 ㆍ학교폭력 조치사항 반영(p.13) ㆍ 영어 영역은 취득 등급에 따라 아래의 환산 점수 부여 등급123456789공학, ICT,자율(자연)1514.614.313.51210.597.56 || 택 시 가산점 부여(‘수학’ 취득 점수의 10%)- 영 어 영 역 은 취 득 등 급 에 따 라 아 래 의 환 산 점 수 부 여 등급123456789공학·ICT·자율(자연)1514.614.313.51210.597.56사회·자율(인문)2019.51918161412108ㅇ 한국사 응시 필수(점수 미반영) ㅇ 2027학년도와 동일ㅇ 2027학년도와 동일 ㅇ 2027학년도와 동일학생부종합전형모집인원00명(수시 미충원 반영) ㅇ 2027학년도와 동일모집군 ㉰군 ㅇ 2027학년도와 동일전형방법ㅇ(1단계) 서류평가 100%(모집인원의 4배수 선발) (2단계) 1단계 60% + 면접평가 40% ㅇ 2027학년도와 동일 || 컴퓨터공학전공32AI·소프트웨어전공70사회융합계열경영학부융합경영전공40나군25데이터경영전공39고용서비스정책학과26미래 융합학부자율전공[자연] 84다군38자율전공[인문] 6 나.지원자격 ○고교졸업(예정)자및이와동등이상의학력이인정되는학생으로당해연도대학수학능력시험(‘수능’)한국사및모집단위별반영영역에응시한자 ※ 모집단위별 반영영역 미응시자는 불합격 처리되며, 수능성적 온라인 제공에 동의하여야 합니다. || 택시가산점부여(‘수학’취득점수의10%) ○탐구영역은1개과목만반영3)수능활용지표:백분위4)영어영역은취득등급에따라아래의환산점수부여 등급123456789공학ㆍICTㆍ자율(자연)1514.614.313.51210.597.56사회ㆍ자율(인문)2019.519181614121085)한국사응시필수(점수미반영)라.수능성적반영방법1)수능성적은4개영역의백분위점수를반영비율에따라계산하여100점만점으로환산하며,별도의대학별고사(면접등)는실시하지않습니다.2)산출방법:∑(영역별백분위점수×영역별반영비율)【 성적산출 방법 사례 】 ▣ 공학ㆍICT계열ㆍ자율전공(자연)에 지원한 경우 ○ 수능 활용지표 : 백분위 ○ 수능 반영영역 및 비율 : 두 가지 산식 중 A에 해당 할 경우 국어(30%), 수학(35%), 영어(15%), 탐구(20%) ○ 수능 백분위 점수가  || 으로모집인원의100%를선발합니다.2)모집단위별불합격자중에서입시총점순으로결원보충(예비)후보자를선발하여합격자발표시공고합니다.3)모집단위별동점자가발생하였을경우아래의기준에따라전형합니다.-공학ㆍICT유합계열,자율전공(자연)①수능수학성적②수능탐구성적③수능국어성적④수능영어성적⑤수능한국사성적순-사회융합계열,자율전공(인문)①수능국어성적②수능탐구성적③수능수학성적④수능영어성적⑤수능한국사성적순4)지원자미달또는미등록자과다등의사유로비록입시총점순으로는입학정원내에들더라도그성적이수학에지장이있다고판단되는경우는대학입학전형공정관리위원회의심의를거쳐입학을불허할수있습니다.바.학교폭력조치사항반영방법:p13(학교폭력조치사항반영방법참조) ㆍ국어 : (84점×30%) = 25.2점 ㆍ수학 : (85점×35%)+가산점(85점×10%×35%) = 32.725점 ㆍ영어 : 2등 || 하여합격자발표시공고합니다.3)모집단위별동점자가발생하였을경우아래의기준에따라전형합니다.-공학ㆍICT유합계열,자율전공(자연)①수능수학성적②수능탐구성적③수능국어성적④수능영어성적⑤수능한국사성적순-사회융합계열,자율전공(인문)①수능국어성적②수능탐구성적③수능수학성적④수능영어성적⑤수능한국사성적순4)지원자미달또는미등록자과다등의사유로비록입시총점순으로는입학정원내에들더라도그성적이수학에지장이있다고판단되는경우는대학입학전형공정관리위원회의심의를거쳐입학을불허할수있습니다.바.학교폭력조치사항반영방법:p13(학교폭력조치사항반영방법참조) ㆍ국어 : (84점×30%) = 25.2점 ㆍ수학 : (85점×35%)+가산점(85점×10%×35%) = 32.725점 ㆍ영어 : 2등급 → 14.6점 = 14.6점 ㆍ탐구 : (91점×20%) = 18.2점 → 위 지원자의 수능",C:\Users\User\Desktop\업무\작업\21. 정시모집 관련\00. 소스(모집요강)\충청호남\4. 충청권\2027_한국기술교대_정시요강.pdf
71,한국성서대,가점,10,"- 8 - Ⅲ. 정시[다]군 대학수학능력시험 반영방법❚ 반영비율수능 영역별 반영비율(%)모집단위국어수학영어탐구영역한국사영역가산점적용활용지표사회과학사/과사/과/직성서학과4030 301~5등급: 3점6~7등급: 2점8~9등급: 1점백분위사회복지학과영유아보육학과AI융합학부4030 30간호학과303030 10※ 탐구영역은 상위 1과목만 반영, 한국사영역 가산점 적용※ 해당영역에 등급이 없거나 응시하지 않았을 경우에는 지원불가(지원 후 발견 시 불합격 처리)※ 전 모집단위 교차지원 허용❚ 영어영역 절대평가 등급별 백분위 산출등급123456789백분위100959085807570656 || 역별 반영비율(%)모집단위국어수학영어탐구영역한국사영역가산점적용활용지표사회과학사/과사/과/직성서학과4030 301~5등급: 3점6~7등급: 2점8~9등급: 1점백분위사회복지학과영유아보육학과AI융합학부4030 30간호학과303030 10※ 탐구영역은 상위 1과목만 반영, 한국사영역 가산점 적용※ 해당영역에 등급이 없거나 응시하지 않았을 경우에는 지원불가(지원 후 발견 시 불합격 처리)※ 전 모집단위 교차지원 허용❚ 영어영역 절대평가 등급별 백분위 산출등급123456789백분위1009590858075706560❚ 탐구영역 과목 반영방법모집단위사회탐구과학탐구직업탐구반영방법전 모집단위(간호학과 제외)상위 1과목 선택상위 1과목 선택상위 1과목 선택상위 1과목 선택간호학과만 해당상위 1과목 선택상위 1과목 선택-❚ 산출방법 및 예시1. || 위 1과목 선택상위 1과목 선택상위 1과목 선택간호학과만 해당상위 1과목 선택상위 1과목 선택-❚ 산출방법 및 예시1. 산출방법 = ( 반영영역별 백분위 점수 × 영역별 반영비율 )의 합 × 72. 산출방법 예시 _ 일반학생전형 간호학과 지원자구분국어수학영어과학탐구영역한국사화학백분위918495(2등급) 882등급☞ 간호학과 = [ (91×30%) + (84×30%) + (95×30%) + (88×10%) ] × 7 + [3] = 631.6",C:\Users\User\Desktop\업무\작업\21. 정시모집 관련\00. 소스(모집요강)\서울\2027_한국성서대_정시요강.pdf
72,한국외국어대,감점,15,"반영비율 x 1,000 ] ④ + [( 수학 취득 표준점수 ) ② x 반영비율 x 1,000 ] ⑤ +국어 최고 표준점수 수학 최고 표준점수 [( 탐구1 취득 변환표준점수 + 탐구2 취득 변환표준점수 ) ③ x 반영비율 x 1,000 ] ⑥ + 영어영역 환산 점수 - 한국사영역 감점 점수탐구 최고 변환표준점수 x 2 ※ ① ~ ⑥ 에 해당하는 각 단계 성적 산출 시, 소수점 이하 6자리 미만에서 절사합니다. ① 국어, 수학 영역은 모집단위별 반영 영역의 표준점수를 반영합니다. ② 영어 영역은 아래와 같이 등급에 따른 환산 점수를 반영합니다. 영어 등급 1 2 3 4 5 6 7 8 9 반영비율이 20%인 모집단위 200 198 194 188 180 170 150 120 0 반영비율이 15%인 모집단위 150 148.5 145. ||  본인이 응시한 사회/과학 탐구 영역 2과목의 백분위 활용 자체 변환표준점수를 반영합니다. (탐구 영역 백분위 활용 자체 변환표준점수표는 수능 성적 발표 이후 입학처 홈페이지에 공지 예정) ④ 한문, 제2외국어는 탐구 1과목으로 대체 불가합니다. 3. 대학수학능력시험 한국사 영역 반영 방법 ① 한국사 영역 취득 등급에 따른 아래의 감점 점수를 총점에서 감점 한국사 등급 1 2 3 4 5 6 7 8 9 감점 점수 0 0.2 0.4 0.6 0.8 1 2 4. 학교폭력 조치사항 적용 방법 「학교폭력예방 및 대책에 관한 법률」제17조제1항 구분 내용 적용 방법 제1호 피해학생에 대한 서면사과 전형별 총점의 1% 감점제2호 피해학생 신고·고발 학생에 대한 접촉, 협박 및 보복행위의 금지 제3호 학교에서의 봉사 제4호 사회봉사 전형별  || 탐구 영역 2과목의 백분위 활용 자체 변환표준점수를 반영합니다. (탐구 영역 백분위 활용 자체 변환표준점수표는 수능 성적 발표 이후 입학처 홈페이지에 공지 예정) ④ 한문, 제2외국어는 탐구 1과목으로 대체 불가합니다. 3. 대학수학능력시험 한국사 영역 반영 방법 ① 한국사 영역 취득 등급에 따른 아래의 감점 점수를 총점에서 감점 한국사 등급 1 2 3 4 5 6 7 8 9 감점 점수 0 0.2 0.4 0.6 0.8 1 2 4. 학교폭력 조치사항 적용 방법 「학교폭력예방 및 대책에 관한 법률」제17조제1항 구분 내용 적용 방법 제1호 피해학생에 대한 서면사과 전형별 총점의 1% 감점제2호 피해학생 신고·고발 학생에 대한 접촉, 협박 및 보복행위의 금지 제3호 학교에서의 봉사 제4호 사회봉사 전형별 총점의 10% 감점 제5호  || (탐구 영역 백분위 활용 자체 변환표준점수표는 수능 성적 발표 이후 입학처 홈페이지에 공지 예정) ④ 한문, 제2외국어는 탐구 1과목으로 대체 불가합니다. 3. 대학수학능력시험 한국사 영역 반영 방법 ① 한국사 영역 취득 등급에 따른 아래의 감점 점수를 총점에서 감점 한국사 등급 1 2 3 4 5 6 7 8 9 감점 점수 0 0.2 0.4 0.6 0.8 1 2 4. 학교폭력 조치사항 적용 방법 「학교폭력예방 및 대책에 관한 법률」제17조제1항 구분 내용 적용 방법 제1호 피해학생에 대한 서면사과 전형별 총점의 1% 감점제2호 피해학생 신고·고발 학생에 대한 접촉, 협박 및 보복행위의 금지 제3호 학교에서의 봉사 제4호 사회봉사 전형별 총점의 10% 감점 제5호 학내외 전문가에 의한 특별교육 이수 또는 심리치료 제6호 출석정지 ||  처리합니다. 1. 모집단위별 수능 영역별 반영 비율 및 배점 • 표 안의 %는 본 대학교 영역별 반영 비율이며, ( )안은 영역별 반영 배점입니다. • 모집단위 계열별 반영 영역 유형 이외의 유형 응시자의 경우, 해당 영역의 성적(반영 점수)은 0점 처리합니다. • 한국사 영역 성적 반영 방법은 모집요강 29페이지의 ‘대학수학능력시험 한국사 영역 반영 방법’ 항목을 참고 바랍니다. 가. 일반전형 구분 모집단위 국어 수학 영어 탐구 총계 사회/과학 인문A 영어대학 영미문학·문화학과, 영어통번역학과, 영어대학[통합모집] 서양어대학 전 모집단위, 핵심외국어계열, 특수외국어(유럽지역)계열 아시아언어문화대학 전 모집단위, 특수외국어(인도·아세안지역)계열, 특수외국어(중동지역)계열 중국학대학 전 모집단위, 중국학대학[통합모집] 일본학",C:\Users\User\Desktop\업무\작업\21. 정시모집 관련\00. 소스(모집요강)\서울\2027_한국외대_정시요강.pdf
73,한국항공대,감점,"10,11,13,15,18,19","회적성4 4계 996755221m 정시모집 일반학생 전형은 수시모집에서 발생한 미등록 결원을 포함(이월)하여 선발합니다. (최종 모집인원은 원서접수 시 입학처 홈페이지 및 원서접수 홈페이지 참고)2. 자격기준 본교 모집단위별 2027학년도 대학수학능력시험 반영영역 및 한국사에 응시한 자로서 아래 중 하나에 해당하는 자 (1) 고등학교 졸업(예정)자 (2) 고등교육법에 의거하여 고등학교 졸업과 동등 이상의 학력이 있다고 인정된 자3. 전형방법가. 전형요소 및 반영비율 ||  각호는 학교폭력예방 및 대책에 관련 법률 제17조제1항 기준) 구분감점 반영제1호~제3호감점 없음제4호~제7호환산총점의 10%제8호부적격(전형 불합격 처리)제9호 나. 성적산출방법산출식 = ∑[(반영영역별 취득표준점수) x (모집단위의 영역별 반영비율)] x 5 + 한국사 가산점※ 자세한 사항은 20쪽 “Ⅵ. 대학수학능력시험 성적 반영방법”을 참고하시기 바랍니다.다. 항공운항학과 신체검사(1) 항공운항학과 지원자 중 총점 성적순 3배수 인원을 신체검사 대상자로 선발하며, 신체검사 합격자 중에서 총점 성적순에 의거 합격자를 선발합니다.(2) 신체검사 결과는 합격 또는 불합격 자료로만 활용합니다. (3) 신체검사 관련 세부사항은 23쪽 “Ⅶ. 항공운항학과 신체검사 안내”를 참고하시기 바랍니다.4. 선발방법 및 동점자 처리기준가 || 집단위별 총점 순으로 합격자를 선발하며, “동점자 선발 기준”은 아래와 같습니다. (1) 대학수학능력시험성적 취득 표준점수 중모집단위동점자 선발기준(과학탐구 가산점 포함)공과대학, AI융합대학, 자유전공학부(공학적성) ① 수학, 영어, 국어, 탐구영역 순의 고득점자② 한국사 등급 상위자항공ㆍ경영대학(이학적성), 항공운항학과,자유전공학부(이학적성) ① 영어, 수학, 국어, 탐구영역 순의 고득점자② 한국사 등급 상위자항공ㆍ경영대학(사회적성), 자유전공학부(사회적성)① 영어, 국어, 수학, 탐구영역 순의 고득점자② 한국사 등급 상위자※ 탐구영역은 상위 1개 과목을 기준으로 함※ 영어영역은 본교 환산 표준점수에 따름(2) 위의 (1)까지 동점인 경우 입학공정관리위원회에서 심의하여 순위를 결정합니다.나. 지원자 중 입학전형 성적이 현 || 위동점자 선발기준(과학탐구 가산점 포함)공과대학, AI융합대학, 자유전공학부(공학적성) ① 수학, 영어, 국어, 탐구영역 순의 고득점자② 한국사 등급 상위자항공ㆍ경영대학(이학적성), 항공운항학과,자유전공학부(이학적성) ① 영어, 수학, 국어, 탐구영역 순의 고득점자② 한국사 등급 상위자항공ㆍ경영대학(사회적성), 자유전공학부(사회적성)① 영어, 국어, 수학, 탐구영역 순의 고득점자② 한국사 등급 상위자※ 탐구영역은 상위 1개 과목을 기준으로 함※ 영어영역은 본교 환산 표준점수에 따름(2) 위의 (1)까지 동점인 경우 입학공정관리위원회에서 심의하여 순위를 결정합니다.나. 지원자 중 입학전형 성적이 현저히 미달되어 본교 수학에 지장이 있을 것으로 판단되는 자는 모집단위의 모집인원에 미달된 경우에도 입학공정관리위원회 결정에 따라 입 || 영역 순의 고득점자② 한국사 등급 상위자항공ㆍ경영대학(이학적성), 항공운항학과,자유전공학부(이학적성) ① 영어, 수학, 국어, 탐구영역 순의 고득점자② 한국사 등급 상위자항공ㆍ경영대학(사회적성), 자유전공학부(사회적성)① 영어, 국어, 수학, 탐구영역 순의 고득점자② 한국사 등급 상위자※ 탐구영역은 상위 1개 과목을 기준으로 함※ 영어영역은 본교 환산 표준점수에 따름(2) 위의 (1)까지 동점인 경우 입학공정관리위원회에서 심의하여 순위를 결정합니다.나. 지원자 중 입학전형 성적이 현저히 미달되어 본교 수학에 지장이 있을 것으로 판단되는 자는 모집단위의 모집인원에 미달된 경우에도 입학공정관리위원회 결정에 따라 입학이 불허될 수 있습니다. || 공전자 및 항공전자 전공AI융합 ICT 전공AI로봇 전공11 11항공ㆍ경영대학항공교통 전공물류 전공경영 전공항공경영 전공이학적성4 4사회적성4 4항공운항학과3 3계 19140 332. 자격기준가. 지원자격본 대학교 모집단위별 2027학년도 대학수학능력시험 반영영역 및 한국사 응시자 중 아래 [유형 Ⅰ] 또는 [유형 Ⅱ]에 해당하는 자유 형 [유형 I] [유형 II]지원자격[지방자치법] 제3조에 따른 읍·면 지역 및 [도서·벽지 교육진흥법 시행규칙] 제2조에 따른 도서·벽지 소재지 학교에서 중학교 입학일부터 고등학교 졸업일까지※ 중·고 전 교육과정을 이수하고 본인, 부모가 모두 농·어촌지역에서 거주한 자(연속된 연수만 인정)로서, 출신 고등학교장의 확인을 받은 자 [지방자치법] 제3조에 따른 읍·면 지역 및 [도서·벽지 교육진 || 2027학년도 신입생 정시 모집요강 KOREA AEROSPACE UNIVERSITY-13- 나. 성적산출방법산출식 = ∑[(반영영역별 취득표준점수) x (모집단위의 영역별 반영비율)] x 5 + 한국사 가산점※ 자세한 사항은 20쪽 “Ⅵ. 대학수학능력시험 성적 반영방법”을 참고하시기 바랍니다.다. 항공운항학과 신체검사(1) 항공운항학과 지원자 중 총점 성적순 3배수 인원을 신체검사 대상자로 선발하며, 신체검사 합격자 중에서 총점 성적순에 의거 합격자를 선발합니다.(2) 신체검사 결과는 합격 또는 불합격 자료로만 활용합니다. (3) 신체검사 관련 세부사항은 23쪽 “Ⅶ. 항공운항학과 신체검사 안내”를 참고하시기 바랍니다.4. 선발방법 및 동점자 처리기준가 || 집단위별 총점 순으로 합격자를 선발하며, “동점자 선발 기준”은 아래와 같습니다. (1) 대학수학능력시험성적 취득 표준점수 중모집단위동점자 선발기준(과학탐구 가산점 포함)공과대학, AI융합대학, 자유전공학부(공학적성) ① 수학, 영어, 국어, 탐구영역 순의 고득점자② 한국사 등급 상위자항공ㆍ경영대학(이학적성), 항공운항학과,자유전공학부(이학적성) ① 영어, 수학, 국어, 탐구영역 순의 고득점자② 한국사 등급 상위자항공ㆍ경영대학(사회적성), 자유전공학부(사회적성)① 영어, 국어, 수학, 탐구영역 순의 고득점자② 한국사 등급 상위자※ 탐구영역은 상위 1개 과목을 기준으로 함※ 영어영역은 본교 환산 표준점수에 따름(2) 위의 (1)까지 동점인 경우 입학공정관리위원회에서 심의하여 순위를 결정합니다.나. 지원자 중 입학전형 성적이 현",C:\Users\User\Desktop\업무\작업\21. 정시모집 관련\00. 소스(모집요강)\경기인천강원\2. 경기인천\2027_한국항공대_정시요강.pdf
74,한림대,가점,"24,26,28,33,35,37,44"," 판단되는 자 (입학전형관리위원회에서 별도로 정함) • 해당 모집단위의 대학수학능력시험 반영영역 수만큼 미응시한 자 또는 필수 영역에 미응시한 자 필수 반영영역 수 2개 영역 4개 영역 해당 모집단위 전체학과 (의학과, 간호학과 제외) 의학과, 간호학과 • 전체학과: 한국사에 미응시한 자 • 의학과 국어, 영어, 수학(미적분 또는 기하), 과학탐구(2과목) 중 하나라도 미응시한 자, 면접결시자 면접성적 미달자: 보정지수 적용 전 면접 총괄점수 25점 미만, 인성 면접점수 12.5점 미만 • 간호학과: 국어, 영어, 수학, 사회/과학탐구 중 하나라도 미응시한 자 • 체육학과: 실기고사에 한 종목 이상 불참, 결시 또는 부정행위자 • 글로벌학부: 영어에 미응시한 자 • 학교생활기록부 학교폭력 조치사항 9호 해당자(의학과, 간호학 || . 아래 기준에 의거하여 선발 나. 최종 순위까지 동점일 경우 모두 합격자로 선발 모집단위 1순위 2순위 3순위 4순위 5순위 6순위 전체학과 (체육학과, 의학과, 간호학과, 글로벌학부 제외) 선택영역1 백분위 선택영역2 백분위 미반영영역1 백분위 미반영영역2 백분위 한국사 등급 체육학과 실기고사 총점 선택영역1 백분위 선택영역2 백분위 미반영영역1 백분위 미반영영역2 백분위 한국사 등급 의학과 수학(기하) 반영점수 수학(미적분) 반영점수 과학탐구 반영점수 국어 반영점수 영어 반영점수 면접 총괄점수 간호학과 수학 백분위 국어 백분위 영어 반영점수 탐구 백분위 한국사 등급 글로벌학부 영어 반영점수 선택영역1 백분위 미반영영역1 백분위 미반영영역2 백분위 한국사 등급 ※ 미반영영역1, 2 백분위는 본인이 취득한 수능 백분위점수  ||  4순위 5순위 6순위 전체학과 (체육학과, 의학과, 간호학과, 글로벌학부 제외) 선택영역1 백분위 선택영역2 백분위 미반영영역1 백분위 미반영영역2 백분위 한국사 등급 체육학과 실기고사 총점 선택영역1 백분위 선택영역2 백분위 미반영영역1 백분위 미반영영역2 백분위 한국사 등급 의학과 수학(기하) 반영점수 수학(미적분) 반영점수 과학탐구 반영점수 국어 반영점수 영어 반영점수 면접 총괄점수 간호학과 수학 백분위 국어 백분위 영어 반영점수 탐구 백분위 한국사 등급 글로벌학부 영어 반영점수 선택영역1 백분위 미반영영역1 백분위 미반영영역2 백분위 한국사 등급 ※ 미반영영역1, 2 백분위는 본인이 취득한 수능 백분위점수 중 성적반영 영역을 제외한 3, 4순위 영역임 ※ 탐구(사회/과학/직업)반영: 2과목 평균 - 단, 글로벌학부, ||  총점 선택영역1 백분위 선택영역2 백분위 미반영영역1 백분위 미반영영역2 백분위 한국사 등급 의학과 수학(기하) 반영점수 수학(미적분) 반영점수 과학탐구 반영점수 국어 반영점수 영어 반영점수 면접 총괄점수 간호학과 수학 백분위 국어 백분위 영어 반영점수 탐구 백분위 한국사 등급 글로벌학부 영어 반영점수 선택영역1 백분위 미반영영역1 백분위 미반영영역2 백분위 한국사 등급 ※ 미반영영역1, 2 백분위는 본인이 취득한 수능 백분위점수 중 성적반영 영역을 제외한 3, 4순위 영역임 ※ 탐구(사회/과학/직업)반영: 2과목 평균 - 단, 글로벌학부, 간호학과는 직업탐구 제외 ※ 수학 지정과목 없음(의학과 제외) ※ 수능 선택영역을 응시하지 않은 경우, 동점자 처리 시 해당 영역에서 0점 처리 ※ 동점자 처리기준 점수는 가산점이 포함 || 의학과 수학(기하) 반영점수 수학(미적분) 반영점수 과학탐구 반영점수 국어 반영점수 영어 반영점수 면접 총괄점수 간호학과 수학 백분위 국어 백분위 영어 반영점수 탐구 백분위 한국사 등급 글로벌학부 영어 반영점수 선택영역1 백분위 미반영영역1 백분위 미반영영역2 백분위 한국사 등급 ※ 미반영영역1, 2 백분위는 본인이 취득한 수능 백분위점수 중 성적반영 영역을 제외한 3, 4순위 영역임 ※ 탐구(사회/과학/직업)반영: 2과목 평균 - 단, 글로벌학부, 간호학과는 직업탐구 제외 ※ 수학 지정과목 없음(의학과 제외) ※ 수능 선택영역을 응시하지 않은 경우, 동점자 처리 시 해당 영역에서 0점 처리 ※ 동점자 처리기준 점수는 가산점이 포함된 점수를 기준으로 함 ※ 수능 영어 등급별 반영점수는 아래의 점수를 따름 등급 1등급 2등급  ||  제출서류 미제출자, 학업능력이 대학수학능력에 크게 부족하다고 판단되는 자 (입학전형관리위원회에서 별도로 정함) • 해당 모집단위의 대학수학능력시험 반영영역 수만큼 미응시한 자 또는 필수 영역에 미응시한 자 필수 반영영역 수 4개 영역 해당 모집단위 의학과 • 의학과 한국사 미응시자, 국어, 영어, 수학(미적분 또는 기하), 과학탐구(2과목) 중 하나라도 미응시한 자, 면접결시자 면접성적 미달자: 보정지수 적용 전 면접 총괄점수 25점 미만, 인성 면접점수 12.5점 미만 • 학교생활기록부 학교폭력 조치사항 8, 9호 해당자 라. 충원합격자 선발: 최초합격자 등록 마감 후 등록 포기로 인한 결원 발생 시 모집단위별 예비순위에 따 라 성적순으로 선발 5. 전형일정 구분 일정 원서접수 2027. 1. 4.(월) 09:00~1.  || 고 판단되는 자(입학전형관리위원회에 서 별도로 정함) - 해당 모집단위의 대학수학능력시험 반영영역 수만큼 미응시한 자 또는 필수 영역에 미응시한 자 필수 반영영역 수 2개 영역 4개 영역 해당 모집단위 전체학과(의학과, 간호학과 제외) 의학과, 간호학과 • 전체학과: 한국사에 미응시한 자 • 의학과 국어, 영어, 수학(미적분 또는 기하), 과학탐구(2과목) 중 하나라도 미응시한 자, 면접결시자 면접성적 미달자: 보정지수 적용 전 면접 총괄점수 25점 미만, 인성 면접점수 12.5점 미만 • 간호학과: 국어, 영어, 수학, 사회/과학탐구 중 하나라도 미응시한 자 • 체육학과: 실기고사에 한 종목 이상 불참, 결시 또는 부정행위자 • 학교생활기록부 학교폭력 조치사항 9호 해당자(의학과, 간호학과는 8, 9호 해당자) 라. 충원합 ||  처리기준 가. 아래 기준에 의거하여 선발 나. 최종 순위까지 동점일 경우 모두 합격자로 선발 모집단위 1순위 2순위 3순위 4순위 5순위 6순위 전체학과 (체육학과, 의학과, 간호학과 제외) 선택영역1 백분위 선택영역2 백분위 미반영영역1 백분위 미반영영역2 백분위 한국사 등급 체육학과 실기고사 총점 선택영역1 백분위 선택영역2 백분위 미반영영역1 백분위 미반영영역2 백분위 한국사 등급 의학과 수학(기하) 반영점수 수학(미적분) 반영점수 과학탐구 반영점수 국어 반영점수 영어 반영점수 면접 총괄점수 간호학과 수학 백분위 국어 백분위 영어 반영점수 탐구 백분위 한국사 등급 ※ 미반영영역1, 2 백분위는 본인이 취득한 수능 백분위점수 중 성적반영 영역을 제외한 3, 4순위 영역임 ※ 탐구(사회/과학/직업)반영: 2과목 평균 - ",C:\Users\User\Desktop\업무\작업\21. 정시모집 관련\00. 소스(모집요강)\경기인천강원\3. 강원\2027_한림대_정시요강.pdf
75,한성대,감점,"3,23","자인매니지먼트학과AI뷰티디자인학과신설- AI기계로봇공학과폐지ICT디자인학부(야), IT공과대학(야),AI응용학과(야), 문학문화콘텐츠학과(야) -모집군상상력인재학부(자율전공): 나군상상력인재학부(자율전공): 다군모집군 변경 수능영역 반영방법 계열국어수학영어탐구(1과목)한국사(가산점)인문/사회/디자인35%25%20%20%○공학25%35%상상력인재학부우수한 성적 영역순40%-30%-20%-10% 반영○예술학부(회화,무용)40% or 0%40%20%○ICT디자인학부(야)40%40%20%○ 주/야계열국어수학탐구(1과목)영어한국사(가산점)주간인문/사회/디자인35%25%20%20%○공학25%35%상상력인재학부우수한 성적 영역순40%-30%-20%-10% 반영○예술학부(회화,무용)40% or 0%20%40%○야간전체국어 / 수학 / 탐구 || 영어탐구(1과목)한국사(가산점)인문/사회/디자인35%25%20%20%○공학25%35%상상력인재학부우수한 성적 영역순40%-30%-20%-10% 반영○예술학부(회화,무용)40% or 0%40%20%○ICT디자인학부(야)40%40%20%○ 주/야계열국어수학탐구(1과목)영어한국사(가산점)주간인문/사회/디자인35%25%20%20%○공학25%35%상상력인재학부우수한 성적 영역순40%-30%-20%-10% 반영○예술학부(회화,무용)40% or 0%20%40%○야간전체국어 / 수학 / 탐구 3개 영역 중 점수 높은 2개 영역만 각각 40% 반영 (40% + 40%)20%○ 야간 모집단위의 수능영역 반영방법 변경 학교폭력 조치사항학교폭력예방 및 대책에 관한 법률에 따른 처분을 받은 자는 부적격 처리구분반영방법조치사항에 따른 감점점수1호2호 || - 21 - Ⅵ.대학수학능력시험 성적 반영방법 1. 대학수학능력시험 성적 반영비율 주/야모집단위국어수학탐구(1과목) 영어한국사(가산점)사회 또는 과학 주간 크리에이티브인문학부미래융합사회과학대학AI패션학부AI융합디자인학부AI뷰티디자인학과문학문화콘텐츠학과35%25%20%20%OIT공과대학AI응용학과융합보안학과미래모빌리티학과AI기계로봇공학과25%35%상상력인재학부 ※자율전공우수한 영역 순서대로 40%, 30%, 20%, 10% 반영O예술학부(무용, 회화) 40% or 0%(우수한 영역 1과목만 반영) 20%40%O야간크리에이티브인문학부(야)미래융합사회과학대학(야)AI패션학부(야)AI뷰 || 1과목)의 경우, [사회/과학/직업] 중 높은 점수 1과목만 반영 ▶ 영어 등급별 반영 방법 ※ 반영비율 점수: 영어 1등급 학생의 20% 반영비율의 경우 200점 반영 등급1등급2등급3등급4등급5등급6등급7등급8등급9등급반영점수1009794807055402510 ▶ 한국사 등급별 반영 방법 ※ 아래 표와 같이 최대 10점의 가산점 부여 등급1등급2등급3등급4등급5등급6등급7등급8등급9등급분할기준(원점수)50점~40점 이상 40점 미만~35점 이상 35점 미만~30점 이상 30점 미만~25점 이상 25점 미만~20점 이상20점 미만~15점 이상15점 미만~10점 이상10점 미만~5점 이상5점 미만~0가산점1010101086420 2. 학교폭력 조치사항 반영방법 구분반영방법조치사항에 따른 감점점수비고1호2호3호4호5호6호7호8",C:\Users\User\Desktop\업무\작업\21. 정시모집 관련\00. 소스(모집요강)\서울\2027_한성대_정시요강.pdf
76,한신대,확인 필요,,,C:\Users\User\Desktop\업무\작업\21. 정시모집 관련\00. 소스(모집요강)\경기인천강원\2. 경기인천\2027_한신대_정시요강.pdf
77,한양대,가점,"16,17,26,43,44","학부353510202음악대학80-20- -스포츠산업과학부403010201연극영화학과(영화) 353010252연극영화학과(연출및스탭, 연기) 50-30201※ 점수 활용지표 : 수능 표준점수(국어, 수학), 백분위(탐구영역은 대학 자체 변환표준점수 반영), 등급(영어, 한국사)※ 수능점수 발표 이후 변환표준점수 및 탐구 과목별 가산점을 입학처 홈페이지에 공지2. 계열별 수능 필수 응시영역계열/대학/학과(부) 수능 필수 응시영역자연계열, 인문계열, 상경계열, 의류학과, 실내건축디자인학과,연극영화학과(영화), 한양인터칼리지학부국어, 수학, 영어, 사탐 또는 과탐(2과목), 한국사음악대학국어, 영어, 한국사스포츠산업과학부국어, 수학, 영어, 사탐 또는 과탐(1과목), 한국사연극영화학과(연출및스탭, 연기) 국어, 영어, 사탐 또는 과 || 점수 및 탐구 과목별 가산점을 입학처 홈페이지에 공지2. 계열별 수능 필수 응시영역계열/대학/학과(부) 수능 필수 응시영역자연계열, 인문계열, 상경계열, 의류학과, 실내건축디자인학과,연극영화학과(영화), 한양인터칼리지학부국어, 수학, 영어, 사탐 또는 과탐(2과목), 한국사음악대학국어, 영어, 한국사스포츠산업과학부국어, 수학, 영어, 사탐 또는 과탐(1과목), 한국사연극영화학과(연출및스탭, 연기) 국어, 영어, 사탐 또는 과탐(1과목), 한국사 || 을 입학처 홈페이지에 공지2. 계열별 수능 필수 응시영역계열/대학/학과(부) 수능 필수 응시영역자연계열, 인문계열, 상경계열, 의류학과, 실내건축디자인학과,연극영화학과(영화), 한양인터칼리지학부국어, 수학, 영어, 사탐 또는 과탐(2과목), 한국사음악대학국어, 영어, 한국사스포츠산업과학부국어, 수학, 영어, 사탐 또는 과탐(1과목), 한국사연극영화학과(연출및스탭, 연기) 국어, 영어, 사탐 또는 과탐(1과목), 한국사 || 과(부) 수능 필수 응시영역자연계열, 인문계열, 상경계열, 의류학과, 실내건축디자인학과,연극영화학과(영화), 한양인터칼리지학부국어, 수학, 영어, 사탐 또는 과탐(2과목), 한국사음악대학국어, 영어, 한국사스포츠산업과학부국어, 수학, 영어, 사탐 또는 과탐(1과목), 한국사연극영화학과(연출및스탭, 연기) 국어, 영어, 사탐 또는 과탐(1과목), 한국사 || 자인학과,연극영화학과(영화), 한양인터칼리지학부국어, 수학, 영어, 사탐 또는 과탐(2과목), 한국사음악대학국어, 영어, 한국사스포츠산업과학부국어, 수학, 영어, 사탐 또는 과탐(1과목), 한국사연극영화학과(연출및스탭, 연기) 국어, 영어, 사탐 또는 과탐(1과목), 한국사 || I / II ) 구분 없이 2과목 선택 가능 [예시 : (지구과학I + 생물I), (지구과학I + 물리학II), (물리학I + 물리학II), (물리학II + 화학II) 등 모든 조합 가능] ※ 모든 계열에서 제2외국어/한문 영역 반영하지 않음(탐구영역 대체 불가) ※ 한국사:모든 계열/학과 필수 응시영역 ※ 직업탐구 영역 반영 - <가/나>군 특성화고교졸업자 특별전형에 한해 계열에 따라 직업탐구영역을 사회탐구 또는 과학탐구 영역으로 대체 반영 - 직업탐구 영역은 2과목을 반영하며, 본교 탐구영역 변환표준점수를 활용함 || 가 방법 : p.42 참조나. 동점자 처리기준 : 순위별 수능 성적 우위자순위자연계인문계상경계음악대학스포츠산업과학부(스포츠매니지먼트전공)연극영화학과(연출및스탭, 연기)1수학국어수학실기고사 성적국어국어2탐구수학국어국어탐구영어3국어탐구탐구영어영어탐구4영어영어영어- - -5한국사한국사한국사- - - || 법 : p.42 참조나. 동점자 처리기준 : 순위별 수능 성적 우위자순위자연계인문계상경계음악대학스포츠산업과학부(스포츠매니지먼트전공)연극영화학과(연출및스탭, 연기)1수학국어수학실기고사 성적국어국어2탐구수학국어국어탐구영어3국어탐구탐구영어영어탐구4영어영어영어- - -5한국사한국사한국사- - -",C:\Users\User\Desktop\업무\작업\21. 정시모집 관련\00. 소스(모집요강)\서울\2027_한양대(서)_정시요강.pdf
78,한양대(ERICA),가점,"49,53,59,73,74","2027학년도 정시 모집요강 49 주요사항전형안내참고사항 4. 수능 성적 반영방법(세부사항 73~74페이지 참고) 가. 수능 필수 응시 영역 계열 필수 응시 영역 자연, 인문, 상경 국어, 수학, 영어, 사회/과학탐구(2과목), 한국사 •국어, 수학, 탐구 영역 : 계열별 선택과목 제한 없음 나. 영역별 반영비율 계열 국어 수학 영어 탐구 자연, 상경 25% 35% 15% 25%(2과목) 인문 30% 30% 15% 25%(2과목) •국어, 수학, 탐구 영역 : 선택과목 미지정 •한국사 영역 : 필수 응시 영역이며, 총점에 가산점으로 반영함 •제2외국어/한문 영역：반영하지 않음 다. 탐구 영역 가산점 계열/모집단위 탐구영역 가산점 반영방법 자연1 과학탐구 과목당 가산점 3% 반영 인문 사 || 구(2과목), 한국사 •국어, 수학, 탐구 영역 : 계열별 선택과목 제한 없음 나. 영역별 반영비율 계열 국어 수학 영어 탐구 자연, 상경 25% 35% 15% 25%(2과목) 인문 30% 30% 15% 25%(2과목) •국어, 수학, 탐구 영역 : 선택과목 미지정 •한국사 영역 : 필수 응시 영역이며, 총점에 가산점으로 반영함 •제2외국어/한문 영역：반영하지 않음 다. 탐구 영역 가산점 계열/모집단위 탐구영역 가산점 반영방법 자연1 과학탐구 과목당 가산점 3% 반영 인문 사회탐구 과목당 가산점 3% 반영 자연2, 상경 가산점 없음 •자연1 : 공학대학(일부학과 제외), 소프트웨어융합대학(일부학과 제외), 약학대학 •자연2 : 건축학부(건축학전공), 교통·물류공학과, 산업경영공학과, 컴퓨터학부, 컴퓨터학부(컴퓨터전공) 5.  || 2027학년도 정시 모집요강 53 주요사항전형안내참고사항 4. 수능 성적 반영방법(세부사항 73~74페이지 참고) 가. 수능 필수 응시 영역 계열 필수 응시 영역 자연, 인문, 상경 국어, 수학, 영어, 사회/과학/직업탐구(2과목), 한국사 •국어, 수학, 탐구 영역 : 계열별 선택과목 제한 없음 나. 영역별 반영비율 계열 국어 수학 영어 탐구 자연, 상경 25% 35% 15% 25%(2과목) 인문 30% 30% 15% 25%(2과목) •국어, 수학, 탐구 영역 : 선택과목 미지정 •한국사 영역 : 필수 응시 영역이며, 총점에 가산점으로 반영함 •제2외국어/한문 영역 ： 반영하지 않음 다. 탐구 영역 가산점 계열 탐구영역 가산점 반영방법 자연1 과학탐구 과목당 가산점 3% 반영 인문 사회탐구 || 구(2과목), 한국사 •국어, 수학, 탐구 영역 : 계열별 선택과목 제한 없음 나. 영역별 반영비율 계열 국어 수학 영어 탐구 자연, 상경 25% 35% 15% 25%(2과목) 인문 30% 30% 15% 25%(2과목) •국어, 수학, 탐구 영역 : 선택과목 미지정 •한국사 영역 : 필수 응시 영역이며, 총점에 가산점으로 반영함 •제2외국어/한문 영역 ： 반영하지 않음 다. 탐구 영역 가산점 계열 탐구영역 가산점 반영방법 자연1 과학탐구 과목당 가산점 3% 반영 인문 사회탐구 과목당 가산점 3% 반영 자연2, 상경 가산점 없음 •자연1 : 공학대학(일부학과 제외), 소프트웨어융합대학(일부학과 제외) •자연2 : 교통·물류공학과, 산업경영공학과, 컴퓨터학부, 컴퓨터학부(컴퓨터전공) 5. 학교폭력 조치사항 반영방법 •조치사항에  || 원 대상자로 선발함 •결시자는 최종합격자 선발대상에서 제외함 4. 평가방법 가. 1단계 수능 성적 반영방법(세부사항 73~74페이지 참고) 1) 수능 필수 응시 영역 및 최저학력기준 수능 필수 응시 영역 수능 최저학력기준 국어, 수학, 영어, 사회/과학탐구(2과목), 한국사 3개 등급 합 11 이내 •국어, 수학, 탐구 영역 : 계열별 선택과목 제한 없음 •탐구 영역의 수능 최저학력기준 적용 시 고득점 1개 과목의 등급만 적용함 •한국사 영역은 필수 응시 영역이며, 수능 최저학력기준으로는 활용하지 않음 2) 영역별 반영비율 계열 국어 수학 영어 탐구 자연2 25% 35% 15% 25%(2과목) •국어, 수학, 탐구 영역 : 선택과목 미지정 •한국사 영역 : 필수 응시 영역이며, 총점에 가산점으로 반영함 •제2외국어/한문 영역 || 및 최저학력기준 수능 필수 응시 영역 수능 최저학력기준 국어, 수학, 영어, 사회/과학탐구(2과목), 한국사 3개 등급 합 11 이내 •국어, 수학, 탐구 영역 : 계열별 선택과목 제한 없음 •탐구 영역의 수능 최저학력기준 적용 시 고득점 1개 과목의 등급만 적용함 •한국사 영역은 필수 응시 영역이며, 수능 최저학력기준으로는 활용하지 않음 2) 영역별 반영비율 계열 국어 수학 영어 탐구 자연2 25% 35% 15% 25%(2과목) •국어, 수학, 탐구 영역 : 선택과목 미지정 •한국사 영역 : 필수 응시 영역이며, 총점에 가산점으로 반영함 •제2외국어/한문 영역：반영하지 않음 나. 2단계 면접평가 구분 내용 면접대상 1단계 합격자에 한하여 면접 실시 평가항목 ①학교생활기록부에 기재된 활동 전반에 대한 내용 확인 ②군인 기본자 || 학력기준 적용 시 고득점 1개 과목의 등급만 적용함 •한국사 영역은 필수 응시 영역이며, 수능 최저학력기준으로는 활용하지 않음 2) 영역별 반영비율 계열 국어 수학 영어 탐구 자연2 25% 35% 15% 25%(2과목) •국어, 수학, 탐구 영역 : 선택과목 미지정 •한국사 영역 : 필수 응시 영역이며, 총점에 가산점으로 반영함 •제2외국어/한문 영역：반영하지 않음 나. 2단계 면접평가 구분 내용 면접대상 1단계 합격자에 한하여 면접 실시 평가항목 ①학교생활기록부에 기재된 활동 전반에 대한 내용 확인 ②군인 기본자세 확인 면접방법 면접관 2명 : 지원자 1명 (10분 내외) 준비물 수험표, 신분증 유의사항 결시자는 최종합격자 선발대상에서 제외함 || 2027학년도 정시 모집요강 73 주요사항전형안내참고사항 1. 필수 응시 영역 계열/모집단위 필수 응시 영역 자연, 인문, 상경, LIONS자율전공학부(전계열) 국어, 수학, 영어, 사회/과학탐구(2과목), 한국사 예체능 국어, 수학 또는 사회/과학탐구(1과목), 영어, 한국사 •국어, 수학, 탐구 영역 : 계열별 선택과목 제한 없음 ※ 특성화고교졸업자 특별전형 : 직업탐구 영역(2과목)의 대체 반영을 허용 •예체능계열 : 수학 또는 탐구 영역 중 고득점 1개 과목만 반영하므로 2개 영역 중 최소 1개 영역 응시 필수 2. 영역별 반영비율 및 반영점수 계열/모집단위 국어 수학 영어 탐구 자연, 상경 25% 35% 15% 25%(2과목) 인문 30% 30% 15% 2",C:\Users\User\Desktop\업무\작업\21. 정시모집 관련\00. 소스(모집요강)\경기인천강원\2. 경기인천\2027_한양대(에)_정시요강.pdf
79,협성대,가점,18,"- 17 - Ⅶ. 수능 반영방법 1. 반영지표영역국어/수학/탐구영역영어한국사비고반영지표백분위백분위 변환 점수응시 2. 반영영역 및 반영비율 가. 자율전공학부 1유형, 2유형, 웨슬리대학(신학과), 인문사회과학대학, 경영대학, 이공대학구분반영영역국어 / 수학 / 영어 중상위 2과목탐구 상위 1과목한국사사회과학직업수능3개 영역35%+35%=70%30%응시 나. 예술대학구분반영영역국어 / 수학 / 영어 / 탐구(사회, 과학, 직업)상위 2과목한국사수능+실기2개 영역50%+50%=100%응시 - 대학수학능력시험 성적산출 지표는 백분위 - || 방법 1. 반영지표영역국어/수학/탐구영역영어한국사비고반영지표백분위백분위 변환 점수응시 2. 반영영역 및 반영비율 가. 자율전공학부 1유형, 2유형, 웨슬리대학(신학과), 인문사회과학대학, 경영대학, 이공대학구분반영영역국어 / 수학 / 영어 중상위 2과목탐구 상위 1과목한국사사회과학직업수능3개 영역35%+35%=70%30%응시 나. 예술대학구분반영영역국어 / 수학 / 영어 / 탐구(사회, 과학, 직업)상위 2과목한국사수능+실기2개 영역50%+50%=100%응시 - 대학수학능력시험 성적산출 지표는 백분위 - 국어, 수학, 영어 성적반영은 상위 성적의 과목 선택 반영 - 탐구영역의 성적반영은 상위 성적의 과목 선택 반영 3. 영어 반영방법등 급1등급2등급3등급4등급5등급6등급7등급8등급9등급백분위 변환 점수1009087797060 || , 웨슬리대학(신학과), 인문사회과학대학, 경영대학, 이공대학구분반영영역국어 / 수학 / 영어 중상위 2과목탐구 상위 1과목한국사사회과학직업수능3개 영역35%+35%=70%30%응시 나. 예술대학구분반영영역국어 / 수학 / 영어 / 탐구(사회, 과학, 직업)상위 2과목한국사수능+실기2개 영역50%+50%=100%응시 - 대학수학능력시험 성적산출 지표는 백분위 - 국어, 수학, 영어 성적반영은 상위 성적의 과목 선택 반영 - 탐구영역의 성적반영은 상위 성적의 과목 선택 반영 3. 영어 반영방법등 급1등급2등급3등급4등급5등급6등급7등급8등급9등급백분위 변환 점수1009087797060503020 - 영어등급을 본교에서 지정한 변환 점수로 반영함 4. 한국사 반영방법 - 가산점 없음 5. 수능성적 반영점수 산출 예시 - 인문계  || 반영은 상위 성적의 과목 선택 반영 - 탐구영역의 성적반영은 상위 성적의 과목 선택 반영 3. 영어 반영방법등 급1등급2등급3등급4등급5등급6등급7등급8등급9등급백분위 변환 점수1009087797060503020 - 영어등급을 본교에서 지정한 변환 점수로 반영함 4. 한국사 반영방법 - 가산점 없음 5. 수능성적 반영점수 산출 예시 - 인문계 다군 경영학과구분국어수학영어사회, 과학, 직업 탐구 중1과목1과목2 백분위7060 6470등 급 2변환점수90가산점반영비율(%)35% 35% 30%반영점수24.531.521최종점수(24.5 + 31.5 + 21 ) × 10 = 770",C:\Users\User\Desktop\업무\작업\21. 정시모집 관련\00. 소스(모집요강)\경기인천강원\2. 경기인천\2027_협성대_정시요강.pdf
80,홍익대,감점,"34,37,38,64,68,70","발배수 전형요소별 반영비율(%) 수능 인문계열/자연계열 ㉰군 - 1배수 100 ※ 동점자 처리기준은 87쪽의 ‘V. 동점자 처리기준’ 참고 (2) 대학수학능력시험 필수 응시영역 모집계열/모집단위 필수 응시영역 인문계열/자연계열 국어, 수학, 영어, 탐구(사회/과학), 한국사 ※ 탐구(사회/과학): 사회 또는 과학 중 2과목 응시 필수(사회탐구와 과학탐구 영역에서 각각 1과목씩 선택하는 것도 가능) (3) 대학수학능력시험 반영 방법 모집계열 모집군 영역별 반영비율(%) 한국사 국어 수학 탐구(사회/과학) 영어 인문계열 ㉰군 30 30 25 15 1~3등급 10점 가산, 4등급부터 등급별로 0.1점씩 차감 후 가산 자연계열 20 35 30 15 ※ 자연계열: 수학(미적분/기하) 표준점수 3% 가산, 과학탐구과목 표준점수 3% 가 || 영역 인문계열/자연계열 국어, 수학, 영어, 탐구(사회/과학), 한국사 ※ 탐구(사회/과학): 사회 또는 과학 중 2과목 응시 필수(사회탐구와 과학탐구 영역에서 각각 1과목씩 선택하는 것도 가능) (3) 대학수학능력시험 반영 방법 모집계열 모집군 영역별 반영비율(%) 한국사 국어 수학 탐구(사회/과학) 영어 인문계열 ㉰군 30 30 25 15 1~3등급 10점 가산, 4등급부터 등급별로 0.1점씩 차감 후 가산 자연계열 20 35 30 15 ※ 자연계열: 수학(미적분/기하) 표준점수 3% 가산, 과학탐구과목 표준점수 3% 가산 ※ 국어, 수학, 탐구(사회/과학)의 경우 표준점수를 활용하며, 영어와 한국사는 등급을 점수로 환산하여 활용함 ※ 탐구(사회/과학): 선택한 2과목의 표준점수 합 ※ 구체적인 반영 방법은 82~83쪽의 || 5 15 1~3등급 10점 가산, 4등급부터 등급별로 0.1점씩 차감 후 가산 자연계열 20 35 30 15 ※ 자연계열: 수학(미적분/기하) 표준점수 3% 가산, 과학탐구과목 표준점수 3% 가산 ※ 국어, 수학, 탐구(사회/과학)의 경우 표준점수를 활용하며, 영어와 한국사는 등급을 점수로 환산하여 활용함 ※ 탐구(사회/과학): 선택한 2과목의 표준점수 합 ※ 구체적인 반영 방법은 82~83쪽의 ‘Ⅰ. 대학수학능력시험 성적 반영 방법’ 참고 4. 학교폭력 가해자 조치사항 반영 학교폭력예방 및 대책에 관한 법률 제17조제1항에 따라 폭력 사항의 경중을 반영하여 차등적으로 감점 구분 제1호 제2호 제3호 제4호 제5호 제6호 제7호 제8호 제9호 감점 (전형 총점 대비) 1% 2% 3% 100% (0점 부여) 부적합 ※ 학교폭력 || 100 - 미술계열 ㉯군 1단계 3배수 100 - 2단계 1배수 1단계 성적 60 40 ※ 동점자 처리기준은 87쪽의 ‘V. 동점자 처리기준’ 참고 (2) 대학수학능력시험 필수 응시영역 모집계열 필수 응시영역 인문계열/자연계열 국어, 수학, 영어, 탐구(사회/과학), 한국사 미술계열 (국어, 수학, 탐구(사회/과학)) 중 택2, 영어, 한국사 ※ 탐구(사회/과학): 사회 또는 과학 중 2과목 응시 필수(사회탐구와 과학탐구 영역에서 각각 1과목씩 선택하는 것도 가능) ||  성적 60 40 ※ 동점자 처리기준은 87쪽의 ‘V. 동점자 처리기준’ 참고 (2) 대학수학능력시험 필수 응시영역 모집계열 필수 응시영역 인문계열/자연계열 국어, 수학, 영어, 탐구(사회/과학), 한국사 미술계열 (국어, 수학, 탐구(사회/과학)) 중 택2, 영어, 한국사 ※ 탐구(사회/과학): 사회 또는 과학 중 2과목 응시 필수(사회탐구와 과학탐구 영역에서 각각 1과목씩 선택하는 것도 가능) || 36 (3) 대학수학능력시험 반영 방법 모집계열 모집군 영역별 반영비율(%) 한국사 국어 수학 탐구(사회/과학) 영어 인문계열 ㉰군 30 30 25 15 1~3등급 10점 가산, 4등급부터 등급별로 0.1점씩 차감 후 가산 자연계열 20 35 30 15 미술계열 ㉯군 택2 (반영비율 : 각 40) 20 ※ 자연계열: 수학(미적분/기하) 표준점수 3% 가산, 과학탐구과목 표준점수 3% 가산 ※ 국어, 수학, 탐구(사회/과학)의 경우 표준점수를 활용하며, 영어와 한국사는 등급을 점수로 환산하여 활용함 ※ 탐구(사회/과학): 선택한 2과목의  || 로 0.1점씩 차감 후 가산 자연계열 20 35 30 15 미술계열 ㉯군 택2 (반영비율 : 각 40) 20 ※ 자연계열: 수학(미적분/기하) 표준점수 3% 가산, 과학탐구과목 표준점수 3% 가산 ※ 국어, 수학, 탐구(사회/과학)의 경우 표준점수를 활용하며, 영어와 한국사는 등급을 점수로 환산하여 활용함 ※ 탐구(사회/과학): 선택한 2과목의 표준점수 합 ※ 구체적인 반영 방법은 82~83쪽의 ‘Ⅰ. 대학수학능력시험 성적 반영 방법’ 참고 (4) 서류평가(미술계열 1단계 합격자만 해당) 모집계열/모집단위 평가자료 평가내용 미술계열 학교생활기록부, 미술활동보고서 제출서류를 토대로 학업역량, 전공역량, 발전가능성, 인성 등을 종합적으로 고려하여 평가 ※ 서류평가시 학교생활기록부에 기재된 학교폭력 조치사항을 반영함 ※ 구체적인  || 62 (2) 대학수학능력시험 필수 응시영역 모집계열/모집단위 필수 응시영역 인문계열/캠퍼스자율전공(인문·예능)/ 자연계열/캠퍼스자율전공(자연·예능) 국어, 수학, 영어, 탐구(사회/과학), 한국사 미술계열 (국어, 수학, 탐구(사회/과학)) 중 택2, 영어, 한국사 ※ 탐구(사회/과학): 사회 또는 과학 중 2과목 응시 필수(사회탐구와 과학탐구 영역에서 각각 1과목씩 선택하는 것도 가능) (3) 대학수학능력시험 반영 방법 모집계열/모집단위 모집군 영역별 반영비율(%) 한국사 국어 수학 탐구(사회/과학) 영어 인문계열/캠퍼스자율전공(인문·예능) ㉰군 택1 (반영비율 : 40) 40 20 1~5등급 10점 가산, 6등급부터 등급별로 0.1점씩 차감 후",C:\Users\User\Desktop\업무\작업\21. 정시모집 관련\00. 소스(모집요강)\서울\2027_홍익대_정시요강.pdf
81,홍익대(세종),감점,"34,37,38,64,68,70","발배수 전형요소별 반영비율(%) 수능 인문계열/자연계열 ㉰군 - 1배수 100 ※ 동점자 처리기준은 87쪽의 ‘V. 동점자 처리기준’ 참고 (2) 대학수학능력시험 필수 응시영역 모집계열/모집단위 필수 응시영역 인문계열/자연계열 국어, 수학, 영어, 탐구(사회/과학), 한국사 ※ 탐구(사회/과학): 사회 또는 과학 중 2과목 응시 필수(사회탐구와 과학탐구 영역에서 각각 1과목씩 선택하는 것도 가능) (3) 대학수학능력시험 반영 방법 모집계열 모집군 영역별 반영비율(%) 한국사 국어 수학 탐구(사회/과학) 영어 인문계열 ㉰군 30 30 25 15 1~3등급 10점 가산, 4등급부터 등급별로 0.1점씩 차감 후 가산 자연계열 20 35 30 15 ※ 자연계열: 수학(미적분/기하) 표준점수 3% 가산, 과학탐구과목 표준점수 3% 가 || 영역 인문계열/자연계열 국어, 수학, 영어, 탐구(사회/과학), 한국사 ※ 탐구(사회/과학): 사회 또는 과학 중 2과목 응시 필수(사회탐구와 과학탐구 영역에서 각각 1과목씩 선택하는 것도 가능) (3) 대학수학능력시험 반영 방법 모집계열 모집군 영역별 반영비율(%) 한국사 국어 수학 탐구(사회/과학) 영어 인문계열 ㉰군 30 30 25 15 1~3등급 10점 가산, 4등급부터 등급별로 0.1점씩 차감 후 가산 자연계열 20 35 30 15 ※ 자연계열: 수학(미적분/기하) 표준점수 3% 가산, 과학탐구과목 표준점수 3% 가산 ※ 국어, 수학, 탐구(사회/과학)의 경우 표준점수를 활용하며, 영어와 한국사는 등급을 점수로 환산하여 활용함 ※ 탐구(사회/과학): 선택한 2과목의 표준점수 합 ※ 구체적인 반영 방법은 82~83쪽의 || 5 15 1~3등급 10점 가산, 4등급부터 등급별로 0.1점씩 차감 후 가산 자연계열 20 35 30 15 ※ 자연계열: 수학(미적분/기하) 표준점수 3% 가산, 과학탐구과목 표준점수 3% 가산 ※ 국어, 수학, 탐구(사회/과학)의 경우 표준점수를 활용하며, 영어와 한국사는 등급을 점수로 환산하여 활용함 ※ 탐구(사회/과학): 선택한 2과목의 표준점수 합 ※ 구체적인 반영 방법은 82~83쪽의 ‘Ⅰ. 대학수학능력시험 성적 반영 방법’ 참고 4. 학교폭력 가해자 조치사항 반영 학교폭력예방 및 대책에 관한 법률 제17조제1항에 따라 폭력 사항의 경중을 반영하여 차등적으로 감점 구분 제1호 제2호 제3호 제4호 제5호 제6호 제7호 제8호 제9호 감점 (전형 총점 대비) 1% 2% 3% 100% (0점 부여) 부적합 ※ 학교폭력 || 100 - 미술계열 ㉯군 1단계 3배수 100 - 2단계 1배수 1단계 성적 60 40 ※ 동점자 처리기준은 87쪽의 ‘V. 동점자 처리기준’ 참고 (2) 대학수학능력시험 필수 응시영역 모집계열 필수 응시영역 인문계열/자연계열 국어, 수학, 영어, 탐구(사회/과학), 한국사 미술계열 (국어, 수학, 탐구(사회/과학)) 중 택2, 영어, 한국사 ※ 탐구(사회/과학): 사회 또는 과학 중 2과목 응시 필수(사회탐구와 과학탐구 영역에서 각각 1과목씩 선택하는 것도 가능) ||  성적 60 40 ※ 동점자 처리기준은 87쪽의 ‘V. 동점자 처리기준’ 참고 (2) 대학수학능력시험 필수 응시영역 모집계열 필수 응시영역 인문계열/자연계열 국어, 수학, 영어, 탐구(사회/과학), 한국사 미술계열 (국어, 수학, 탐구(사회/과학)) 중 택2, 영어, 한국사 ※ 탐구(사회/과학): 사회 또는 과학 중 2과목 응시 필수(사회탐구와 과학탐구 영역에서 각각 1과목씩 선택하는 것도 가능) || 36 (3) 대학수학능력시험 반영 방법 모집계열 모집군 영역별 반영비율(%) 한국사 국어 수학 탐구(사회/과학) 영어 인문계열 ㉰군 30 30 25 15 1~3등급 10점 가산, 4등급부터 등급별로 0.1점씩 차감 후 가산 자연계열 20 35 30 15 미술계열 ㉯군 택2 (반영비율 : 각 40) 20 ※ 자연계열: 수학(미적분/기하) 표준점수 3% 가산, 과학탐구과목 표준점수 3% 가산 ※ 국어, 수학, 탐구(사회/과학)의 경우 표준점수를 활용하며, 영어와 한국사는 등급을 점수로 환산하여 활용함 ※ 탐구(사회/과학): 선택한 2과목의  || 로 0.1점씩 차감 후 가산 자연계열 20 35 30 15 미술계열 ㉯군 택2 (반영비율 : 각 40) 20 ※ 자연계열: 수학(미적분/기하) 표준점수 3% 가산, 과학탐구과목 표준점수 3% 가산 ※ 국어, 수학, 탐구(사회/과학)의 경우 표준점수를 활용하며, 영어와 한국사는 등급을 점수로 환산하여 활용함 ※ 탐구(사회/과학): 선택한 2과목의 표준점수 합 ※ 구체적인 반영 방법은 82~83쪽의 ‘Ⅰ. 대학수학능력시험 성적 반영 방법’ 참고 (4) 서류평가(미술계열 1단계 합격자만 해당) 모집계열/모집단위 평가자료 평가내용 미술계열 학교생활기록부, 미술활동보고서 제출서류를 토대로 학업역량, 전공역량, 발전가능성, 인성 등을 종합적으로 고려하여 평가 ※ 서류평가시 학교생활기록부에 기재된 학교폭력 조치사항을 반영함 ※ 구체적인  || 62 (2) 대학수학능력시험 필수 응시영역 모집계열/모집단위 필수 응시영역 인문계열/캠퍼스자율전공(인문·예능)/ 자연계열/캠퍼스자율전공(자연·예능) 국어, 수학, 영어, 탐구(사회/과학), 한국사 미술계열 (국어, 수학, 탐구(사회/과학)) 중 택2, 영어, 한국사 ※ 탐구(사회/과학): 사회 또는 과학 중 2과목 응시 필수(사회탐구와 과학탐구 영역에서 각각 1과목씩 선택하는 것도 가능) (3) 대학수학능력시험 반영 방법 모집계열/모집단위 모집군 영역별 반영비율(%) 한국사 국어 수학 탐구(사회/과학) 영어 인문계열/캠퍼스자율전공(인문·예능) ㉰군 택1 (반영비율 : 40) 40 20 1~5등급 10점 가산, 6등급부터 등급별로 0.1점씩 차감 후",C:\Users\User\Desktop\업무\작업\21. 정시모집 관련\00. 소스(모집요강)\충청호남\4. 충청권\2027_홍익대(세)_정시요강.pdf
82,화성의과학대,등급 환산,"13,20,21","- 10 - □ 대학수학능력시험 반영방법 (반영비율 80%)모집단위반영영역 및 점수반영율비고3개 과목 중 2개 과목 선택탐구 영역 중 2개 과목 선택총점국어수학영어사회(한국사)과학직업전모집단위70%(480점) 30%(240점) 100%(720점)입시총점(900점)의80%1. 각 과목의 표준점수를 본교 변환식에 의해서 환산하여 반영2. 국어/수학/영어 중 2개 과목 선택3. 탐구 영역(한국사 포함) 중 2개 과목 선택4. 한국사 과목의 등급은 본교 변환식에 의해서 환산하여 탐구영역에 포함하여 반영5. 간호학과 수능 일반전형 지원자는 수능최저등급을 적용하며 국어, 수학, 영어 영역 중 2개 영역 등급 합이 10등급 이내※ 영어영역 || 택탐구 영역 중 2개 과목 선택총점국어수학영어사회(한국사)과학직업전모집단위70%(480점) 30%(240점) 100%(720점)입시총점(900점)의80%1. 각 과목의 표준점수를 본교 변환식에 의해서 환산하여 반영2. 국어/수학/영어 중 2개 과목 선택3. 탐구 영역(한국사 포함) 중 2개 과목 선택4. 한국사 과목의 등급은 본교 변환식에 의해서 환산하여 탐구영역에 포함하여 반영5. 간호학과 수능 일반전형 지원자는 수능최저등급을 적용하며 국어, 수학, 영어 영역 중 2개 영역 등급 합이 10등급 이내※ 영어영역 등급별 환산점수표1등급2등급3등급4등급5등급6등급7등급8등급9등급240225210195180165150135120※ 한국사 등급별 환산점수표1등급2등급3등급4등급5등급6등급7등급8등급9등급120.0112.5105.09 || 수학영어사회(한국사)과학직업전모집단위70%(480점) 30%(240점) 100%(720점)입시총점(900점)의80%1. 각 과목의 표준점수를 본교 변환식에 의해서 환산하여 반영2. 국어/수학/영어 중 2개 과목 선택3. 탐구 영역(한국사 포함) 중 2개 과목 선택4. 한국사 과목의 등급은 본교 변환식에 의해서 환산하여 탐구영역에 포함하여 반영5. 간호학과 수능 일반전형 지원자는 수능최저등급을 적용하며 국어, 수학, 영어 영역 중 2개 영역 등급 합이 10등급 이내※ 영어영역 등급별 환산점수표1등급2등급3등급4등급5등급6등급7등급8등급9등급240225210195180165150135120※ 한국사 등급별 환산점수표1등급2등급3등급4등급5등급6등급7등급8등급9등급120.0112.5105.097.590.082.575.067.560 || 에 포함하여 반영5. 간호학과 수능 일반전형 지원자는 수능최저등급을 적용하며 국어, 수학, 영어 영역 중 2개 영역 등급 합이 10등급 이내※ 영어영역 등급별 환산점수표1등급2등급3등급4등급5등급6등급7등급8등급9등급240225210195180165150135120※ 한국사 등급별 환산점수표1등급2등급3등급4등급5등급6등급7등급8등급9등급120.0112.5105.097.590.082.575.067.560.0□ 학교생활기록부 반영방법 (반영비율 20%) □ 검정고시 출신자 학교생활기록부 반영방법 □ 학교폭력 조치사항 반영 방법구분제1호제2호제3호제4호제5호제6호제7호제8호제9호반영방법- 2점- 4점- 6점- 8점- 10점- 12점- 15점부적격부적격- 학생부 평가시 학교폭력 조치사항이 있을 경우 1~ 7호는 전형 총점에서 감점 || 영점수를 구하고 이를 총점으로 활용 ② 동점자가 발생하였을 경우 검정고시 과목의 궁어성적, 영어성적, 수학성적 순으로 취득점수 상위자를 적용하여 순위를 결정 전형구분모집단위학생부(석차등급) 반영교과목수능(일반전형) 전 모집단위20%(180점)국어, 영어, 수학, 사회(한국사 포함), 과학 교과목 중 상위 9개 과목(진로선택 과목은 최대 3개 과목까지 반영) 1. 석차등급 및 진로선택과목 교과목 반영함 2. 진로선택과목은 3개 과목까지만 반영 가능함(A=1등급, B=4등급, C=7등급) 3. 반영 교과목 중 상위 9개 과목 환산점수의 총 합계 4. 학년별 가중치는 없음 5. 과목별 석차등급이 없는 교과목(전문교과, 이수과목 등)은 제외함 6. 반 영 교 과목이 없는 경우 는 교 과목 석차등 급을 9등급으 로 반 영함 7. 진  ||  심화수학Ⅱ, 응용수학, 이산수학, 인문수학, 자연수학, 적분과통계, 향상수학, 확률과통계 사회경제, 경제지리, 경제학개론, 공통사회, 국사, 국제경제, 국제경제Ⅰ, 국제경제Ⅱ, 국제관계와국제기구, 국제문제, 국제법, 국제정치, 국제정치Ⅰ, 국제정치Ⅱ, 국토지리, 근대한국사, 도덕, 동아시아사, 법과사회, 법과정치, 비교문화, 비교문화Ⅰ, 비교문화Ⅱ, 사회, 사회·국사, 사회·문화, 사회과학방법론, 사회문화, 사회문화연구, 사회철학, 사회탐구, 생활경제, 생활과윤리, 세계문제, 세계사, 세계역사의이해, 세계이해, 세계지리, 시민윤리, 역사, 역사탐구, 윤리와사상, 윤리탐구, 인간과사회, 인간발달, 인간사회와환경, 인류의미래사회, 인문지리, 일반사회, 전통윤리, 정치, 지리탐구, 지역이해, 한국근·현대사, 한국문화사, 한국사, ||  생활과윤리, 세계문제, 세계사, 세계역사의이해, 세계이해, 세계지리, 시민윤리, 역사, 역사탐구, 윤리와사상, 윤리탐구, 인간과사회, 인간발달, 인간사회와환경, 인류의미래사회, 인문지리, 일반사회, 전통윤리, 정치, 지리탐구, 지역이해, 한국근·현대사, 한국문화사, 한국사, 한국의사회와문화, 한국의전통문화, 한국의현대사회, 한국지리, 현대생활과윤리과학고급물리, 고급생명과학, 고급생물, 고급지구과학, 고급화학, 공통과학, 과학, 과학Ⅱ, 과학과수학, 과학사및과학철학, 과학실험, 과학융합, 과학철학, 물리, 물리Ⅰ, 물리Ⅱ, 물리실험, 생명과학, 생명과학I, 생명과학II, 생명과학실험, 생명과학실험, 생물, 생물Ⅰ, 생물Ⅱ, 생물실험, 생활과과학, 생활과학, 워크숍, 원서강독, 전자과학, 정보과학, 정보과학Ⅰ, 정보과학Ⅱ, 지 || 표전문 교과목 성취도ABCDE본교 환산 교과등급1 3 5 7 9□ 학년별 반영비율모집단위1학년2학년3학년전체 모집단위100% 교과등급123456789환산점수1009998969492907060 전형구분모집단위반영교과목수능(일반전형) 전 모집단위국어, 영어, 수학, 사회(한국사 포함), 과학 교과목 중 상위 9개 과목(진로선택 과목은 최대 3개 과목까지 반영)실기/실적위주(전공관련 우수자 특별전형) 태권도학과학생부교과전형(정원내 기회균형 특별전형)해당 모집단위학생부교과전형(정원외 농어촌학생, 특성화고교 졸업자,기초생활수급자 및 차상위 등)학생부교과전형(정원외 특성화고교 졸업자 특별전형) 국어, 영어, 수학, 사회(한국사 포함), 과학, 전문 교과목 중 상위 9개 과목(진로선택 과목은 최대 3개 과목까지 반영)",C:\Users\User\Desktop\업무\작업\21. 정시모집 관련\00. 소스(모집요강)\경기인천강원\2. 경기인천\2027_화성의과학대_정시요강.pdf
83,경인교대,감점,13," 탐구 백분위 25% 점 250 ∙ 탐구영역 사회 과학 개 과목의 백분위 ( · ) 2 평균 반영 계 100% 점 1,000 제 외국어 한문은 반영하지 않음 2 ※ ‧ 수능최저학력기준 적용 ※ 구분 전형명 기준 수능최저학력기준 수능 일반학생전형 ( ) 영어 등급 이내 한국사 등급 이내 3 , 4 수능 저소득층학생전형 ( ) - 영어 영역 등급에 따른 환산점수 부여 : ※ 반영 영역 반영방법 전형명 1 2 3 4 5 6 7 8 9 영어 환산점수 수능 일반학생전형 ( ) 100 95 90 수능최저학력기준 미충족 수능 저소득층학생전형 ( ) 100 95 90 85 80 75 70 65 60 한국사 영역 수능 반영점수 점 만점 에서 등급에 따라 감점 : (1,000 ) ※ 반영 영역 반영방법 전형명 1 2 3 4 5 6 7 8 9  ||  - 영어 영역 등급에 따른 환산점수 부여 : ※ 반영 영역 반영방법 전형명 1 2 3 4 5 6 7 8 9 영어 환산점수 수능 일반학생전형 ( ) 100 95 90 수능최저학력기준 미충족 수능 저소득층학생전형 ( ) 100 95 90 85 80 75 70 65 60 한국사 영역 수능 반영점수 점 만점 에서 등급에 따라 감점 : (1,000 ) ※ 반영 영역 반영방법 전형명 1 2 3 4 5 6 7 8 9 한국사 감점점수 수능 일반학생전형 ( ) 0 0 0 0 수능최저학력기준 미충족 수능 저소득층학생전형 ( ) 0 0 0 0 2 4 6 8 10 수능성적 반영점수 점 만점 산출방법 2) (1,000 ) 수능성적 반영점수 산출 공식 국어 백분위 수학 백분위 영어 환산점수 탐구 개 과목 백분위 평균 한국사 감점점수 [{( ) +  || ( ) 100 95 90 수능최저학력기준 미충족 수능 저소득층학생전형 ( ) 100 95 90 85 80 75 70 65 60 한국사 영역 수능 반영점수 점 만점 에서 등급에 따라 감점 : (1,000 ) ※ 반영 영역 반영방법 전형명 1 2 3 4 5 6 7 8 9 한국사 감점점수 수능 일반학생전형 ( ) 0 0 0 0 수능최저학력기준 미충족 수능 저소득층학생전형 ( ) 0 0 0 0 2 4 6 8 10 수능성적 반영점수 점 만점 산출방법 2) (1,000 ) 수능성적 반영점수 산출 공식 국어 백분위 수학 백분위 영어 환산점수 탐구 개 과목 백분위 평균 한국사 감점점수 [{( ) + ( ) + ( ) + ( 2 )} × 2.5] - ( ) 수학 선택과목 중 미적분 또는 기하 선택 시 수능성적 반영점수 산출 공식 ‘ ’ ‘  || 학생전형 ( ) 0 0 0 0 수능최저학력기준 미충족 수능 저소득층학생전형 ( ) 0 0 0 0 2 4 6 8 10 수능성적 반영점수 점 만점 산출방법 2) (1,000 ) 수능성적 반영점수 산출 공식 국어 백분위 수학 백분위 영어 환산점수 탐구 개 과목 백분위 평균 한국사 감점점수 [{( ) + ( ) + ( ) + ( 2 )} × 2.5] - ( ) 수학 선택과목 중 미적분 또는 기하 선택 시 수능성적 반영점수 산출 공식 ‘ ’ ‘ ’ 국어 백분위 수학 백분위 영어 환산점수 탐구 개 과목 백분위 평균 [{( ) + ( × 1.03) + ( ) + ( 2 )} × 2.5] * 한국사 감점점수 - ( ) * 단 , 국어 백분위 수학 백분위 영어 환산점수 탐구 개 과목 백분위 평균 가 점을 초과할 시 [{( ) + ( × 1. || + ( 2 )} × 2.5] - ( ) 수학 선택과목 중 미적분 또는 기하 선택 시 수능성적 반영점수 산출 공식 ‘ ’ ‘ ’ 국어 백분위 수학 백분위 영어 환산점수 탐구 개 과목 백분위 평균 [{( ) + ( × 1.03) + ( ) + ( 2 )} × 2.5] * 한국사 감점점수 - ( ) * 단 , 국어 백분위 수학 백분위 영어 환산점수 탐구 개 과목 백분위 평균 가 점을 초과할 시 [{( ) + ( × 1.03) + ( ) + ( 2 )} × 2.5] 1,000 , 점으로 적용 1,000 학교폭력 조치사항 호 호 반영 부적격 처리 3) (1 ~9 ) :",C:\Users\User\Desktop\업무\작업\21. 정시모집 관련\00. 소스(모집요강)\교대\2027_경인교대_정시요강.pdf
84,공주교대,감점,"6,8,9,11,13","4 Ⅲ. 전형유형 세부내용1. 일반학생정시모집 「나」군가. 지원자격 ❍ 고등학교 졸업(예정)자 또는 법령에 따라 동등 이상의 학력이 있다고 인정되는 자로서 2027학년도 대학수학능력시험에서 5개 영역【국어, 수학, 영어, 한국사, 탐구】을 모두 응시한 자 ※ 단, 졸업예정자가 당해 연도에 졸업하지 못할 경우에는 입학허가 취소 - 국어, 수학영역은 공통과목과 함께 영역별 선택과목 중 한 개 과목을 응시해야 함. - 탐구영역은 사회 / 과학영역 구분없이 2과목을 응시해야 함.나. 모집인원: 159명다. 제출서류대상자제출서류비고국내 고등학교 졸업(예정)자학교생활기록부 1부- 원서 접수 시 온라인 제공 동의 - 온라인 제공 비동의자 및 온라인 제공이 불가한 자는 서류제출 기한(마감일 소 || 6 6) 수능 최종 반영 점수 : 수능 성적 반영 점수 + 한국사 가산점 ※ 한국사 가산점 한국사 등급123456789가산점수2 1.751.51 0 7) 수능 성적 반영 점수는 소수점 셋째 자리에서 반올림하여 둘째 자리까지 산출함.사. 학교폭력 조치사항 반영 방법 1) 학교생활기록부에 학교폭력 관련 기재 사항이 있을 경우, 1단계(수능점수) 총점에서 조치사항 1~3호는 30점, 4~5호는 100점 감점 적용하며, 6~9호는 부적격 처리함. 2) 검정고시 출신자의 경우 학교생활기록부에 학교폭력 관련 기재사항이 있을 경우, || 6 6) 수능 최종 반영 점수 : 수능 성적 반영 점수 + 한국사 가산점 ※ 한국사 가산점 한국사 등급123456789가산점수2 1.751.51 0 7) 수능 성적 반영 점수는 소수점 셋째 자리에서 반올림하여 둘째 자리까지 산출함.사. 학교폭력 조치사항 반영 방법 1) 학교생활기록부에 학교폭력 관련 기재 사항이 있을 경우, 1단계(수능점수) 총점에서 조치사항 1~3호는 30점, 4~5호는 100점 감점 적용하며, 6~9호는 부적격 처리함. 2) 검정고시 출신자의 경우 학교생활기록부에 학교폭력 관련 기재사항이 있을 경우, 위와 동일하게 적 || 6 6) 수능 최종 반영 점수 : 수능 성적 반영 점수 + 한국사 가산점 ※ 한국사 가산점 한국사 등급123456789가산점수2 1.751.51 0 7) 수능 성적 반영 점수는 소수점 셋째 자리에서 반올림하여 둘째 자리까지 산출함.사. 학교폭력 조치사항 반영 방법 1) 학교생활기록부에 학교폭력 관련 기재 사항이 있을 경우, 1단계(수능점수) 총점에서 조치사항 1~3호는 30점, 4~5호는 100점 감점 적용하며, 6~9호는 부적격 처리함. 2) 검정고시 출신자의 경우 학교생활기록부에 학교폭력 관련 기재사항이 있을 경우, 위와 동일하게 적용함.아. 면접 || 7 2. 농ž어촌학생 전형 정시모집 「나」군가. 지원자격 ❍ 고등학교 졸업(예정)자 또는 법령에 따라 동등 이상의 학력이 있다고 인정되는 자로서 2027학년도 대학수학능력시험에서 5개 영역【국어, 수학, 영어, 한국사, 탐구】을 모두 응시한 자 ※ 단, 졸업예정자가 당해 연도에 졸업하지 못할 경우에는 입학허가 취소 - 국어, 수학영역은 공통과목과 함께 영역별 선택과목 중 한 개 과목을 응시해야 함. - 탐구영역은 사회 / 과학영역 구분없이 2과목을 응시해야 함. ❍ 고등학교 졸업(예정)자로 다음 해당지역* 소재 중·고등학교에서 중학교 입학 시부터 고등학교 졸업 시까지 6개년 교육과정을 이수하고, 본인과 부ž모 모두가 해당지역에서 중학교 입학 시부터 고등학교 졸업 시까지 || 9 3. 기회균형선발 전형 정시모집 「나」군가. 지원자격 ❍ 고등학교 졸업(예정)자 또는 법령에 따라 동등 이상의 학력이 있다고 인정되는 자로서 2027학년도 대학수학능력시험에서 5개 영역【국어, 수학, 영어, 한국사, 탐구】을 모두 응시한 자 ※ 단, 졸업예정자가 당해 연도에 졸업하지 못할 경우에는 입학허가 취소 - 국어, 수학영역은 공통과목과 함께 영역별 선택과목 중 한 개 과목을 응시해야 함. - 탐구영역은 사회 / 과학영역 구분없이 2과목을 응시해야 함. ❍ 고등학교 졸업(예정)자 또는 법령에 따라 동등 이상의 학력이 있다고 인정된 자로 아래 사항 중 하나의 경우에 해당하는 자구분 지원자격기초생활수급자「국민기초생활보장법」 제2조 제1호 및 제2호에 따른 수급(권 || 11 4. 장애인 등 대상자 전형정시모집 「나」군가. 지원자격 ❍ 고등학교 졸업(예정)자 또는 법령에 따라 동등 이상의 학력이 있다고 인정되는 자로서 2027학년도 대학수학능력시험에서 5개 영역【국어, 수학, 영어, 한국사, 탐구】을 모두 응시한 자 ※ 단, 졸업예정자가 당해 연도에 졸업하지 못할 경우에는 입학허가 취소 - 국어, 수학영역은 공통과목과 함께 영역별 선택과목 중 한 개 과목을 응시해야 함. - 탐구영역은 사회 / 과학영역 구분없이 2과목을 응시해야 함. ❍ 고등학교 졸업(예정)자 또는 법령에 따라 동등 이상의 학력이 있다고 인정된 자로 「장애인복지법」 제32조에 의거 장애인 등록을 필한 자나. 모집인원: 수시모집 미충원 인원다. 제출서류제출서류비고 필수 지원자",C:\Users\User\Desktop\업무\작업\21. 정시모집 관련\00. 소스(모집요강)\교대\2027_공주교대_정시요강.pdf
85,광주교대,감점,"16,17,18,20,21,22,23","수있으며,원서접수전우리대학홈페이지(www.gnue.ac.kr)에공지함나. 지원자격 ▪ 고등학교 졸업(예정)자 또는 법령에 의하여 이와 동등 이상의 학력이 있다고 인정된 자로서 2027학년도대학수학능력시험 반영영역*에 응시한 자 * 국어, 수학, 영어, 탐구(2과목), 한국사 ※영역별선택과목에대한응시제한없음다. 제출서류 ▪ 2026학년도 졸업예정자는 최종 등록 이후 2027. 2. 26.(금)까지 졸업증명서를 제출해야 함라. 선발 방법 ▪ 10 ∼ 11쪽 참조마. 성적 반영 방법 ▪ 20 ∼ 21쪽 참조 || w.gnue.ac.kr)에 공지함나. 지원자격 ▪ 고등학교 졸업(예정)자 또는 법령에 의하여 이와 동등 이상의 학력이 있다고 인정된 자로서 2027학년도대학수학능력시험 반영영역*에 응시하고 아래 지원자격 중 하나에 해당하는 자 * 국어, 수학, 영어, 탐구(2과목), 한국사 ※영역별선택과목에대한응시제한없음 -「장애인복지법」제32조에 의하여 장애인 등록이 되어 있는 자 -「국가유공자 등 예우 및 지원에 관한 법률」제4조 등에 의한 상이등급자(국가보훈부 등록)로 등록이 되어 있는 자 다. 제출서류지원자격증빙서류제출방법비고-장애인대상자증명서1부-국가유공자(유족)확인원1부(해당자에한함)우편또는방문접수-2026.12.14.(월)이후에발급한서류제출-2027.1.11.(월)18:00까지서류미제출자는부적격처리 ※모든지원자격서류는주민등록번호 ||  원서접수 전 우리 대학 홈페이지(www.gnue.ac.kr)에 공지함 나. 지원자격 ▪ 국내 정규 고등학교 학교생활기록부가 있는 자로서 2027학년도대학수학능력시험 반영영역*에 응시하고, 아래 지원자격 중 하나에 해당하는 자 * 국어, 수학, 영어, 탐구(2과목), 한국사 ※영역별선택과목에대한응시제한없음 - 유형Ⅰ(6년):「지방자치법」제3조에 의한 읍·면 지역 또는 「도서·벽지 교육진흥법 시행규칙」제2조에 해당되는 도서벽지에 소재한 중ž고등학교의 전 교육과정을 이수한 자(2026학년도 졸업 예정자 포함)로서 중ž고등학교 재학기간 동안 본인·부모 모두 농·어촌 또는 도서·벽지에 거주한 자 - 유형Ⅱ(12년):「지방자치법」제3조에 의한 읍·면 지역 또는 「도서·벽지 교육진흥법 시행규칙」제2조에 해당되는 도서벽지에 소재한 초ž중 || www.gnue.ac.kr)에 공지함나. 지원자격 ▪ 고등학교 졸업(예정)자 또는 법령에 의하여 동등 이상의 학력이 있다고 인정된 자로서 2027학년도 대학수학능력시험 반영영역*에 응시하고 아래 지원자격 중 하나에 해당하는 자 * 국어, 수학, 영어, 탐구(2과목), 한국사 ※영역별선택과목에대한응시제한없음 - 「국민기초생활보장법」 제2조 제1호(수급권자), 제2호(수급자), 제10호(차상위계층)에 의한 대상자 - 「한부모가족지원법」 제5조 또는 제5조의2에 따른 지원 대상자 다. 제출서류구분지원자격증빙서류제출방법비고기초생활수급자-기초생활수급자증명서1부-가족관계증명서1부(부또는모기준)우편또는방문접수-2026.12.14.(월)이후에발급한서류제출-2027.1.11.(월)18:00까지서류미제출자는부적격처리차상위계층-장애(아동)수당대 || 육과수능위주수능위주(만학도전형)10명정원외나. 지원자격 ▪ 고등학교 졸업(예정)자 또는 법령에 의하여 이와 동등 이상의 학력이 있다고 인정된 자로서 2027학년도대학수학능력시험 반영영역*에 응시하고 아래 지원자격에 해당하는 자 * 국어, 수학, 영어, 탐구(2과목), 한국사 ※영역별선택과목에대한응시제한없음 - 2027. 3. 1. 기준 연령이 만 30세 이상인 자 다. 제출서류지원자격증빙서류제출방법비고-주민등록초본(지원자기준)1부우편또는방문접수-2026.12.14.(월)이후에발급한서류제출-2027.1.11.(월)18:00까지서류미제출자는부적격처리 ※모든지원자격서류는주민등록번호뒷자리까지확인할수있도록상세로발급하여제출 ▪ 2026학년도 졸업예정자는 최종 등록 이후 2027. 2. 26.(금)까지 졸업증명서를 제출해야 함 라. 선발 || -20- Ⅵ. 성적 반영 방법 1. 전형별 반영비율 구분전형요소및반영비율(전형총점)선발비율수능위주(정원내)대학수학능력시험100%(1,000점)100%수능위주(정원외)※한국사등급별반영가산점으로인하여합계점수가1,000점(만점)을초과할수있음※학교폭력조치사항이있는경우학교폭력조치사항반영방법에따라전형총점에서감점또는부적격처리함 2. 대학수학능력시험 성적 반영방법 가. 영역별 배점 및 반영비율구분국어수학영어탐구(2과목평균)한국사합계반영방법백분위백분위등급(등급별반영점수)백분위등급(등급별반영가산점)-배점250점250점250점250점-1,000점비율25%25%25%25%-100%산출공식 국어수학탐구과목평균영역백분위합× || 00%수능위주(정원외)※한국사등급별반영가산점으로인하여합계점수가1,000점(만점)을초과할수있음※학교폭력조치사항이있는경우학교폭력조치사항반영방법에따라전형총점에서감점또는부적격처리함 2. 대학수학능력시험 성적 반영방법 가. 영역별 배점 및 반영비율구분국어수학영어탐구(2과목평균)한국사합계반영방법백분위백분위등급(등급별반영점수)백분위등급(등급별반영가산점)-배점250점250점250점250점-1,000점비율25%25%25%25%-100%산출공식 국어수학탐구과목평균영역백분위합×영어등급별반영점수한국사등급별반영가산점 ※국어,수학,탐구(사회,과학,직업영역)의백분위를반영※탐구영역의경우2개과목의백분위평균을산출하여반영※영어는등급별반영점수를적용※한국사는등급별반영가산점을적용 나. 영어 등급별 반영점수1등급2등급3등급4등급5등급6등 || 구분국어수학영어탐구(2과목평균)한국사합계반영방법백분위백분위등급(등급별반영점수)백분위등급(등급별반영가산점)-배점250점250점250점250점-1,000점비율25%25%25%25%-100%산출공식 국어수학탐구과목평균영역백분위합×영어등급별반영점수한국사등급별반영가산점 ※국어,수학,탐구(사회,과학,직업영역)의백분위를반영※탐구영역의경우2개과목의백분위평균을산출하여반영※영어는등급별반영점수를적용※한국사는등급별반영가산점을적용 나. 영어 등급별 반영점수1등급2등급3등급4등급5등급6등급7등급8등급9등급250점240점230점220점210점200점190점180점170점",C:\Users\User\Desktop\업무\작업\21. 정시모집 관련\00. 소스(모집요강)\교대\2027_광주교대_정시요강.pdf
86,대구교대,등급 환산,"9,10,11,13,16","고등학교 졸업(예정)자 또는 법령에 의하여 이와 동등 이상의 학력이 있다고 인정된 자로서 2027학년도 대학수학능력시험에서 우리 대학이 반영하는 영역*을 모두 응시한 자 * [국어/수학(선택과목 지정 없음), 영어, 탐구(사회, 과학) 2과목(영역·과목 지정 없음), 한국사] ※ 수능 최저학력기준 : 없음 다. 제출서류 구 분 제 출 서 류 비 고학교생활기록부(대입전형용) 합격증명서(대입전형용) 졸업(예정)증명서고등학교 졸업(예정)자○ - - * 온라인 제공 불가한 경우 우편 제출검정고시 합격자◎ ○ - * 온라인 제공 불가한 경우 우편 제출국외고 출신자- - ○* 교육부 인가 재외 한국학교의 경우 학교생활기록부만 제출 * ○ : 필수 제출, ◎ : (해당자) 2012년 3월 이후 고교 재학 사실이 있는 자1. 고등학교 졸업 || 여 이와 동등 이상의 학력이 있다고 인정된 자로서 2027학년도 대학수학능력시험에서 우리 대학이 반영하는 영역*을 모두 응시하고, 아래 조건 중 어느 하나에 해당하는 자 * [국어/수학(선택과목 지정 없음), 영어, 탐구(사회, 과학) 2과목(영역·과목 지정 없음), 한국사] 「국민기초생활보장법」제2조 제1호에 따른 수급권자「국민기초생활보장법」제2조 제10호에 따른 차상위계층「한부모가족지원법」제5조 또는 제5조의2에 따른 대상자차상위 자활급여 대상자차상위 장애수당 대상자 차상위 장애인연금 부가급여 대상자차상위 본인부담 경감 대상자차상위계층 확인서 발급 대상자 ※ 수능 최저학력기준 : 없음 다. 제출서류 구 분 제 출 서 류 비 고학교생활기록부(대입전형용) 합격증명서(대입전형용)졸업(예정) 증명서대상자별 제출서류 || 예정)하고 출신 고등학교장의 확인을 받은 자로서, 2027학년도 대학수학능력시험에서 우리 대학이 반영하는 영역*을 모두 응시하고, 아래 조건 중 어느 하나에 해당하는 자 * [국어/수학(선택과목 지정 없음), 영어, 탐구(사회, 과학) 2과목(영역·과목 지정 없음), 한국사] 유형Ⅰ : 학생 본인이 농어촌 소재지 학교에서 중·고 전(全) 교육과정(6년)을 이수하고 농어촌 지역에 학생과 부모 모두가 거주하는 경우 유형Ⅱ : 학생 본인이 농어촌 소재지 학교에서 초·중·고 전(全) 교육과정(12년)을 이수하고 농어촌 지역에 거주하는 경우 【지원자격 관련 유의사항】 ① 고등학교(중·초등학교) 재학 기간 중 행정구역 개편 등으로 농어촌 지역이 해제된 경우에는 고등학교 (중·초등학교) 재학 기간 동안 해당 지역을 농어촌으로 인정 ② || 업(예정)하고 출신 고등학교장의 확인을 받은 자로서 2027학년도 대학수학능력시험에서 우리대학이 반영하는 영역*을 모두 응시하고, 아래 조건 중 어느 하나에 해당하는 자 * [국어/수학(선택과목 지정 없음), 영어, 탐구(사회, 과학) 2과목(영역·과목 지정 없음), 한국사] 유형Ⅰ : 서해 5도에서 부모와 함께 거주하면서 서해 5도에 설립된 중학교 및 고등학교의 전(全) 교육과정을 이수한 자 유형Ⅱ : 서해 5도에 거주하면서 서해 5도에 설립된 초·중·고등학교의 전(全) 교육과정을 이수한 자 【지원자격 관련 유의사항】 ① 재학 기간과 거주기간은 연속된 연수만을 인정 (학업 중단 후 재입학할 경우에도 거주기간은 중간 단절 없이 연속되어야 함) ② 학생과 부모의 거주는 각각의 주민등록상 거주기록과 일치해야 함 ※ 수능 최저 || 122027학년도 정시 모집요강 2. 대학수학능력시험 성적 반영방법 1) 수능 영역별 반영비율 및 배점 구분반영영역 및 과목수국어 수학영어한국사탐구 2과목(사회, 과학)총점비율(%)4개 영역5개 과목303020응시20100.0배점3003002002001,000활용지표표준점수표준점수환산점수표준점수- 2) 영어 영역 환산점수 등급1등급2등급3등급4등급5등급6등급7등급8등급9등급환산점수2001951901851801751701650 3) 수능 성적 영역별(국어‧수학‧탐구) 산출 방법 ① 국어‧수학 영역 : (본인이 취득한 표준점수/전국 최고 표준점수) × 0.3(반영비율) × 1,000점 ② 탐구영역(2",C:\Users\User\Desktop\업무\작업\21. 정시모집 관련\00. 소스(모집요강)\교대\2027_대구교대_정시요강.pdf
87,부산교대,등급 환산,16," 및 배점구분 수능영역별 반영비율(100%)국어수학영어탐구영역(사회/과학)과목지정공통 + 선택- 자유(2과목)활용지표표준점수등급환산점수표준점수반영비율25%25%25%25%• 탐구영역 반영방법 : 탐구영역에서 2과목의 표준점수 합 적용• 직업탐구, 제2외국어, 한문 및 한국사는 반영하지 않음 (※ 한국사 영역은 지원 자격이므로 필수 응시)▶ 성적 산출방법 ▶ 수능 성적 산출 점수 : 4개 영역의 합(각 영역 표준점수 + 영어영역 등급환산점수) 【영역별 표준점수 성적 산출】 • 수능 영역별 환산배점은 200점이며 환산점수가 200점을 초과할 경우 최고점인 200점 부여 • 국어, 수학 영역 : 표준점수 × 1.25 • 탐구영역 : (2과목 표준점수의 합) × 1.25 • 영어 영역 : 등급 환산점수 수능등급123456789환산점 || 비율(100%)국어수학영어탐구영역(사회/과학)과목지정공통 + 선택- 자유(2과목)활용지표표준점수등급환산점수표준점수반영비율25%25%25%25%• 탐구영역 반영방법 : 탐구영역에서 2과목의 표준점수 합 적용• 직업탐구, 제2외국어, 한문 및 한국사는 반영하지 않음 (※ 한국사 영역은 지원 자격이므로 필수 응시)▶ 성적 산출방법 ▶ 수능 성적 산출 점수 : 4개 영역의 합(각 영역 표준점수 + 영어영역 등급환산점수) 【영역별 표준점수 성적 산출】 • 수능 영역별 환산배점은 200점이며 환산점수가 200점을 초과할 경우 최고점인 200점 부여 • 국어, 수학 영역 : 표준점수 × 1.25 • 탐구영역 : (2과목 표준점수의 합) × 1.25 • 영어 영역 : 등급 환산점수 수능등급123456789환산점수200190176152118",C:\Users\User\Desktop\업무\작업\21. 정시모집 관련\00. 소스(모집요강)\교대\2027_부산교대_정시요강.pdf
88,서울교대,확인 필요,"5,7"," 모 두 에 응 시 하 지 않 거 나 영 역 별 응 시 기 준 을 준 수 하 지 않 은 자※ 탐구영역은 사회/과학 중 응시해야 하며, 제2외국어/한문은 반영하지 않음❚ 대학수학능력시험 최저학력기준을 충족하지 않은 자※ 대학수학능력시험 최저학력기준: 영어 3등급 이내, 한국사 4등급 이내 ❚ 입시과정에서 부정한 방법으로 지원·응시한 자 및 원서 접수 후 지원 자격에 부합하지 않은 사실이 확인된 자 || 한 것이어야 하고, 접수일 기준으로 지원 자격이 유지되어야 함 ※ 수능위주(일반전형) 최종합격자 중 고등학교 졸업예정자는 추후 고등학교 졸업증명서를 입학처 입학팀으로 2027. 3. 12.(금) 까지 반드시 제출해야 함 4. 수능최저학력기준 적용: 영어 3등급 이내, 한국사 4등급 이내",C:\Users\User\Desktop\업무\작업\21. 정시모집 관련\00. 소스(모집요강)\교대\2027_서울교대_정시요강.pdf
89,전주교대,확인 필요,,,C:\Users\User\Desktop\업무\작업\21. 정시모집 관련\00. 소스(모집요강)\교대\2027_전주교대_정시요강.pdf
90,진주교대,등급 환산,"4,5,20,21","능 수학 환산 점수 고득점자3순위: 수능 탐구 환산 점수 고득점자4순위: 수능 영어 환산 점수 고득점자è1순위: 수능 국어 환산 점수 고득점자2순위: 수능 수학 환산 점수 고득점자3순위: 수능 탐구 환산 점수 고득점자4순위: 수능 영어 환산 점수 고득점자5순위: 수능 한국사 등급이 높은 자  고교 학교생활기록부 필수 제출 및 학교폭력 조치 사항 반영• 학교폭력 조치사항 유무 확인을 위하여 모든 지원자(검정고시, 해외고 출신자 포함)의 고교 학교생활기록부를 필수 서류로 요구하며, 미제출 시 ‘불합격 처리’ 함• 단, 국내 고교 진학 사실이 없는(학교생활기록부가 없는) 검정고시 출신자와 해외고 출신자의 경우, 고교 학교생활기록부를 제출하지 않을 수 있음. 본 사유로 고교 학교생활기록부를 미제출한 자가 국내 고교 진학 사실이 확 || 요약요약2. 전형 요약 가. 전형 요소별 반영 비율 및 배점사정 단계선발 비율전형 요소별 반영 비율(배점)전형 총점일괄 선발100%대학수학능력시험100% (800점) 800점 나. 대학수학능력시험 반영 방법 1) 영역별 반영 비율 및 배점구분국어수학영어탐구(사회/과학)한국사계반영 비율25%25%25%25%-100%활용 지표백분위백분위등급별환산 점수백분위--배점200점200점200점200점-800점 2) 세부 전형 방법 안내는 ‘Ⅴ. 전형 방법 안내’(p.18) 참고 || 고등학교 졸업(예정)자 또는 법령에 의하여 동등 이상의 학력이 있다고 인정된 자로서, 2027년 3월 1일 기준으로 만 30세 이상인 자 • 2027학년도 대학수학능력시험 5개 영역을 응시한 자 - 대학수학능력시험 5개 영역: 국어, 수학, 영어, 탐구(사회/과학), 한국사 3. 대학수학능력시험 최저학력기준: 없음 4. 전형방법 및 선발원칙 • 일괄 선발, 대학수학능력시험 성적 100%(800점) • 성적 반영 방법: 국어, 수학, 탐구(2과목) 영역 백분위 점수 활용, 영어 환산 점수 활용(p.18 참고) • 전형 점수 산출 시 동점자가 있을 경우 동점자 우선순위에 의거 5순위 기준까지 처리하되, 5순위 기준 이후에도 동점자가 있을 경우 동점자 모두를 합격 처리하고 모집인원을 초과한 인원만큼 차차년도 모집인원에서 감축우선순 || 을 초과한 인원만큼 차차년도 모집인원에서 감축우선순위동점자 사정 원칙1순위대학수학능력시험 국어 환산 점수 고득점자2순위대학수학능력시험 수학 환산 점수 고득점자3순위대학수학능력시험 탐구 환산 점수 고득점자4순위대학수학능력시험 영어 환산 점수 고득점자5순위대학수학능력시험 한국사 등급이 높은 자 5. 학교폭력 조치 사항 반영 • 모든 지원자(검정고시, 해외고 출신자 포함)의 고교 학교생활기록부를 확인하며, ‘학교폭력 가해학생에 대한 조치사항’ 제1호~제9호 중 어느 하나라도 기재 시, 부적격 처리함 6. 제출 서류 • 제출 방법 및 유의 사항 ‘Ⅲ. 제출 서류 안내’(p.7~8) 참고 • 지원 자격 확인 서류 안내구분제출 서류 비고지원자 공통고교 학교생활기록부 온라인 제공 동의 시 등기우편 제출하지 않음주민등록초본• 정부24 온 || 적 성적 성적 성적 성적 반영 반영 반영 반영 반영 반영 반영 반영 반영 반영 반영 반영 반영 반영 반영 반영 반영 방법방법방법방법방법방법방법방법방법방법방법방법방법방법방법방법방법2. 대학수학능력시험 성적 반영 방법 가. 영역별 반영 비율구분국어수학영어탐구(사회/과학) 한국사계반영 비율25%25%25%25%- 100%활용 지표백분위백분위등급별환산 점수백분위- -배점200점200점200점200점-800점 ✽ 대학수학능력시험 5개 영역[국어, 수학, 영어, 탐구(사회·과학), 한국사]에 응시하지 않은 경우, 불합격 처리 ✽ 한국사 등급은 성적 산출에는 반영하지 않으나, 동점자 처리 시 반영함 ✽ 탐구는 사회와 과학 중 과목 선택제한 없이 2개 과목 백분위 평균 점수를 반영하며, 1개 과목만 응시할경우 불합격 처리 나. 영역별 성적 ||  방법 가. 영역별 반영 비율구분국어수학영어탐구(사회/과학) 한국사계반영 비율25%25%25%25%- 100%활용 지표백분위백분위등급별환산 점수백분위- -배점200점200점200점200점-800점 ✽ 대학수학능력시험 5개 영역[국어, 수학, 영어, 탐구(사회·과학), 한국사]에 응시하지 않은 경우, 불합격 처리 ✽ 한국사 등급은 성적 산출에는 반영하지 않으나, 동점자 처리 시 반영함 ✽ 탐구는 사회와 과학 중 과목 선택제한 없이 2개 과목 백분위 평균 점수를 반영하며, 1개 과목만 응시할경우 불합격 처리 나. 영역별 성적 산출 방법 1) 반영 점수: 800점 2) 반영 점수 산출 방법 : (국어 백분위×2)+(수학 백분위×2)+(영어 환산 점수)+(탐구 영역 2개 과목 백분위 평균×2) 3) 영어 영역 등급별 환산 점수등급1 || 사회/과학) 한국사계반영 비율25%25%25%25%- 100%활용 지표백분위백분위등급별환산 점수백분위- -배점200점200점200점200점-800점 ✽ 대학수학능력시험 5개 영역[국어, 수학, 영어, 탐구(사회·과학), 한국사]에 응시하지 않은 경우, 불합격 처리 ✽ 한국사 등급은 성적 산출에는 반영하지 않으나, 동점자 처리 시 반영함 ✽ 탐구는 사회와 과학 중 과목 선택제한 없이 2개 과목 백분위 평균 점수를 반영하며, 1개 과목만 응시할경우 불합격 처리 나. 영역별 성적 산출 방법 1) 반영 점수: 800점 2) 반영 점수 산출 방법 : (국어 백분위×2)+(수학 백분위×2)+(영어 환산 점수)+(탐구 영역 2개 과목 백분위 평균×2) 3) 영어 영역 등급별 환산 점수등급1등급2등급3등급4등급5등급6등급7등급8등급9등급환",C:\Users\User\Desktop\업무\작업\21. 정시모집 관련\00. 소스(모집요강)\교대\2027_진주교대_정시요강.pdf
91,청주교대,등급 환산,"17,30","영역별 반영비율 및 배점구 분국어영역수학영역영어영역탐구영역(사회․과학/직업)계반영비율25%25%25%25%100%배점일반전형2502502502501,000일반전형 외 전형200200200200800점수 활용지표표준점수표준점수등급별 환산점수표준점수 ※ 위 4개 영역 및 한국사 영역에 응시하지 않은 경우 결격 처리됨 ※ 한국사 영역 성적은 미반영(응시 필수) ※ 제2외국어 및 한문은 반영하지 않음 ※ 영역별 지정 과목 없음 2. 탐구영역 반영사회․과학 탐구직업 탐구과목점수 반영방법비고반영 과목 수과목선택반영 과목 수과목선택2 자유2 자유선택과목 표준점수 합 ※ 선택한 탐구영역의 응시과목 수가 2과목 미만인 경우 결격 처리됨 3. 점수 반영 방법구 분국어영역수학영역영어영역탐구영역(사회․과학/직업)점수반영방법일반전형표준점수×1.25 || 탐구영역(사회․과학/직업)계반영비율25%25%25%25%100%배점일반전형2502502502501,000일반전형 외 전형200200200200800점수 활용지표표준점수표준점수등급별 환산점수표준점수 ※ 위 4개 영역 및 한국사 영역에 응시하지 않은 경우 결격 처리됨 ※ 한국사 영역 성적은 미반영(응시 필수) ※ 제2외국어 및 한문은 반영하지 않음 ※ 영역별 지정 과목 없음 2. 탐구영역 반영사회․과학 탐구직업 탐구과목점수 반영방법비고반영 과목 수과목선택반영 과목 수과목선택2 자유2 자유선택과목 표준점수 합 ※ 선택한 탐구영역의 응시과목 수가 2과목 미만인 경우 결격 처리됨 3. 점수 반영 방법구 분국어영역수학영역영어영역탐구영역(사회․과학/직업)점수반영방법일반전형표준점수×1.25표준점수×1.25등급별 환산점수(하단 별도 표기)2 ||  ) 2025년 2월 졸업자 ∼ 2026년 2월 졸업자2 ( ) 2024년 2월 이전 졸업자 3 ( ) 검정고시 합격자 4 ( ) 기타과정 이수자 5 ( )대학수학능력시험수험번호※대학수학능력시험 성적표와 일치하여야 함대학수학능력시험선택현황국어영역수학영역영어영역 탐구영역한국사( )( )( )과목①과목②( )학생부온라인 제공동의( ), 부동의( ) ※ 부동의자는 학생부 사본 제출(비대상교 포함)검정고시 서류온라인 제공동의( ), 부동의( ) ※ 부동의자는 합격증명서(대입전형용)_원본 방문 또는 우편 제출 1. 개인정보보호법 제15조 제1항(개인정보의 수집ㆍ이용)에 의거하여 본인의 개인정보를 제공할 것을 동의하는 것으로 본다. 2. 본 원서를 제출하는 것으로 수능 성적자료의 온라인 제공에 동의하는 것으로 본다. 3. 본 원서기록사",C:\Users\User\Desktop\업무\작업\21. 정시모집 관련\00. 소스(모집요강)\교대\2027_청주교대_정시요강.pdf
92,춘천교대,가점,13,"- 11 - Ⅳ 선발원칙1. 전형요소: 대학수학능력시험100%2. 대학수학능력시험성적반영방법 가. 영역별반영비율및반영현황구분국어수학영어탐구(사탐, 과탐)한국사제2외 국 어/한 문반영○○○상위1과목○×반영비율33.3%33.3%16.7%16.7%- -최고점200200100100- -활용지표표준점수표준점수등급환산점수표준점수- -가산점- - - - 등급환산점수- 나. 성적산출방법국어환산점수 취득표준점수수학환산점수 취득표준점수영어환산점수1등급2등급3등급4등급5등급6등급7등급8등급9등급100점95점88점76점59점39점22점10점0점탐구환산점수사회탐구취득표준점수상위1과목반영과학탐구취득표준점수한국사환산점수1등급2등급3등급4 || - -가산점- - - - 등급환산점수- 나. 성적산출방법국어환산점수 취득표준점수수학환산점수 취득표준점수영어환산점수1등급2등급3등급4등급5등급6등급7등급8등급9등급100점95점88점76점59점39점22점10점0점탐구환산점수사회탐구취득표준점수상위1과목반영과학탐구취득표준점수한국사환산점수1등급2등급3등급4등급5등급6등급7등급8등급9등급10점9.8점9.6점9.4점0점0점0점0점0점반영점수= ∑(국어, 수학, 영어, 탐구, 한국사환산점수) ※한국사의가산점부여결과600점을초과할경우600점으로함 || 급8등급9등급100점95점88점76점59점39점22점10점0점탐구환산점수사회탐구취득표준점수상위1과목반영과학탐구취득표준점수한국사환산점수1등급2등급3등급4등급5등급6등급7등급8등급9등급10점9.8점9.6점9.4점0점0점0점0점0점반영점수= ∑(국어, 수학, 영어, 탐구, 한국사환산점수) ※한국사의가산점부여결과600점을초과할경우600점으로함 || 점95점88점76점59점39점22점10점0점탐구환산점수사회탐구취득표준점수상위1과목반영과학탐구취득표준점수한국사환산점수1등급2등급3등급4등급5등급6등급7등급8등급9등급10점9.8점9.6점9.4점0점0점0점0점0점반영점수= ∑(국어, 수학, 영어, 탐구, 한국사환산점수) ※한국사의가산점부여결과600점을초과할경우600점으로함",C:\Users\User\Desktop\업무\작업\21. 정시모집 관련\00. 소스(모집요강)\교대\2027_춘천교대_정시요강.pdf
93,한국에너지공과대,감점,64,"ADMISSION 64 ADMISSION 지원자격 01 2027학년도 대학수학능력시험에 응시하여 “국어, 수학, 영어, 과학탐구(2과목), 한국사” 5개 영역의 성적을 취득한 자 ※ 군외모집으로 가, 나, 다군에 관계없이 지원 가능 ※ KENTECH은 「한국에너지공과대학교법」에 의해 설립된 대학교로 타 대학교 전형에 지원, 합격(등록) 여부와 관계없이 본교 수능 우수자전형에 지원 가능함 전형요소 및 반영비율 02 모집단위 모집시기 모집전형 모집인원 전형요소 및 반영비율 에너지공학부 정시모집 수능우수자전형 10명 대학수학능력시험 100% *수능최저학력기준 : 없음 수능 반영 방법 03 영역 국어 수학 || 없이 본교 수능 우수자전형에 지원 가능함 전형요소 및 반영비율 02 모집단위 모집시기 모집전형 모집인원 전형요소 및 반영비율 에너지공학부 정시모집 수능우수자전형 10명 대학수학능력시험 100% *수능최저학력기준 : 없음 수능 반영 방법 03 영역 국어 수학 영어 탐구 한국사 성적 활용지표 표준점수 표준점수 등급 표준점수 등급 수능 응시기준 언어와매체 화법과작문 택1 기하 미적분 택1 필수응시 과학탐구 택2 필수응시 가. 반영 영역 및 성적 활용지표 나. 성적 산출 방법 ※ 기타 : 학내ㆍ외 징계(학교폭력 등) 여부 및 그 사유 등을 확인하기 위해 추가 서류를 요청할 수 있으며, 감점 요소로 활용할 수 있음 영어 등급별 감점 등급 1 2 3 4 5 6 7 8 9 감점 0 -1 -5 -10 -15 -20 -25 -30 -35 한 || 산출 방법 ※ 기타 : 학내ㆍ외 징계(학교폭력 등) 여부 및 그 사유 등을 확인하기 위해 추가 서류를 요청할 수 있으며, 감점 요소로 활용할 수 있음 영어 등급별 감점 등급 1 2 3 4 5 6 7 8 9 감점 0 -1 -5 -10 -15 -20 -25 -30 -35 한국사 등급별 감점 등급 1 2 3 4 5 6 7 8 9 감점 0 0 0 -1 -2 -3 -4 -5 -6 과학탐구 표준점수 (2과목 합) 영어 등급별 점수 (감점) 한국사 등급별 점수 (감점) 국어 표준점수 수학 표준점수 ※ 두 번째 조건까지 모두 같을 경우 동점으로 처리함 다. 동점자 처리기준 ❶ 수학영역 표준점수 고득점순 ❷ 과학탐구 2개 과목 표준점수 합 고득점순 조치사항 1호 2호 3호 4호 5호 6호 7호 8호 9호 감점 5점 10점 50점 100점 라 || 점 등급 1 2 3 4 5 6 7 8 9 감점 0 -1 -5 -10 -15 -20 -25 -30 -35 한국사 등급별 감점 등급 1 2 3 4 5 6 7 8 9 감점 0 0 0 -1 -2 -3 -4 -5 -6 과학탐구 표준점수 (2과목 합) 영어 등급별 점수 (감점) 한국사 등급별 점수 (감점) 국어 표준점수 수학 표준점수 ※ 두 번째 조건까지 모두 같을 경우 동점으로 처리함 다. 동점자 처리기준 ❶ 수학영역 표준점수 고득점순 ❷ 과학탐구 2개 과목 표준점수 합 고득점순 조치사항 1호 2호 3호 4호 5호 6호 7호 8호 9호 감점 5점 10점 50점 100점 라. 학교폭력 조치사항 반영 방법 위원회 심의를 통해 조치사항(1~9호)별 감점 처리 Ⅲ. 정시모집 안내",C:\Users\User\Desktop\업무\작업\21. 정시모집 관련\00. 소스(모집요강)\특수목적대\2027_KENTECH_모집요강.pdf
94,DGIST,확인 필요,,,C:\Users\User\Desktop\업무\작업\21. 정시모집 관련\00. 소스(모집요강)\특수목적대\2027_DGIST_모집요강.pdf
95,GIST,확인 필요,,,C:\Users\User\Desktop\업무\작업\21. 정시모집 관련\00. 소스(모집요강)\특수목적대\2027_GIST_모집요강.pdf
96,UNIST,감점,61,"2027학년도 입학전형 개요일반전형 지역인재전형탐구우수전형그릿인재전형고른기회전형수능우수자전형 1. 모집인원 Ⅶ. 수능우수자전형 2. 지원 자격 2027학년도 대학수학능력시험 응시자 가. 국어, 수학(미적분, 기하 중 택 1), 영어, 한국사, 탐구(서로 다른 2개의 과학 교과 반영) 1) 동일 과목으로 선택하는 것은 허용하지 않으며 Ⅰ+Ⅰ, Ⅰ+Ⅱ, Ⅱ+Ⅱ 모두 가능함 2) Ⅱ과목을 응시할 경우 해당과목 변환표준점수의 5% 가산 3. 전형방법 가. 대학수학능력시험 성적 산출 1) 2027학년도 대학수학능력시험 결과를 반영영역별 성적 반영 방법에 따라 성적 산출 2) 활용지표: 표준점수, 백분위를 활용한 변환표준점수, 등급별 점수 나. 영역별 활용지표 및 적용점수 반영비율 활용점수 국어 100 ||  반영 방법에 따라 성적 산출 2) 활용지표: 표준점수, 백분위를 활용한 변환표준점수, 등급별 점수 나. 영역별 활용지표 및 적용점수 반영비율 활용점수 국어 100% 표준점수 영어 100% 등급별 점수 수학 100% 표준점수 탐구 100% 백분위를 활용한 변환표준점수 한국사 최대 5점 등급별 점수 1) 수학: 미적분 또는 기하 중 택1 2) 탐구: 서로 다른 2개 과학 교과의 변환표준점수 반영, 단, Ⅱ과목을 응시할 경우 해당과목 변환표준점수의 5% 가산 3) 상기 반영영역을 미충족한 경우 0점 처리 4) 영어·한국사 등급별 점수 등급 영역 1등급 2등급 3등급 4등급 5등급 6등급 7등급 8등급 9등급 영어 100점 95점 90점 85점 80점 75점 70점 65점 60점 한국사 5점 4점 3점 2점 1점 5) 「학교폭력예 || 활용한 변환표준점수 한국사 최대 5점 등급별 점수 1) 수학: 미적분 또는 기하 중 택1 2) 탐구: 서로 다른 2개 과학 교과의 변환표준점수 반영, 단, Ⅱ과목을 응시할 경우 해당과목 변환표준점수의 5% 가산 3) 상기 반영영역을 미충족한 경우 0점 처리 4) 영어·한국사 등급별 점수 등급 영역 1등급 2등급 3등급 4등급 5등급 6등급 7등급 8등급 9등급 영어 100점 95점 90점 85점 80점 75점 70점 65점 60점 한국사 5점 4점 3점 2점 1점 5) 「학교폭력예방 및 대책에 관한 법률」에 따른 조치사항이 학교생활기록부에 기재되어 있는 자는 세부 평가계획에 따라 감점 처리함 6) 과학탐구영역 변환표준점수 - 2027학년도 대학수학능력시험 과학탐구 변환표준점수표는 추후 학부입학 홈페이지 공지 예정 정원 내 1 || 시할 경우 해당과목 변환표준점수의 5% 가산 3) 상기 반영영역을 미충족한 경우 0점 처리 4) 영어·한국사 등급별 점수 등급 영역 1등급 2등급 3등급 4등급 5등급 6등급 7등급 8등급 9등급 영어 100점 95점 90점 85점 80점 75점 70점 65점 60점 한국사 5점 4점 3점 2점 1점 5) 「학교폭력예방 및 대책에 관한 법률」에 따른 조치사항이 학교생활기록부에 기재되어 있는 자는 세부 평가계획에 따라 감점 처리함 6) 과학탐구영역 변환표준점수 - 2027학년도 대학수학능력시험 과학탐구 변환표준점수표는 추후 학부입학 홈페이지 공지 예정 정원 내 10명 내외 이공계열 무학과 정원 외 5명 내외 이공계열 반도체 ※ 정원 외 5명은 반도체공학과 모집인원임 6160 2027학년도 학부 신입생 모집요강 6160 수능우수",C:\Users\User\Desktop\업무\작업\21. 정시모집 관련\00. 소스(모집요강)\특수목적대\2027_UNIST_모집요강.pdf
97,KAIST,등급 환산,"28,34","원가능 ※ KAIST는 특별법인 『한국과학기술원법』 에 의해 설립된 대학교로 타 대학교의 전형에 지원, 합격(등록) 여부와 관계없이 본 수능우수자전형에 지원 가능함. 주1) 영어 등급별 점수 주2) 탐구영역 변환표준점수는 추후 입학처 홈페이지에 공지할 예정임. 주3) 한국사 등급별 점수 • 산출방법 예: 국어 표준점수 + 수학 표준점수 + 영어 등급별 점수 + 탐구영역 두 과목 변환표준점수(과학탐구 영역 II과목은 과목별 변환표준점수 × 0.05 가산) + 한국사 등급별 점수 영역 국어 수학 영어 탐구 한국사 활용지표 및 적용점수 표준점수 표준점수 등급별 점수주1) 백분위를 활용한 변환표준점수주2) 등급별 점수주3) 등급 1등급 2등급 3등급 4등급 5등급 6등급 7등급 8등급 9등급 점수 100점 95점 88점 79점 68 || 2) 탐구영역 변환표준점수는 추후 입학처 홈페이지에 공지할 예정임. 주3) 한국사 등급별 점수 • 산출방법 예: 국어 표준점수 + 수학 표준점수 + 영어 등급별 점수 + 탐구영역 두 과목 변환표준점수(과학탐구 영역 II과목은 과목별 변환표준점수 × 0.05 가산) + 한국사 등급별 점수 영역 국어 수학 영어 탐구 한국사 활용지표 및 적용점수 표준점수 표준점수 등급별 점수주1) 백분위를 활용한 변환표준점수주2) 등급별 점수주3) 등급 1등급 2등급 3등급 4등급 5등급 6등급 7등급 8등급 9등급 점수 100점 95점 88점 79점 68점 55점 40점 23점 4점 등급 1등급 2등급 3등급 4등급 5등급 6등급 7등급 8등급 9등급 점수 10점 9점 8점 7점 6점 5점 4점 3점 2점 ■ 수능 반영 영역 ■ 수능 반영 방법 || 지에 공지할 예정임. 주3) 한국사 등급별 점수 • 산출방법 예: 국어 표준점수 + 수학 표준점수 + 영어 등급별 점수 + 탐구영역 두 과목 변환표준점수(과학탐구 영역 II과목은 과목별 변환표준점수 × 0.05 가산) + 한국사 등급별 점수 영역 국어 수학 영어 탐구 한국사 활용지표 및 적용점수 표준점수 표준점수 등급별 점수주1) 백분위를 활용한 변환표준점수주2) 등급별 점수주3) 등급 1등급 2등급 3등급 4등급 5등급 6등급 7등급 8등급 9등급 점수 100점 95점 88점 79점 68점 55점 40점 23점 4점 등급 1등급 2등급 3등급 4등급 5등급 6등급 7등급 8등급 9등급 점수 10점 9점 8점 7점 6점 5점 4점 3점 2점 ■ 수능 반영 영역 ■ 수능 반영 방법 •반영 영역: 국어(화법과 작문, 언어와 매 || 점 8점 7점 6점 5점 4점 3점 2점 ■ 수능 반영 영역 ■ 수능 반영 방법 •반영 영역: 국어(화법과 작문, 언어와 매체 중 택1), 수학(미적분, 기하 중 택1), 영어, 탐구(서로 다른 과학 교과의 I + I, I + II, II + II 조합 중 선택), 한국사 ※ 동일한 분야의 과학 과목 선택은 허용하지 않음(예: 화학 I + 화학 II 는 불가). ※ 과학탐구 영역 II과목을 응시한 경우 과학탐구 과목별 변환표준점수의 5%를 가산함. • 활용지표: 표준점수, 백분위를 활용한 변환표준점수, 등급별 점수 • 영역별 활용지표 및 적용점수 ■ 모집인원 ■ 입학시기 15명 내외(정원 내 새내기과정학부(무학과) 모집인원) 2027학년도 봄학기 수능우수자전형 Late Admission07 Ⅰ. 2027학년도 입학전형 개요 || 제출하신 독서목록, 그 외 지원서 기반 자유질문 등이 있을 수 있습니다. KAIST 수능우수자전형에 학생부의 교과영역이 반영됩니까? 아닙니다. KAIST 수능우수자전형은 대학수학능력시험의 표준점수(국어, 수학), 백분위를 활용한 변환표준점수(탐구)와 등급별점수(영어, 한국사)로 성적을 산출합니다. 따라서 학생부 내용은 반영하지 않습니다. 평가관련 Q Q Q A A A 학교폭력 조치사항이 평가에 반영됩니까? 평가 반영 방법은 어떻게 됩니까? 네, 학교폭력 조치사항이 전 전형에서 반영됩니다. 학교생활기록부 기재사항 확인 이외에 지원자가 입학지원서 작성 시, 학교폭력 조치사항 관련 정보를 기재하도록 하였으며 확인된 내용에 따라 평가점수를 감점 처리할 계획입니다. 기타 Q A 자기소개서에는 어떤 내용을 쓰면 되나요? 자기소개서는 학",C:\Users\User\Desktop\업무\작업\21. 정시모집 관련\00. 소스(모집요강)\특수목적대\2027_KAIST_모집요강.pdf
98,가톨릭꽃동네대,등급 환산,"4,8,9","- 2 - 3. 세부 전형별 안내가. 지원자격구분전형유형지원자격 정시 수능(일반학생전형)고등학교졸업자(2027년2월졸업예정자포함) 또는법령에의하여이와동등이상의학력이있다고인정되는자로서2027학년도대학수학능력시험에응시한자(※2027학년도대학수학능력시험한국사영역의성적을통보받은자에한함)수능(지역인재-경제배려대상자전형)2016년2월이후고등학교졸업자(2027년2월졸업예정자포함)로서학생본인이입학일부터졸업일까지충청권(충청북도, 충청남도, 대전광역시, 세종특별자치시)에소재하는고등학교에서전교육과정(3년)을이수한자로서, 다음각호중하나에해당하며, 2027학년도대학수학능력시험에응시한자(※2027학년도대학수학능력시험한국사영역의성적을통보받은자에한함)가. 「국민기초생활보장법」 제2조제1호에따른수급권자나. 「국민기초생활보장법」 제2호 || 등학교졸업자(2027년2월졸업예정자포함)로서학생본인이입학일부터졸업일까지충청권(충청북도, 충청남도, 대전광역시, 세종특별자치시)에소재하는고등학교에서전교육과정(3년)을이수한자로서, 다음각호중하나에해당하며, 2027학년도대학수학능력시험에응시한자(※2027학년도대학수학능력시험한국사영역의성적을통보받은자에한함)가. 「국민기초생활보장법」 제2조제1호에따른수급권자나. 「국민기초생활보장법」 제2호제10호에따른차상위계층다. 「한부모가족지원법」 제5조및제5조의2에따른지원대상자수능(경제배려대상자전형)고등학교졸업자(2027년2월졸업예정자포함) 또는법령에의하여이와동등이상의학력이있다고인정되는자로서다음각호중하나에해당하며, 2027학년도대학수학능력시험에응시한자(※2027학년도대학수학능력시험한국사영역의성적을통보받은자에한함)가. 「국민기초생활보장법」 제2조제 || 위계층다. 「한부모가족지원법」 제5조및제5조의2에따른지원대상자수능(경제배려대상자전형)고등학교졸업자(2027년2월졸업예정자포함) 또는법령에의하여이와동등이상의학력이있다고인정되는자로서다음각호중하나에해당하며, 2027학년도대학수학능력시험에응시한자(※2027학년도대학수학능력시험한국사영역의성적을통보받은자에한함)가. 「국민기초생활보장법」 제2조제1호에따른수급권자나. 「국민기초생활보장법」 제2호제10호에따른차상위계층다. 「한부모가족지원법」 제5조및제5조의2에따른지원대상자 수능(농어촌전형) 고등학교졸업자(2027년2월졸업예정자포함)로서다음각 호중하나에해당하며, 2027학년도대학수학능력시험에응시한자(※2027학년도대학수학능력시험한국사영역의성적을통보받은자에한함)가. 「지방자치법」 제3조에따른읍·면(농어촌) 지역또는「도서·벽지교육진흥법시행규칙」  || 자나. 「국민기초생활보장법」 제2호제10호에따른차상위계층다. 「한부모가족지원법」 제5조및제5조의2에따른지원대상자 수능(농어촌전형) 고등학교졸업자(2027년2월졸업예정자포함)로서다음각 호중하나에해당하며, 2027학년도대학수학능력시험에응시한자(※2027학년도대학수학능력시험한국사영역의성적을통보받은자에한함)가. 「지방자치법」 제3조에따른읍·면(농어촌) 지역또는「도서·벽지교육진흥법시행규칙」 제2조에따른도서·벽지지역소재중·고등학교에서전교육과정(6년)을이수하고지원자와부모모두가중학교입학시부터고등학교졸업시까지읍·면(농어촌) 지역또는도서·벽지지역에거주한자나. 「지방자치법」 제3조에따른읍·면(농어촌) 지역또는「도서·벽지교육진흥법시행규칙」 제2조에따른도서·벽지지역소재초·중·고등학교에서전교육과정(12년)을이수하고지원자본인이초등학교입학시부터고등학교졸 ||  및 누락, 주소의 불명, 연락처 오기재, 모집요강에서의 요구사항 미이행 등으로 인하여 발생하게 되는 불이익에 대하여는 지원자의 책임입니다. 4. 대학수학능력시험 성적 반영 방법가. 대학수학능력시험 반영 방법모집단위대학수학능력시험활용 지표반영영역 및 비율국어수학영어탐구한국사모든 모집단위백분위 점수30%(택1)30%40%(택2, 각20%)지원자격 ※ 탐구영역 1과목 응시자는 20% 반영 ※ 한국사 영역은 지원 자격으로 성적을 통보받은 자에 한하여 지원이 가능함나. 대학수학능력시험 성적 산출 방법 1) 산출 방법모집단위반영비율산출방법모든 모집단위100%∑{(본인 취득 백분위 점수) × 과목별 반영비율} × 5 ※ 소수점 처리 방법 : 계산과정에서는 반올림하지 않으며, 수능 성적 산출 이후 소수점 셋째 자리에서 반올림 2) 영어  || 자의 책임입니다. 4. 대학수학능력시험 성적 반영 방법가. 대학수학능력시험 반영 방법모집단위대학수학능력시험활용 지표반영영역 및 비율국어수학영어탐구한국사모든 모집단위백분위 점수30%(택1)30%40%(택2, 각20%)지원자격 ※ 탐구영역 1과목 응시자는 20% 반영 ※ 한국사 영역은 지원 자격으로 성적을 통보받은 자에 한하여 지원이 가능함나. 대학수학능력시험 성적 산출 방법 1) 산출 방법모집단위반영비율산출방법모든 모집단위100%∑{(본인 취득 백분위 점수) × 과목별 반영비율} × 5 ※ 소수점 처리 방법 : 계산과정에서는 반올림하지 않으며, 수능 성적 산출 이후 소수점 셋째 자리에서 반올림 2) 영어 영역 등급별 백분위 환산점수등급1등급2등급3등급4등급5등급6등급7등급8등급9등급환산(백분위 점수)9584.574.564.55 ||  성적 산출 이후 소수점 셋째 자리에서 반올림 2) 영어 영역 등급별 백분위 환산점수등급1등급2등급3등급4등급5등급6등급7등급8등급9등급환산(백분위 점수)9584.574.564.554.544.534.524.59.5 다. 대학수학능력시험 성적 산출 예시등급국어수학영어탐구한국사생활과 윤리윤리와 사상백분위 및 등급92753등급9294응시선택 영역√ √ √ √환산점수92×0.374.5×0.392×0.294×0.2(27.6+22.35+18.4+18.8)×5 = 435.75 || 성적 반영 비율 및 방법 1) 학년별 반영 비율반영학기모집단위학년별 반영 비율(%)1학년2학년3학년3학년 1학기까지(졸업자도 동일하게 반영)자율전공학부학년별 가중치 없음 2) 학년별 반영 교과전형구분모집단위반영교과반영과목 수비고모든 전형자율전공학부국어, 영어, 수학, 한국사, 사회, 과학 교과 중 상위 8개 과목8석차등급 활용※ 석차등급(석차, 평어 등), 이수단위 수, 이수단위 비율을 활용하여 산출 3) 산출방법- 석차등급과 이수단위 수를 활용하여 산출- 석차등급(석차, 평어 등)이 표시되는 과목에 한해 반영함- [자율전공학부]의 경우 반영과목 수가 부족한 경우 부족한 과목은 최저점수(9등급/단위1) 적용-학교생활기록부에 기재된 학교폭력 조치사항 등에 대하여 감정 등의 불이익을 부여할 수 있음(“10쪽” 참조) 4) 석차등",C:\Users\User\Desktop\업무\작업\21. 정시모집 관련\00. 소스(모집요강)\충청호남\4. 충청권\2027_가톨릭꽃동네대_정시요강.pdf
99,감신대,미반영,10,"은 사회/과학/직업탐구 영역 중 자유선택하며, 탐구 중 1영역 선택에서 1과목을 반영※ 대학수학능력시험 반영 방법 * 수학능력 성적 활용 합산 점수 공식(100점 기준) [ 국어 x 0.4 + 영어 x 0.4 + (사탐/과탐/직탐 중 선택 탐구영역) x 0.2 ] ※ 한국사 응시 필수 Ⅴ수학능력시험 성적 반영방법1수학능력시험 성적",C:\Users\User\Desktop\업무\작업\21. 정시모집 관련\00. 소스(모집요강)\서울\2027_감리교신학대_정시요강.pdf
100,건국대(글),확인 필요,,,C:\Users\User\Desktop\업무\작업\21. 정시모집 관련\00. 소스(모집요강)\충청호남\4. 충청권\2027_건국대(글)_정시요강.pdf
101,건양대,가점,"30,32,43","영어, 탐구(1과목) 중 최고 3개 영역 합◎ 의료공과계열◎ AI·SW융합대학◎ 국방산학융합원◎ 국방바이오연구원◎ 사회과학학술원250.0%50.0%50.0%50.0%사탐/과탐국어, 수학, 영어, 탐구(1과목) 중 최고 2개 영역 합· 선택과목에 따른 가산점 미적용 / 한국사는 필수 응시 과목[※ 지원 자격]· 의학과를 제외한 전 모집단위는 탐구 반영시 최고 1개 과목만 반영 가능(2과목 모두를 반영할 수 없음)2 영어 등급 변환 점수구분1등급2등급3등급4등급5등급6등급7등급8등급9등급전 모집단위1009896949290888684군사학과1009590858075706560 3 수능점수 산출 방법구분만점기준수능점수 산출 방법◎ 의학과 [일반·지역]1,000점(국어 백분위×2)+(수학 백분위×3)+(영어 변환 점수×2)+(과탐 평균 || 수가 높은 자5반영된 수능 백분위 총점이 높은 자국어 백분위 점수가 높은 자6 수학 백분위 점수가 높은 자탐구 백분위 점수가 높은 자(최고 1개)7 국어 백분위 점수가 높은 자 영어 등급이 높은 자8 탐구 백분위 점수가 높은 자(전 모집단위 최고 1개/ 의학과 평균) 한국사 등급이 높은 자9 영어 등급이 높은 자반영된 수능 표준점수 총점이 높은 자10한국사 등급이 높은 자 수학 표준점수가 높은 자11반영된 수능 표준점수 총점이 높은 자국어 표준점수가 높은 자12수학 표준점수가 높은 자탐구 표준점수가 높은 자(최고 1개)13국어 표준점수가 높은 자14탐구 표준점수가 높은 자(전 모집단위 최고 1개/ 의학과 평균)※ 수능 100% 전형방법 학과는 5순위부터 적용 || 백분위 점수가 높은 자탐구 백분위 점수가 높은 자(최고 1개)7 국어 백분위 점수가 높은 자 영어 등급이 높은 자8 탐구 백분위 점수가 높은 자(전 모집단위 최고 1개/ 의학과 평균) 한국사 등급이 높은 자9 영어 등급이 높은 자반영된 수능 표준점수 총점이 높은 자10한국사 등급이 높은 자 수학 표준점수가 높은 자11반영된 수능 표준점수 총점이 높은 자국어 표준점수가 높은 자12수학 표준점수가 높은 자탐구 표준점수가 높은 자(최고 1개)13국어 표준점수가 높은 자14탐구 표준점수가 높은 자(전 모집단위 최고 1개/ 의학과 평균)※ 수능 100% 전형방법 학과는 5순위부터 적용 ||  영어, 탐구(1과목) 중 최고 3개 영역 합ž 의료공과계열ž AI·SW융합대학ž 국방산학융합원ž 국방바이오연구원ž 사회과학학술원250.0%50.0%50.0%50.0%사탐과탐국어, 수학, 영어, 탐구(1과목) 중 최고 2개 영역 합· 선택과목에 따른 가산점 미적용 / 한국사는 필수 응시 과목[※ 지원 자격]· 의학과를 제외한 전 모집단위는 탐구 반영시 최고 1개 과목만 반영 가능(2과목 모두를 반영할 수 없음) 2 영어 등급 변환 점수구분1등급2등급3등급4등급5등급6등급7등급8등급9등급전 모집단위1009896949290888684군사학과1009590858075706560 3 수능점수 산출 방법모집단위만점기준수능점수 산출 방법 [※ 영어는 등급변환점수 반영]ž 의학과1,000점(국어 백분위×2)+(수학 백분위×3)+(영어 변환",C:\Users\User\Desktop\업무\작업\21. 정시모집 관련\00. 소스(모집요강)\충청호남\4. 충청권\2027_건양대_정시요강.pdf
102,경남대,가점,"26,27,28,37","직(33.3%)백분위상위 3개 영역 반영2. 영어 영역 백분위 환산점수모집군모집단위1등급2등급3등급4등급5등급6등급7등급8등급9등급가군군사학과1009590858075706560나・다군전 모집단위(예체능계열 포함)1009792857650301053. 기타사항모집군모집단위한국사국어・수학선택과목탐구반영과목가산점미응시 영역가군군사학과필수 응시제한 없음상위 1과목없음최소 3개 영역 응시(부족할 경우 불합격 처리함)나・다군전 모집단위(예체능계열 포함)필수 응시제한 없음상위 1과목없음0점 처리함4. 학교폭력 기재사항 필수 반영1-3호4-5호6-7호8-9호누적미반영총점의 3점 감점총점의 5점 감점총점의 20점 감점총점의 10점 감점 || 출방법 가. 성적 산출계산식수능 최저점 + (수능 최고점 - 수능 최저점) ×반영영역 백분위 합반영 영역수×100 ※ 성적 산출을 위한 계산식에는 소수점 둘째자리(셋째자리에서 반올림)까지 활용함 나. 성적 산출예시 □ 2027학년도 대학수학능력시험 성적통지표(예시)영역한국사국어수학영어탐구제2외국어/한문선택과목언어와 매체미적분생명과학Ⅰ지구과학Ⅰ백분위8480 8582등급1 3 3 3 3 3 □ 모집단위별 성적 산출결과군모집단위산출계산식 및 산출결과가군사학과0+{(700–0)×(84+90+85)/(3×100)} = 604.33나・다전 모집단위(예체능계열 제외)800+{(1,000–800)×(84+92+85)/( 3×100)}= 974.00나체육교육과360+{(600–360)×(84+92+85)/( 3×100)} = 568.80나웹 || 0)로 등급을 구한 후, 등급을 점수화하여 반영함 • 동석차는 중간석차 백분율을 반영함 • 과목석차가 없는 경우 학년(계열)석차를 반영함라. 반영과목전형모집단위반영과목 수반영교과 및 반영과목석차등급이 없는 진로선택과목모든 전형전 모집단위10과목• 국어, 수학, 영어, 한국사, 사회(역사/도덕 포함), 과학교과 중 상위 10과목• A→1등급 / B→3등급 / C→5등급• 반영교과 중 최대 2과목까지 반영 가능 ※ 반영교과는 학교생활기록부에 표기된 편제(교과군)에 따라 반영함 ※ 동일 교과 내 과목명이 같더라도 학기가 다른 경우 별도의 과목으로 반영함 ※ 반영과목 수가 부족한 경우에는 이수한 과목만 반영함 || 1명 이상이 본교 대학원 및 특수대학원 학위과정을 졸업한 동문의 자녀로 본교에 신입학한 자⦁신입학 해당학기 등록금 범위내 50만원입학준비장학(특별장학)ㆍ수능시험일 ~ 입학 전(2월 말) 기간 동안 워드프로세서, 컴퓨터활용능력(2급) 이상, 운전면허(2종 보통) 이상, 한국사능력시험(3급) 이상, GTQ/GTQi(2급) 이상, TOEIC 500점 이 상, JPT 500점 이 상, HSK 3급 이 상 을 취 득 한 자ㆍ1개 당 10만원 (최대 50만원) ㆍ신입학 해당학기에 한함 (등록금 범위 외)ㆍ신입학 해당학기 신청에 의해 선발 (신입학 후 홈페이지 장학공지 확인)군사학장학A급ㆍ수능 3개 영역(국어, 수학, 영어)의 합이 7이내인 자ㆍ4년간 등록금 전액ㆍ군사학과전형에 한함ㆍA급 : 직전학기 성적 평점평균 A 이상ㆍB·C급 : ",C:\Users\User\Desktop\업무\작업\21. 정시모집 관련\00. 소스(모집요강)\영남제주\6. 영남권\2027_경남대_정시요강.pdf
103,경성대,확인 필요,,,C:\Users\User\Desktop\업무\작업\21. 정시모집 관련\00. 소스(모집요강)\영남제주\6. 영남권\2027_경성대_정시요강.pdf
104,경운대,등급 환산,"3,22,23,24","수시이월인원성인학습자전형수시이월인원특성화고졸재직자전형수시이월인원2. 대학수학능력시험 성적반영 방법구분영역별 반영비율(%)수능성적활용지표반 영영역수탐구영역과목선택비고국어수학영어탐구전모집단위(33.3)(33.3)(33.3)(33.3)백분위31과목·영어- 등급별 점수 반영·한국사- 등 급 별 점 수 를 총 점 에 가 산·탐구영역- 상위 1과목 가. 국어, 수학, 영어, 탐구 총 4개 영역 중 성적 상위 3개 영역의 성적을 반영 나. 탐구영역은 성적(백분위)상위 1과목만 반영 다. 영어영역을 반영할 경우 절대평가 실시에 따른 등급별 점수를 반영 라. 한국사는 등급별 점수를 총점에 가산한다. 3. 학교생활기록부 반영방법 가. 학교생활기록부 영역별 반영방법 [교과성적(90%) + 출석성적(10%)] 나. 교과 및 과목 반영방법반영교과  || 급 별 점 수 를 총 점 에 가 산·탐구영역- 상위 1과목 가. 국어, 수학, 영어, 탐구 총 4개 영역 중 성적 상위 3개 영역의 성적을 반영 나. 탐구영역은 성적(백분위)상위 1과목만 반영 다. 영어영역을 반영할 경우 절대평가 실시에 따른 등급별 점수를 반영 라. 한국사는 등급별 점수를 총점에 가산한다. 3. 학교생활기록부 반영방법 가. 학교생활기록부 영역별 반영방법 [교과성적(90%) + 출석성적(10%)] 나. 교과 및 과목 반영방법반영교과 및 과목 수(총 9개 과목) 점수산출활용지표비고 (국어, 영어, 수학) 교과에서 상위 6과목 선택 ※ 진로선택 상위 3과목을 포함할 수 있음 (사회, 과학, 한국사) 교과에서 상위 3과목 선택 ※ 진로선택 상위 2과목을 포함할 수 있음석차등급성 취 도(진로선택과목) 전학년※ 학년, ||  학교생활기록부 영역별 반영방법 [교과성적(90%) + 출석성적(10%)] 나. 교과 및 과목 반영방법반영교과 및 과목 수(총 9개 과목) 점수산출활용지표비고 (국어, 영어, 수학) 교과에서 상위 6과목 선택 ※ 진로선택 상위 3과목을 포함할 수 있음 (사회, 과학, 한국사) 교과에서 상위 3과목 선택 ※ 진로선택 상위 2과목을 포함할 수 있음석차등급성 취 도(진로선택과목) 전학년※ 학년, 학기 구분없음※ 진로선택(전문교과 포함)과목은 성취도를 반영함(A : 1등급, B : 3등급, C : 5등급)※ 해당교과 성적이 없을 경우 9등급을 반영하며, 명확하지 않을 경우 우리 대학교 대학입학전형관리위원회의 결정에 따름 등급1등급2등급3등급4등급5등급6등급7등급8등급9등급반영점수100점96점89점77점60점40점23점11점7점등급1 || 형(정원외)특성화고등을졸업한재직자전형(정원외) 2. 대학수학능력시험 성적반영 방법구분영역별 반영비율(%)수능성적활용지표반 영영역수탐구영역과목선택비고국어수학영어탐구전모집단위(33.3)(33.3)(33.3)(33.3)백분위31과목·영어는 등급별 환산점수를 영역점수로 사용·한국사- 등 급 별 점 수 를 총 점 에 가 산 한 다·탐구영역- 1과목 상위성적 가. 국어, 수학, 영어, 탐구 총 4개 영역 중 성적 상위 3개 영역의 성적을 반영 전형수능 반영점수산출식일반1전형600점(반영 3개 영역 점수 합) × 2일반2전형, 정원외전형180점(반영 3개 영역 점수 합) × 0.6 나. 탐구영역은 성적(백분위) 상위 1과목만 반영 다. 영어영역을 반영할 경우 절대평가 실시에 따른 등급별 점수를 반영 라. 한국사는 등급별 점수를 총점에 가 || 영 전형수능 반영점수산출식일반1전형600점(반영 3개 영역 점수 합) × 2일반2전형, 정원외전형180점(반영 3개 영역 점수 합) × 0.6 나. 탐구영역은 성적(백분위) 상위 1과목만 반영 다. 영어영역을 반영할 경우 절대평가 실시에 따른 등급별 점수를 반영 라. 한국사는 등급별 점수를 총점에 가산한다. 등급1등급2등급3등급4등급5등급6등급7등급8등급9등급반영점수100점96점89점77점60점40점23점11점7점등급1등급2등급3등급4등급5등급6등급7등급8등급9등급반영점수3점 2점1점0점 || - -10일11일12일이상일반2정원외42점41.3점40.6점39.9점- - -35점34.3점33.6점 반영교과 및 과목 수(총 9개 과목) 점수산출활용지표비고 (국어, 영어, 수학) 교과에서 상위 6과목 선택 ※ 진로선택 상위 3과목을 포함할 수 있음 (사회, 과학, 한국사) 교과에서 상위 3과목 선택 ※ 진로선택 상위 2과목을 포함할 수 있음석차등급성 취 도전학년 ※ 학년, 학기 구분없음 등급의 합교과 성적성 적 산 출 예 시9378점 ◎ 지원자의 성적배점 1. (국어, 영어, 수학) 반영교과 석차등급성적 (6과목) 2. (사회, 과학, 한국사) 반영교과 석차등급성적 (3과목) ※ 산출예시 국어, 영어, 수학 반영교과 6과목의 석차등급 성적이 2등급, 3등급, 1등급, 4등급, 1등급, 2등급이고, 사회, 과학, 한국사 반 || 교과에서 상위 3과목 선택 ※ 진로선택 상위 2과목을 포함할 수 있음석차등급성 취 도전학년 ※ 학년, 학기 구분없음 등급의 합교과 성적성 적 산 출 예 시9378점 ◎ 지원자의 성적배점 1. (국어, 영어, 수학) 반영교과 석차등급성적 (6과목) 2. (사회, 과학, 한국사) 반영교과 석차등급성적 (3과목) ※ 산출예시 국어, 영어, 수학 반영교과 6과목의 석차등급 성적이 2등급, 3등급, 1등급, 4등급, 1등급, 2등급이고, 사회, 과학, 한국사 반영교과 3과목의 석차등급 성적이 2등급, 3등급, 3등급일 경우 (2+3+1+4+1+2) + (2+3+3) 13 + 8 = 21(전체 교과 석차성적 등급의 합)산출표에 의해 예시된 지원자의 학교생활기록부 교과 성적산출 점수는 352.8점임 10375.9점11373.8점-- ※  || 적배점 1. (국어, 영어, 수학) 반영교과 석차등급성적 (6과목) 2. (사회, 과학, 한국사) 반영교과 석차등급성적 (3과목) ※ 산출예시 국어, 영어, 수학 반영교과 6과목의 석차등급 성적이 2등급, 3등급, 1등급, 4등급, 1등급, 2등급이고, 사회, 과학, 한국사 반영교과 3과목의 석차등급 성적이 2등급, 3등급, 3등급일 경우 (2+3+1+4+1+2) + (2+3+3) 13 + 8 = 21(전체 교과 석차성적 등급의 합)산출표에 의해 예시된 지원자의 학교생활기록부 교과 성적산출 점수는 352.8점임 10375.9점11373.8점-- ※ 교과 성적 산출식 378 - 【(등급의합-9)×2.1】-- 79231.0점80228.9점81226.8점",C:\Users\User\Desktop\업무\작업\21. 정시모집 관련\00. 소스(모집요강)\영남제주\6. 영남권\2027_경운대_정시요강.pdf
105,경일대,가점,27,"(33.3)(33.3)(33.3)400점상위 1과목가군간호학과백분위425252525 ▸수능위주(일반전형, 특성화고교졸업자전형, 농어촌학생전형, 기회균형선발전형) 360점 만점 ▸실기/실적(실기전형) 400점 만점✼ 수능 영역별 가산점영역가산점영역 가산점탐구과학탐구 5%한국사한국사 등급별 점수를 총점에 가산점 부여등급1등급2등급3등급4등급5등급6등급7등급8등급9등급점수10점9점8점7점6점5점✼ 영어 등급별 점수등급1등급2등급3등급4등급5등급6등급7등급8등급9등급반영점수100점95점90점86점82점78점75점72점69점《 수능 성적 산출예시 》■ 인문계열 학생이 지원했을 경우국어수학영어탐구(상위 1과목)한국사백분위백분위등급유형백분위등급64623사회713<계산결과>모집단위수능 영역별 반영점수반영성적국어수학영어탐구한국사전 모 집 단 || .3)(33.3)(33.3)400점상위 1과목가군간호학과백분위425252525 ▸수능위주(일반전형, 특성화고교졸업자전형, 농어촌학생전형, 기회균형선발전형) 360점 만점 ▸실기/실적(실기전형) 400점 만점✼ 수능 영역별 가산점영역가산점영역 가산점탐구과학탐구 5%한국사한국사 등급별 점수를 총점에 가산점 부여등급1등급2등급3등급4등급5등급6등급7등급8등급9등급점수10점9점8점7점6점5점✼ 영어 등급별 점수등급1등급2등급3등급4등급5등급6등급7등급8등급9등급반영점수100점95점90점86점82점78점75점72점69점《 수능 성적 산출예시 》■ 인문계열 학생이 지원했을 경우국어수학영어탐구(상위 1과목)한국사백분위백분위등급유형백분위등급64623사회713<계산결과>모집단위수능 영역별 반영점수반영성적국어수학영어탐구한국사전 모 집 단 위( || 5등급6등급7등급8등급9등급점수10점9점8점7점6점5점✼ 영어 등급별 점수등급1등급2등급3등급4등급5등급6등급7등급8등급9등급반영점수100점95점90점86점82점78점75점72점69점《 수능 성적 산출예시 》■ 인문계열 학생이 지원했을 경우국어수학영어탐구(상위 1과목)한국사백분위백분위등급유형백분위등급64623사회713<계산결과>모집단위수능 영역별 반영점수반영성적국어수학영어탐구한국사전 모 집 단 위(아래 제외)85.324882.6584119.988094.657210309.97간호학과64.0062.0090.0071.0010297.00<계산과정>[3개 영역 반영 모집단위 지원 시]• 국어 = 64 × 0.3333 × 4 = 85.3248• 수학 = 62 × 0.3333 × 4 = 82.6584• 영어 = 90 × 0.3333 ×  || 7등급8등급9등급반영점수100점95점90점86점82점78점75점72점69점《 수능 성적 산출예시 》■ 인문계열 학생이 지원했을 경우국어수학영어탐구(상위 1과목)한국사백분위백분위등급유형백분위등급64623사회713<계산결과>모집단위수능 영역별 반영점수반영성적국어수학영어탐구한국사전 모 집 단 위(아래 제외)85.324882.6584119.988094.657210309.97간호학과64.0062.0090.0071.0010297.00<계산과정>[3개 영역 반영 모집단위 지원 시]• 국어 = 64 × 0.3333 × 4 = 85.3248• 수학 = 62 × 0.3333 × 4 = 82.6584• 영어 = 90 × 0.3333 × 4 = 119.9880 [3등급 ⇒ 90]• 탐구 = 71 × 0.3333 × 4 = 94.6572• 한국사  || 단위 지원 시]• 국어 = 64 × 0.3333 × 4 = 85.3248• 수학 = 62 × 0.3333 × 4 = 82.6584• 영어 = 90 × 0.3333 × 4 = 119.9880 [3등급 ⇒ 90]• 탐구 = 71 × 0.3333 × 4 = 94.6572• 한국사 = 3등급 ⇒ 10• 반영성적 = 119.9880 + 94.6572 + 85.3248 + 10 = 309.97• 환산점수(360점) = 309.97 × 0.9 = 278.97[4개 영역 반영 모집단위 지원 시]• 국어 = 64 × 0.25 × 4 = 64.00• 수학 = 62 × 0.25 × 4 = 62.00• 영어 = 90 × 0.25 × 4 = 90.00 [3등급 ⇒ 90]• 탐구 = 71 × 0.25 × 4 = 71.00• 한국사 = 3등급 ⇒ 10",C:\Users\User\Desktop\업무\작업\21. 정시모집 관련\00. 소스(모집요강)\영남제주\6. 영남권\2027_경일대_정시요강.pdf
106,계명대,가점,"10,12,14,15"," 정시모집으로 이월된 모집인원(기독교학과, 철학과, 음악공연예술대학, 사진영상미디어과 등) 수능 100% ※ 해당 모집단위별 세부 모집인원은 pp.6~8 참조▢ 수능 영역별 반영비율(백분위 성적 반영) 계열, 모집단위영역별 반영비율지정 응시 및 가산점국어수학영어1)탐구한국사2)미적분 또는 기하확률과통계사회과학직업과목수인문사회계열, 패션마케팅학과, 실 버 스 포 츠 복 지 학 과, 스 포 츠 마 케 팅 학 과25%25%25%25%2개과목평균 반영가산점부여(필수응시) -자연공학계열의예과, 약학부25%30%-20%-25%- 수학 미적분 또는 기하, 과탐 2개 과목 필수의예과, 약학부를 제외한 전 학과25%25%25%25%과탐 5%자율전공부25%25%25%25%과탐 5%예체능계열(패션마케팅학과, 실 버 스 포 츠 복 지 학 과, 스 || 5%과탐 5%자율전공부25%25%25%25%과탐 5%예체능계열(패션마케팅학과, 실 버 스 포 츠 복 지 학 과, 스 포 츠 마 케 팅 학 과 제 외) 40%(택 1)30%30%- ※ 수능성적은 영역별 백분위 점수를 반영함(영어영역은 우리 대학교 자체 백분위 점수적용, 한국사는 가산점 부여) ※ 영어 등급별 반영점수와 한국사 가산점 배점 기준은 ‘Ⅵ. 대학수학능력시험 성적반영방법(p.29)’ 참조▢ 동점자 처리기준: 수능 영역별 반영비율에 따라 가산비율, 가산점을 적용한 수능 영역별 백분위 성적 순으로 선발함계열, 모집단위1순위2순위3순위4순위5순위6순위인문사회계열국어영역영어영역수학영역탐구영역한국사 등급-자연공학계열,자율전공부수학영역영어영역국어영역탐구영역한국사 등급-예체능계열국어 또는 수학영역영어영역탐구영역한국사 등급- -의예 || %예체능계열(패션마케팅학과, 실 버 스 포 츠 복 지 학 과, 스 포 츠 마 케 팅 학 과 제 외) 40%(택 1)30%30%- ※ 수능성적은 영역별 백분위 점수를 반영함(영어영역은 우리 대학교 자체 백분위 점수적용, 한국사는 가산점 부여) ※ 영어 등급별 반영점수와 한국사 가산점 배점 기준은 ‘Ⅵ. 대학수학능력시험 성적반영방법(p.29)’ 참조▢ 동점자 처리기준: 수능 영역별 반영비율에 따라 가산비율, 가산점을 적용한 수능 영역별 백분위 성적 순으로 선발함계열, 모집단위1순위2순위3순위4순위5순위6순위인문사회계열국어영역영어영역수학영역탐구영역한국사 등급-자연공학계열,자율전공부수학영역영어영역국어영역탐구영역한국사 등급-예체능계열국어 또는 수학영역영어영역탐구영역한국사 등급- -의예과, 약학부수학영역영어영역탐구영역탐구영역 상위 1개 || 점 배점 기준은 ‘Ⅵ. 대학수학능력시험 성적반영방법(p.29)’ 참조▢ 동점자 처리기준: 수능 영역별 반영비율에 따라 가산비율, 가산점을 적용한 수능 영역별 백분위 성적 순으로 선발함계열, 모집단위1순위2순위3순위4순위5순위6순위인문사회계열국어영역영어영역수학영역탐구영역한국사 등급-자연공학계열,자율전공부수학영역영어영역국어영역탐구영역한국사 등급-예체능계열국어 또는 수학영역영어영역탐구영역한국사 등급- -의예과, 약학부수학영역영어영역탐구영역탐구영역 상위 1개 과목국어영역한국사 등급 ※ 의예과, 약학부의 경우 상위 동점자 처리기준 적용 후 동점자 발생 시 표준점수의 합(국어, 수학, 탐구 2개 과목 평균)> 수학 표준점수 > 탐구 표준점수(2개 과목 평균) > 탐구 상위 1개 과목의 표준점수 > 국어 표준점수 성적 순으로 선발 ※ 동 ||  참조▢ 동점자 처리기준: 수능 영역별 반영비율에 따라 가산비율, 가산점을 적용한 수능 영역별 백분위 성적 순으로 선발함계열, 모집단위1순위2순위3순위4순위5순위6순위인문사회계열국어영역영어영역수학영역탐구영역한국사 등급-자연공학계열,자율전공부수학영역영어영역국어영역탐구영역한국사 등급-예체능계열국어 또는 수학영역영어영역탐구영역한국사 등급- -의예과, 약학부수학영역영어영역탐구영역탐구영역 상위 1개 과목국어영역한국사 등급 ※ 의예과, 약학부의 경우 상위 동점자 처리기준 적용 후 동점자 발생 시 표준점수의 합(국어, 수학, 탐구 2개 과목 평균)> 수학 표준점수 > 탐구 표준점수(2개 과목 평균) > 탐구 상위 1개 과목의 표준점수 > 국어 표준점수 성적 순으로 선발 ※ 동점자 처리 기준 적용 후에도 동점자가 발생하는 경우 동순위로 하 || 12 ▢ 수능 영역별 반영비율(백분위 성적 반영) 계열, 모집단위영역별 반영비율지정 응시 및 가산점국어수학영어1)탐구한국사2)미적분또는 기하확률과통계사회과학직업과목수인문사회계열, 패션마케팅학과, 실 버 스 포 츠 복 지 학 과, 스 포 츠 마 케 팅 학 과25%25%25%25%2개과목평균 반영가산점부여(필수응시) -자연공학계열의예과, 약학부25%30%-20%-25%- 수학 미적분 또는 기하, 과탐 2개 과목 필수의예과, 약학부를 제외한 전 학과25%25%25%25%과탐 5%자율전공부25%25%25%25%과탐 5%예체능계열(패션마케팅학과, 실 버 스 포 츠 복 지 학 과, 스  || 5%과탐 5%자율전공부25%25%25%25%과탐 5%예체능계열(패션마케팅학과, 실 버 스 포 츠 복 지 학 과, 스 포 츠 마 케 팅 학 과 제 외) 40%(택 1)30%30%- ※ 수능성적은 영역별 백분위 점수를 반영함(영어영역은 우리 대학교 자체 백분위 점수적용, 한국사는 가산점 부여) ※ 영어 등급별 반영점수와 한국사 가산점 배점 기준은 ‘Ⅵ. 대학수학능력시험 성적반영방법(p.29)’ 참조▢ 동점자 처리기준: 수능 영역별 반영비율에 따라 가산비율, 가산점을 적용한 수능 영역별 백분위 성적 순으로 선발함계열, 모집단위1순위2순위3순위4순위5순위6순위인문사회계열국어영역영어영역수학영역탐구영역한국사 등급-자연공학계열(의예과, 약학부 제외)수학영역영어영역국어영역탐구영역한국사 등급-자율전공부수학영역영어영역국어영역탐구영역한국사 등급 || %예체능계열(패션마케팅학과, 실 버 스 포 츠 복 지 학 과, 스 포 츠 마 케 팅 학 과 제 외) 40%(택 1)30%30%- ※ 수능성적은 영역별 백분위 점수를 반영함(영어영역은 우리 대학교 자체 백분위 점수적용, 한국사는 가산점 부여) ※ 영어 등급별 반영점수와 한국사 가산점 배점 기준은 ‘Ⅵ. 대학수학능력시험 성적반영방법(p.29)’ 참조▢ 동점자 처리기준: 수능 영역별 반영비율에 따라 가산비율, 가산점을 적용한 수능 영역별 백분위 성적 순으로 선발함계열, 모집단위1순위2순위3순위4순위5순위6순위인문사회계열국어영역영어영역수학영역탐구영역한국사 등급-자연공학계열(의예과, 약학부 제외)수학영역영어영역국어영역탐구영역한국사 등급-자율전공부수학영역영어영역국어영역탐구영역한국사 등급-예체능계열국어 또는 수학 영역영어영역탐구영역한국사",C:\Users\User\Desktop\업무\작업\21. 정시모집 관련\00. 소스(모집요강)\영남제주\6. 영남권\2027_계명대_정시요강.pdf
107,고신대,가점,"7,10,26,27","27년 3월 1일 기준)만 지원가능 다. 전형요소 반영비율모집단위수능성적학생부 교과성적기타* 합계신학과54 36 10 100그 외 전 모집단위60 40 - (단위: %) ※ 기타 : 신학과 - 교리문답 라. 수능성적 반영방법 모집단위활용지표반영 비율(%)국어수학영어탐구한국사화법과작문언어와매체확률과통계미적분기하사회과학직업전 모집단위표준점수 +등급환산점(영어) 25252525(1과목) 응시필수 ※ 영어영역 등급별 환산점수표등급1 2 3 4 5 6 7 8 9점수135133129123115109105103100 ||  학습교인 또는 이에 준하는 자 다. 전형요소 반영비율모집단위수능성적기타* 합계전 모집단위100- 100기독교교육과, 유아교육과90 10 (단위: %) ※ 기타 : 기독교교육과, 유아교육과 ­ 인적성평가 라. 수능성적 반영방법모집단위활용지표반영 비율(%)국어수학영어탐구한국사화법과작문언어와매체확률과통계미적분기하사회과학직업전 모집단위(의예과, 간호학과 제외)표준점수 +등급환산점(영어) 25252525(1과목) 응시필수간호학과 25(1과목) -의예과20- 3030-20(2과목)-※ 의예과: 수학 미적분 또는 기하, 과학탐구 응시 필수, 과탐 동일과목 Ⅰ,Ⅱ 선택불가※ 간호학과: 수학 미적분 또는 기하 선택시 수학 취득점수의 10% 가산점 부여 ※ 영어영역 등급별 환산점수표등급12 34 56 789점수13513312912311510 || 적분/기하 및 과학탐구 2개 필수 응시 간호학과25252525-수학(미적분, 기하) 선택 시 수학 취득 점수의 10% 가산의예과20-3030-20- ※ 영어영역 등급별 환산점수표등급1 2 3 4 5 6 7 8 9점수135133129123115109105103100 ※ 한국사는 필수 응시(성적은 반영하지 않음) 2) 가산점 부여 가) 가산점 적용학과: 간호학과 나) 가산점 비율: 수학 미적분 또는 기하 선택 시 수학 본인 취득점수의 10% 가산 3) 수능 영역 반영 기준 가) 전 모집단위(의예과 제외): 수학 영역 응시 구분 없음 나) 의예과: 수학 미적분 또는 기하 응시 및 반영 필수, 과학탐구 2개 응시 및 반영 필수 다) 간호학과: 탐구영역 중 직업탐구 제외 || 중 공통 및 일반선택 5개, 진로선택 3개 과목 반영 ※ 진로선택 과목 성취도평가 환산등급성취도평가ABC환산등급135 ※ 등급이 같은 경우 이수단위가 높은 과목을 반영 ※ 진로선택과목이 기준보다 적을 경우 모자라는 개수만큼 공통 및 일반 선택과목에서 가져와서 반영 ※ 한국사 교과는 반영하지 않음 3) 교과성적 반영방법 가) 학교생활기록부: 석차등급, 성취도(진로선택), 이수단위 나) 석차등급이 없는 경우 - 과목석차는 백분율로 환산하여 아래 석차등급표에 적용, 위 교과목 선택방법에 따라 반영 - 학년석차, 계열석차, 반 석차는 백분율(1,2학기 평균)로 환산하여 아래 석차등급표에 적용 (단, 석차 반영방법은 학년석차, 계열석차, 반 석차 순)",C:\Users\User\Desktop\업무\작업\21. 정시모집 관련\00. 소스(모집요강)\영남제주\6. 영남권\2027_고신대_정시요강.pdf
108,광주대,가점,"2,7,8,9"," - 수능(일반학생) : 수능 70% + 학생부 30% - 수능(수급자·차상위) : 수능 70% + 학생부 30% [전년도와 동일] 공통 학교생활기록부 ▶ 반영비율 100% - 1학년, 2학년, 3학년1학기▶ 반영교과 총 4개 교과 - 국어, 영어, 수학, 사회+과학+한국사▶ 반영과목 수 - 반영교과별 등급 우수한 4과목씩 총 16과목 (교과별 이수 과목이 4과목 미만일 경우, 이수한 과목만으로 평균등급을 산출)▶ 이수단위 가산점 - 반영과목 이수단위 합 70 이상일 경우 가산점▶ 진로선택과목 : 미반영 (이수단위 가산점 계산 및 동점자 처리기준에서만 사용함) ▶ 반영비율: [전년도와 동일]▶ 반영교과: [전년도와 동일]▶ 반영과목 수 - 반영교과별 등급 우수한 4과목씩 총 16과목 (교과별 이수 과목이 4과목 미만일 경우, || 0 이내에 등기우편이나 직접 방문하여 제출하여야 함.4. 전형별 선발 원칙 ‧ 모집단위별로 전형별 지원자 중에서 취득점수 순으로 선발함 ‧ 취득점수가 동점일 경우 아래의 기준에 따라 처리함 ● 일반학생, 수급자·차상위 전형1순위수능 성적 우수자 [영어→국어→수학→탐구→한국사 순서로 적용]2순위학생부 성적 우수자 [평균석차등급→이수단위 합→출결점수→반영과목 수 순서로 적용]● [전형기간 자율화] 성인학습자, 성인학습자(정원외) 전형1순위학생부 성적 우수자 [평균석차등급→이수단위 합→출결점수→반영과목 수 순서로 적용]2순위반영 교과별 산출 등급 상위자 [국어-영어-수학-사회/과학/한국사 순] ‧ 상기 사항에도 불구하고 동점자 발생 시, 순위는 입학관리위원회의 결정에 따름 ‧ 동점자 발생으로 모집인원 초과 시 정시모집에서 해당 인 || 평균석차등급→이수단위 합→출결점수→반영과목 수 순서로 적용]● [전형기간 자율화] 성인학습자, 성인학습자(정원외) 전형1순위학생부 성적 우수자 [평균석차등급→이수단위 합→출결점수→반영과목 수 순서로 적용]2순위반영 교과별 산출 등급 상위자 [국어-영어-수학-사회/과학/한국사 순] ‧ 상기 사항에도 불구하고 동점자 발생 시, 순위는 입학관리위원회의 결정에 따름 ‧ 동점자 발생으로 모집인원 초과 시 정시모집에서 해당 인원만큼 감축 모집함 ‧ 입학전형 성적은 공개하지 않고, 모집요강에 명시되지 아니한 사항은 본교에서 별도로 정한 입학사정 원칙에 따라 처리함 || GWANGJU UNIVERSITY 카카오플러스친구@광주대학교입학상담7 Ⅵ. 대학수학능력시험 성적 반영방법 구 분 내 용공통사항 • 수능 반영영역 중 응시하지 않은 영역은 0점 처리됩니다. 대학수학능력시험 성적 반영비율 활용지표반영영역국어수학 영어한국사탐구영역사회/과학/직업(1과목)백분위30%30%25%5%10% * 영어 / 한국사 점수 반영방법 등급123456789반영점수1009590858075706560 대학수학능력시험성적 산출방법 수능성적총점 = [수능 영역별 취득 백분위 x 반영비율]의 합 [(국어 백분위 x 0.3) + (수학 백분위 x 0.3) + (영어 반영점수 x 0.25) + (한국사 반영점수 x 0.05) + (탐구영역 백분위 x 0.1)] 대학수학능력시험반영점수 산출예시 수능 성적 예 || 교입학상담7 Ⅵ. 대학수학능력시험 성적 반영방법 구 분 내 용공통사항 • 수능 반영영역 중 응시하지 않은 영역은 0점 처리됩니다. 대학수학능력시험 성적 반영비율 활용지표반영영역국어수학 영어한국사탐구영역사회/과학/직업(1과목)백분위30%30%25%5%10% * 영어 / 한국사 점수 반영방법 등급123456789반영점수1009590858075706560 대학수학능력시험성적 산출방법 수능성적총점 = [수능 영역별 취득 백분위 x 반영비율]의 합 [(국어 백분위 x 0.3) + (수학 백분위 x 0.3) + (영어 반영점수 x 0.25) + (한국사 반영점수 x 0.05) + (탐구영역 백분위 x 0.1)] 대학수학능력시험반영점수 산출예시 수능 성적 예시 모집단위국어수학영어한국사탐구영역전 모집단위92893등급2등급90 [(92 x  ||  점수 반영방법 등급123456789반영점수1009590858075706560 대학수학능력시험성적 산출방법 수능성적총점 = [수능 영역별 취득 백분위 x 반영비율]의 합 [(국어 백분위 x 0.3) + (수학 백분위 x 0.3) + (영어 반영점수 x 0.25) + (한국사 반영점수 x 0.05) + (탐구영역 백분위 x 0.1)] 대학수학능력시험반영점수 산출예시 수능 성적 예시 모집단위국어수학영어한국사탐구영역전 모집단위92893등급2등급90 [(92 x 0.3) + (89 x 0.3) + (90 x 0.25) + (95 x 0.05) + (90 x 0.1)] = 27.60 + 26.70 + 22.50 + 4.75 + 9.00 = 90.55 (산출 백분위 점수) → 취득점수: 90.55 (산출 백분위 점수) x 7 = 633 || 역별 취득 백분위 x 반영비율]의 합 [(국어 백분위 x 0.3) + (수학 백분위 x 0.3) + (영어 반영점수 x 0.25) + (한국사 반영점수 x 0.05) + (탐구영역 백분위 x 0.1)] 대학수학능력시험반영점수 산출예시 수능 성적 예시 모집단위국어수학영어한국사탐구영역전 모집단위92893등급2등급90 [(92 x 0.3) + (89 x 0.3) + (90 x 0.25) + (95 x 0.05) + (90 x 0.1)] = 27.60 + 26.70 + 22.50 + 4.75 + 9.00 = 90.55 (산출 백분위 점수) → 취득점수: 90.55 (산출 백분위 점수) x 7 = 633.85 || 카카오플러스친구@광주대학교입학상담8 Ⅶ. 학교생활기록부 반영방법 1. 학교생활기록부 반영 방법 가. 교과 성적 반영 방법 학년별 반영 비율반영 교과반영과목 수 활용 지표1학년2학년3학년 1학기①국어 ②영어 ③수학④사회+과학+한국사총 4개 교과교과별 등급이 우수한 4과목씩 반영4개 교과 x 4과목 = 16과목 반영(이수단위 반영 없이 등급 평균 산출)석차 등급100% 나. 교과성적 산출등급 반영 방법 1) 학생부 과목별 석차등급이 있는 자(2008년 2월 이후 졸업자 ~ 2027년 2월 졸업예정자) - 반영과목 석차등급의 합 ÷ 반영과목 수 - 공통 및 일반선택 과목은 등급 반영. 진로선택과목은 미반영 - 교과별로 이수 과목이 부족할 경우(4과목 미만) 부족한 과목은 9등급으로 처리",C:\Users\User\Desktop\업무\작업\21. 정시모집 관련\00. 소스(모집요강)\충청호남\5. 호남권\2027_광주대_정시요강.pdf
109,광주여대,가점,"2,9,11,12,13","0% - 학생부위주(성인학습자전형) (학생부 100%)우 리 대 학지 원 횟 수 ◾ 정시: 2회 (가군, 나군 각 1회 지원 가능) ◾ 정시: 2회 (가군, 나군 각 1회 지원 가능) 학 생 부 반 영 영 역 - 공통과목, 일반선택 이수과목 중 국, 영, 수, 사회, 한국사, 과학 과목만 반영 - 이수단위(80), 진로선택과목: 가산점 부여 - 공통과목, 일반선택 이수과목 중 국, 영, 수, 사회, 한국사, 과학 과목만 반영 - 이수단위(70), 진로선택과목: 가산점 부여수 능 성 적반 영 영 역 ◾필 수: 국어, 수학, 영어 ◾선 택: 탐구영역(사/과/직) 중 택 1 ◾가산점: 한국사 ◾필 수: 국어, 수학, 영어 ◾선 택: 탐구영역(사/과/직) 중 택 1 ◾가산점: 한국사 선 발 방 법 ◾정원 내: 통합선발(단, 자유전공 ||  정시: 2회 (가군, 나군 각 1회 지원 가능) 학 생 부 반 영 영 역 - 공통과목, 일반선택 이수과목 중 국, 영, 수, 사회, 한국사, 과학 과목만 반영 - 이수단위(80), 진로선택과목: 가산점 부여 - 공통과목, 일반선택 이수과목 중 국, 영, 수, 사회, 한국사, 과학 과목만 반영 - 이수단위(70), 진로선택과목: 가산점 부여수 능 성 적반 영 영 역 ◾필 수: 국어, 수학, 영어 ◾선 택: 탐구영역(사/과/직) 중 택 1 ◾가산점: 한국사 ◾필 수: 국어, 수학, 영어 ◾선 택: 탐구영역(사/과/직) 중 택 1 ◾가산점: 한국사 선 발 방 법 ◾정원 내: 통합선발(단, 자유전공학부, 글로벌융합학부, 사범/보건계열, 반려동물보건학과, AI미디어콘텐츠학과는 학과별 선발) ◾정원 외: 학과별 선발 ◾정원 내: 통합 || 로선택과목: 가산점 부여 - 공통과목, 일반선택 이수과목 중 국, 영, 수, 사회, 한국사, 과학 과목만 반영 - 이수단위(70), 진로선택과목: 가산점 부여수 능 성 적반 영 영 역 ◾필 수: 국어, 수학, 영어 ◾선 택: 탐구영역(사/과/직) 중 택 1 ◾가산점: 한국사 ◾필 수: 국어, 수학, 영어 ◾선 택: 탐구영역(사/과/직) 중 택 1 ◾가산점: 한국사 선 발 방 법 ◾정원 내: 통합선발(단, 자유전공학부, 글로벌융합학부, 사범/보건계열, 반려동물보건학과, AI미디어콘텐츠학과는 학과별 선발) ◾정원 외: 학과별 선발 ◾정원 내: 통합선발(단, 자유전공학부, 글로벌융합학부, 사범/보건계열, 반려동물보건학과, AI미디어콘텐츠학과는 학과별 선발) ◾정원 외: 통합선발 (단, AI미디어콘텐츠학과, 유아교육과, 간호학과,  ||  과학 과목만 반영 - 이수단위(70), 진로선택과목: 가산점 부여수 능 성 적반 영 영 역 ◾필 수: 국어, 수학, 영어 ◾선 택: 탐구영역(사/과/직) 중 택 1 ◾가산점: 한국사 ◾필 수: 국어, 수학, 영어 ◾선 택: 탐구영역(사/과/직) 중 택 1 ◾가산점: 한국사 선 발 방 법 ◾정원 내: 통합선발(단, 자유전공학부, 글로벌융합학부, 사범/보건계열, 반려동물보건학과, AI미디어콘텐츠학과는 학과별 선발) ◾정원 외: 학과별 선발 ◾정원 내: 통합선발(단, 자유전공학부, 글로벌융합학부, 사범/보건계열, 반려동물보건학과, AI미디어콘텐츠학과는 학과별 선발) ◾정원 외: 통합선발 (단, AI미디어콘텐츠학과, 유아교육과, 간호학과, 물리치료학과는 학과별 선발)합 격 자 발 표◾ 2026. 1. 16.(금) / 가군, 나군  || 2조 10호에 따른 차상위계층 - 『한부모가족지원법』제5조 및 제5조의2에 따른 지원대상자 전형방법◾ 대학수학능력시험성적 71.4% + 학생부(성적+출결) 28.6% - 대학수학능력시험 반영과목반영점수비고국어, 영어, 수학 (필수)+ 탐구(사/과/직) 중 1과목600점한국사 가산점 - 학생부 교과 성적비교과 (출결) 학생부 총점270 ~ 23030 ~ 22300점 ▸ 대학수학능력시험+학생부 : 900점 (100%) 선발원칙◾ 모집단위별 지원자 중 입학전형 성적순으로 선발◾ 동점자 처리방법 입시총점 [수능성적+학생부교과(성적+출결)]이 동점일 경우 - 1순위: 수능성적 산출방법에 의한 평균등급 상위자 (소수점 둘째자리까지 반영하며, 셋째자리 이하 버림) - 2순위: 수능성적 국어 등급 상위자 - 3순위: 수능성적 수학 등급 상 || 년(1학년~3학년) 비 고 고등학교 졸업(예정)자 100% 3학년 2학기까지 반영 다. 교과 성적 반영 과목 및 가산점 1) 반영과목 구 분 보통교과(기초영역, 탐구영역)공통과목, 일반선택 과목진로선택과목반영과목 활용지표반영과목 활용지표전 모집단위국어, 수학, 영어, 한국사, 사회, 과학 이수과목 전체석차등급,이수단위이수과목성취도이수단위 ★ 이수 과목 중 해당 교과(군)의 공통과목, 일반선택 과목 중 석차등급이 표기된 과목만 반영 ★ 산출식: ∑(반영과목 석차등급 × 이수단위)÷반영과목 이수단위의 합 2) 가산점 ★ 가산점을 포함한 총점은 학생부 성적 만점을 초과할 수 없음 가) 기초, 탐구 영역 과목의 이수단위 합계가 70 이상일 경우 5점 부여 나) 진로선택 과목 중 상위 3과목의 성취도에 따라 평균 점수 부여(최대 3점 || -10- 라. 학교생활기록부 교과 성적 산출 및 반영방법(전 모집단위) 구 분 산 출 방 법2022년 이후 졸업(예정)자 - 보통교과 국어, 수학, 영어, 한국사, 사회, 과학교과(군) 중 석차등급이 산출되는 전 과목 반영2021년 ~ 2008년 2월 졸업자 - 국어, 수학, 영어, 사회(한국사 포함), 과학교과(군) 중 석차등급이 산출되는 과목 반영2007년 2월 이전 졸업자 - 과목석차등급 또는 학기별 계열석차 백분율에 따른 등급별 점수 반영검정고시 합격자 - 고졸 검정고시 취득 평균 점수에 의한 등급별 점수 반영외국 고교 이수자 - 이수학기(학년) 전체 평균 점수에 의한 등급별 점수 반영 ◾ 학교생활기록부 반 || 기록부 교과 성적 산출 및 반영방법(전 모집단위) 구 분 산 출 방 법2022년 이후 졸업(예정)자 - 보통교과 국어, 수학, 영어, 한국사, 사회, 과학교과(군) 중 석차등급이 산출되는 전 과목 반영2021년 ~ 2008년 2월 졸업자 - 국어, 수학, 영어, 사회(한국사 포함), 과학교과(군) 중 석차등급이 산출되는 과목 반영2007년 2월 이전 졸업자 - 과목석차등급 또는 학기별 계열석차 백분율에 따른 등급별 점수 반영검정고시 합격자 - 고졸 검정고시 취득 평균 점수에 의한 등급별 점수 반영외국 고교 이수자 - 이수학기(학년) 전체 평균 점수에 의한 등급별 점수 반영 ◾ 학교생활기록부 반영에 관한 사항 1) 2027학년도 졸업예정자 및 기졸업자 모두 3학년 2학기까지의 성적을 반영함 2) 계열 석차가 한 학기(학년)에만",C:\Users\User\Desktop\업무\작업\21. 정시모집 관련\00. 소스(모집요강)\충청호남\5. 호남권\2027_광주여대_정시요강.pdf
110,국립경국대,등급 환산,"3,11,12,17,19,20,21","지도학과 다. 전형방법 수능위주학생부교과일반학생특성화고출신자사회배려대상자농어촌학생장애인 등 대상자만학도수능 100% 학생부 100%(교과성적 80% + 출결 20%) 라. 수능성적 반영방법 - 반영지표: 백분위 - 수능영역별 반영비율 국어수학영어탐구(사회/과학/직업) 한국사상위 2개 영역 각 50%(100%)별도 가산 / 필수 응시 ※ 해당 학년도 수능영역 중 2개 이상 응시해야 하며, 한국사는 필수 응시로 영역 합산에서 제외함 - 영어영역 반영방법: 취득등급에 따라 해당 점수를 반영함등급123456789점수1009794929088858279 - 탐구영역 반영방법: 사회탐구, 과학탐구, 직업탐구 중 상위 1개 과목 - 한국사영역 반영방법: 취득등급에 해당하는 점수를 최종합계점수에 별도 가산함등급123456789점수3 2 1  ||  100%(교과성적 80% + 출결 20%) 라. 수능성적 반영방법 - 반영지표: 백분위 - 수능영역별 반영비율 국어수학영어탐구(사회/과학/직업) 한국사상위 2개 영역 각 50%(100%)별도 가산 / 필수 응시 ※ 해당 학년도 수능영역 중 2개 이상 응시해야 하며, 한국사는 필수 응시로 영역 합산에서 제외함 - 영어영역 반영방법: 취득등급에 따라 해당 점수를 반영함등급123456789점수1009794929088858279 - 탐구영역 반영방법: 사회탐구, 과학탐구, 직업탐구 중 상위 1개 과목 - 한국사영역 반영방법: 취득등급에 해당하는 점수를 최종합계점수에 별도 가산함등급123456789점수3 2 1 마. 학생부 교과성적 반영방법 - 반영학기: 1, 2학년 전학기 및 3학년 1학기(총 5개 학기) - 반영 교과목적용과목  ||  중 2개 이상 응시해야 하며, 한국사는 필수 응시로 영역 합산에서 제외함 - 영어영역 반영방법: 취득등급에 따라 해당 점수를 반영함등급123456789점수1009794929088858279 - 탐구영역 반영방법: 사회탐구, 과학탐구, 직업탐구 중 상위 1개 과목 - 한국사영역 반영방법: 취득등급에 해당하는 점수를 최종합계점수에 별도 가산함등급123456789점수3 2 1 마. 학생부 교과성적 반영방법 - 반영학기: 1, 2학년 전학기 및 3학년 1학기(총 5개 학기) - 반영 교과목적용과목 수 반영 교과목12공통일반선택∙ 국어, 수학, 영어 교과 중 상위 7개 과목∙ 사회, 과학, 한국사 교과 중 상위 2개 과목진로선택∙ 모든 과목 중 상위 3개 과목 - 진로선택 교과목 반영 방법성취도A B C 반영방법석차등급1 2 3 성 || 계점수에 별도 가산함등급123456789점수3 2 1 마. 학생부 교과성적 반영방법 - 반영학기: 1, 2학년 전학기 및 3학년 1학기(총 5개 학기) - 반영 교과목적용과목 수 반영 교과목12공통일반선택∙ 국어, 수학, 영어 교과 중 상위 7개 과목∙ 사회, 과학, 한국사 교과 중 상위 2개 과목진로선택∙ 모든 과목 중 상위 3개 과목 - 진로선택 교과목 반영 방법성취도A B C 반영방법석차등급1 2 3 성취도에 따라 석차등급 부여 후 환산 반영 바. 학교폭력 조치사항 반영 - 대상전형: 모든 전형 - 반영방법: 조치사항 구분에 따라 사정총점(1,000점)에서 감점 처리 ※ 세부사항 P. 22 참조 || 2027학년도 국립경국대학교 정시모집 요강 - 11 - Ⅳ. 세부 전형별 안내정원 내1 수능위주(일반학생전형)-㉮군,㉯군,㉰군 가. 지원자격 지원자격2027학년도 대학수학능력시험에 응시(한국사 필수 응시)한 자로서, 고등학교 졸업(예정)자 또는 법령에 의하여 고등학교 졸업 이상의 학력이 있다고 인정되는 자 나. 모집단위 및 모집인원 모집군모집단위모집인원㉮군 해당 모집단위(PP. 4~5 참조) 7명 + 수시모집 미충원 이월인원㉯군 12명 + 수시모집 미충원 이월인원㉰군 수시모집 미충원 이월인원 ※ 수시모집 미충원 이월인원: 2026.12.31.(목) 홈페이지 공지 예정 다. 반영점수 및 반영비율모집단위사정단계선발비율수능전형총점학교폭력 조치사항해당 || 2027학년도 국립경국대학교 정시모집 요강 - 12 - 정원 외2 수능위주(특별전형) 1 특성화고출신자전형-㉮군,㉯군 가. 지원자격 지원자격 2027학년도 대학수학능력시험에 응시(한국사 필수 응시)하고, 「초․중등교육법」시행령 제91조제1항에 따른 특성화고등학교 졸업(예정)자로서 고등학교의 학과계열이 지원 모집단위와 동일 계열 출신자[지원가능] ▪특성화고 입학에서 졸업까지 모든 교육과정을 이수한 자 ▪특성화고와 같은 교육과정을 운영하는 학과가 있는 일반고(종합고) 포함 ▪기준학과명이 모집요강에 명시되어 있지 않더라도 특성화고에서 지원 모집단위와 관련된 전문교과를 30단위 이상 이수한 경우 지원 가능 ※ 전문교과 이수단위 인정에 대한 사항 || 2027학년도 국립경국대학교 정시모집 요강 - 17 - 4 장애인등대상자전형-㉯군 가. 지원자격 지원자격2027학년도 대학수학능력시험에 응시(한국사 필수 응시)한 자로서 아래 지원 자격 중 하나에 해당하는 자① 「장애인복지법」 제32조에 따라 장애인으로 등록되어 있는 자② 「국가유공자 등 예우 및 지원에 관한 법률」 제4조에 따른 상이자로 국가보훈처에 등록되어 있는 자 나. 모집단위 및 모집인원 ※ 수시모집 미충원 이월인원: 2026.12.31.(목) 홈페이지 공지 예정 다. 반영점수 및 반영비율모집단위사정단계선발비율수능자격기준전형총점학교폭력 조치사항해당 모집단위일괄선발100%1,000(1000%)적 || 년도 국립경국대학교 정시모집 요강 - 19 - Ⅴ. 전형요소별 성적반영방법 안내 1 전형요소별 반영방법구분유형전형명모집단위사정단계선발비율전형요소별 반영 점수(비율) 합계수능학생부자격기준교과출결㉮군㉯군㉰군수능위주 일반학생해당 모집단위일괄 선발100%1,000점(100%)한국사가산- -1,000점(100%)㉮군㉯군특성화고출신자해당 모집단위일괄선발100%1,000점(100%)한국사가산- 적용1,000점(100%)㉮군㉯군㉰군사회배려대상자, 농어촌학생해당 모집단위일괄선발100%1,000점(100%)한국사가산- 적용1,000점(100%)㉯군장애인등대상자 해당 모집단위일괄선발100%1,000점(100%)한국사가산- 적용1,000점(100%)-학생부교과만학도전형글로컬상생학부일괄 선발100%--800점(80%)200점(20%)적용1,000점",C:\Users\User\Desktop\업무\작업\21. 정시모집 관련\00. 소스(모집요강)\영남제주\6. 영남권\2027_국립경국대_정시요강.pdf
111,국립군산대,가점,"48,49,50"," ■ 자연과학계열/공학계열 (※ 단, 해양경찰학부 제외) 백분위 4 20% (200점) 30% (300점) 30% (300점) 20% (200점) ■ 자율전공학부 백분위 4 25% (250점) 25% (250점) 30% (300점) 20% (200점) ※ 전 모집단위 한국사 가산점 적용 ※ 자연과학계열·공학계열 지원자(해양경찰학과)가 과학탐구영역 1과목을 선택한 경우 탐구영역 취득 백분위 성적 평균의 5% 가산점 부여, 2과목을 선택한 경우 탐구영역 취득 백분위 성적 평균의 10% 가산점 부여 ※ 가산점 부여로 전형 총점(1,000점)을 초과할 경우 초과점수 인정 48 KUNSAN NATIONAL UNIVERSITY 전 형 요 소 별 반 영 방 법 ||  총 1,000점 만점 ■ 계산= {∑(취득점수×반영비율)×10} + ∑(취득점수×가산점비율) ■ 탐구영역은 2개 교과목의 평균성적 반영 ※ 반영영역 또는 과목의 성적이 없는 경우, 해당 성적은 “0”점 처리하여 산출 ※ 소수점 이하 셋째자리에서 반올림 다. 영어 / 한국사 반영 방법 과목 성적반영 방법 구분 등급별 반영 점수 영어 등급→ 백분위 수능등급 1 2 3 4 5 6 7 8 9 백분위 100 95 90 85 80 75 70 65 60 한국사 등급별 가산점 수능등급 1 2 3 4 5 6 7 8 9 가산점 5 4.5 4 3.5 3 2.5 2 1.5 1 ③ 학교생활기록부 반영 방법 가. 학교생활기록부 성적산출 방법 1) 학년별 반영비율 모집계열 학년별 반영비율 학생부 요소별 반영비율 1학년 2학년 3학년 교과성적 출결상황 || , 해당 성적은 “0”점 처리하여 산출 ※ 소수점 이하 셋째자리에서 반올림 다. 영어 / 한국사 반영 방법 과목 성적반영 방법 구분 등급별 반영 점수 영어 등급→ 백분위 수능등급 1 2 3 4 5 6 7 8 9 백분위 100 95 90 85 80 75 70 65 60 한국사 등급별 가산점 수능등급 1 2 3 4 5 6 7 8 9 가산점 5 4.5 4 3.5 3 2.5 2 1.5 1 ③ 학교생활기록부 반영 방법 가. 학교생활기록부 성적산출 방법 1) 학년별 반영비율 모집계열 학년별 반영비율 학생부 요소별 반영비율 1학년 2학년 3학년 교과성적 출결상황 전 계열 100% 90% 10% ※ 반영학기: 고교 1학년 1학기부터 3학년 1학기까지 반영(고교졸업예정자 및 졸업자 모두 해당) 2) 모집계열별 반영교과 모집계열 반영교과 전형 || 출결상황 전 계열 100% 90% 10% ※ 반영학기: 고교 1학년 1학기부터 3학년 1학기까지 반영(고교졸업예정자 및 졸업자 모두 해당) 2) 모집계열별 반영교과 모집계열 반영교과 전형요소별 점수산출 교과 비교과 인문사회계열/ 예체능계열/ 해양경찰학과 국어, 영어, 한국사, 사회(역사/도덕 포함) 교과에서 이수한 전 과목 석차등급 (1-9등급) 실질출결 사항반영 자연과학계열/ 공학계열 ※ 단, 해양경찰학과 제외 수학, 영어, 한국사, 과학 교과에서 이수한 전 과목 자율전공학부 국어, 수학, 영어, 한국사, 사회(역사/도덕 포함), 과학 교과에서 이수한 전 과목 3) 반영교과(군) 성적 반영 기준 구분 공통과목 및 일반선택과목 진로선택과목 반영 이수단위(학점수) 및 반영 과목 수 반영교과(군) 이수단위(학점수) 전체 반영교과 ||  모집계열 반영교과 전형요소별 점수산출 교과 비교과 인문사회계열/ 예체능계열/ 해양경찰학과 국어, 영어, 한국사, 사회(역사/도덕 포함) 교과에서 이수한 전 과목 석차등급 (1-9등급) 실질출결 사항반영 자연과학계열/ 공학계열 ※ 단, 해양경찰학과 제외 수학, 영어, 한국사, 과학 교과에서 이수한 전 과목 자율전공학부 국어, 수학, 영어, 한국사, 사회(역사/도덕 포함), 과학 교과에서 이수한 전 과목 3) 반영교과(군) 성적 반영 기준 구분 공통과목 및 일반선택과목 진로선택과목 반영 이수단위(학점수) 및 반영 과목 수 반영교과(군) 이수단위(학점수) 전체 반영교과(군) 중 상위 3과목(성취도 기준) 반영방법 이수단위(학점수) 및 학기별 과목 석차등급 반영 과목 성취도를 점수화하여 가산점으로 반영 49 2 0 2 7 신 입  || 열/ 해양경찰학과 국어, 영어, 한국사, 사회(역사/도덕 포함) 교과에서 이수한 전 과목 석차등급 (1-9등급) 실질출결 사항반영 자연과학계열/ 공학계열 ※ 단, 해양경찰학과 제외 수학, 영어, 한국사, 과학 교과에서 이수한 전 과목 자율전공학부 국어, 수학, 영어, 한국사, 사회(역사/도덕 포함), 과학 교과에서 이수한 전 과목 3) 반영교과(군) 성적 반영 기준 구분 공통과목 및 일반선택과목 진로선택과목 반영 이수단위(학점수) 및 반영 과목 수 반영교과(군) 이수단위(학점수) 전체 반영교과(군) 중 상위 3과목(성취도 기준) 반영방법 이수단위(학점수) 및 학기별 과목 석차등급 반영 과목 성취도를 점수화하여 가산점으로 반영 49 2 0 2 7 신 입 생 정 시 모 집 요 강 전 형 요 소 별 반 영 방 법 || 석차+(동석차 인원수-1)/2}/재적수]×100 - 석차등급 ※ 기타 특이자의 경우 따로 정하여 선발함 나. 검정고시ㆍ국외고ㆍ성적 체계 상이한 고교의 성적산출 방법 1) 검정고시 출신자 ① 성적 반영 기준 ■ 반영과목: 필수 6과목(국어, 수학, 영어, 사회, 과학, 한국사) ■ 과목별 단위 수: 국어, 수학, 영어 각 3단위, 사회, 과학, 한국사 각 1단위 반영 교과 산출식 최대 산출점수 성취도별 가산점 기준 진로선택과목 (상위 3과목 성취도의 합) 3(이수과목의 수) 5점 A : 5점, B : 3점, C : 1점 50 KUNSAN NATIONAL UNIVERSITY 전 형 요 소 별 반 영 방 법 ||  경우 따로 정하여 선발함 나. 검정고시ㆍ국외고ㆍ성적 체계 상이한 고교의 성적산출 방법 1) 검정고시 출신자 ① 성적 반영 기준 ■ 반영과목: 필수 6과목(국어, 수학, 영어, 사회, 과학, 한국사) ■ 과목별 단위 수: 국어, 수학, 영어 각 3단위, 사회, 과학, 한국사 각 1단위 반영 교과 산출식 최대 산출점수 성취도별 가산점 기준 진로선택과목 (상위 3과목 성취도의 합) 3(이수과목의 수) 5점 A : 5점, B : 3점, C : 1점 50 KUNSAN NATIONAL UNIVERSITY 전 형 요 소 별 반 영 방 법",C:\Users\User\Desktop\업무\작업\21. 정시모집 관련\00. 소스(모집요강)\충청호남\5. 호남권\2027_국립군산대_정시요강.pdf
112,국립금오공대,가점,"3,13,16,20,21","미래융합대학 자율전공학부- AX융합학과- 반도체소부장전공▶ 수능반영방법 변경구분2026학년도2027학년도공학/자율전공학부/상위 3개 영역 각 33.33% 반영 - 수학 미적분, 기하 선택 시 수학 환산점수의 15% 가산점 부여 - 탐구(직업탐구 제외) 상위 1과목 반영한국사: 1~ 4등 급 1점, 5등 급 부 터 0.1점 씩 감 점성적반영비율: 변동없음가산점: 변동없음한국사: 변동없음첨단융합대학자율전공학부- 상위 3개 영역 각 33.33% 반영 - 수학 미적분, 기하 선택 시 수학 환산점수의 15% 가산점 부여 - 탐구(직업탐구 제외) 상위 1과목 반영한국사: 1~ 4등 급 1점, 5등 급 부 터 0.1점 씩 감 점미래융합대학자율전공학부- 상위 3개 영역을 성적이 우수한 순으로 45%, 35%, 20% 반영 - 수학 미적분, || 도공학/자율전공학부/상위 3개 영역 각 33.33% 반영 - 수학 미적분, 기하 선택 시 수학 환산점수의 15% 가산점 부여 - 탐구(직업탐구 제외) 상위 1과목 반영한국사: 1~ 4등 급 1점, 5등 급 부 터 0.1점 씩 감 점성적반영비율: 변동없음가산점: 변동없음한국사: 변동없음첨단융합대학자율전공학부- 상위 3개 영역 각 33.33% 반영 - 수학 미적분, 기하 선택 시 수학 환산점수의 15% 가산점 부여 - 탐구(직업탐구 제외) 상위 1과목 반영한국사: 1~ 4등 급 1점, 5등 급 부 터 0.1점 씩 감 점미래융합대학자율전공학부- 상위 3개 영역을 성적이 우수한 순으로 45%, 35%, 20% 반영 - 수학 미적분, 기하 선택 시 수학 환산점수의 15% 가산점 부여 - 탐구(직업탐구 제외) 상위 1과목 반영한국사:  ||  1점, 5등 급 부 터 0.1점 씩 감 점성적반영비율: 변동없음가산점: 변동없음한국사: 변동없음첨단융합대학자율전공학부- 상위 3개 영역 각 33.33% 반영 - 수학 미적분, 기하 선택 시 수학 환산점수의 15% 가산점 부여 - 탐구(직업탐구 제외) 상위 1과목 반영한국사: 1~ 4등 급 1점, 5등 급 부 터 0.1점 씩 감 점미래융합대학자율전공학부- 상위 3개 영역을 성적이 우수한 순으로 45%, 35%, 20% 반영 - 수학 미적분, 기하 선택 시 수학 환산점수의 15% 가산점 부여 - 탐구(직업탐구 제외) 상위 1과목 반영한국사: 1~ 4등 급 1점, 5등 급 부 터 0.1점 씩 감 점인문사회상위 3개 영역 각 33.33% 반영한국사: 1~ 3등 급 1점, 4등 급 부 터 0.1점 씩 감 점성적반영비율: 변동없음한국 || 한국사: 1~ 4등 급 1점, 5등 급 부 터 0.1점 씩 감 점미래융합대학자율전공학부- 상위 3개 영역을 성적이 우수한 순으로 45%, 35%, 20% 반영 - 수학 미적분, 기하 선택 시 수학 환산점수의 15% 가산점 부여 - 탐구(직업탐구 제외) 상위 1과목 반영한국사: 1~ 4등 급 1점, 5등 급 부 터 0.1점 씩 감 점인문사회상위 3개 영역 각 33.33% 반영한국사: 1~ 3등 급 1점, 4등 급 부 터 0.1점 씩 감 점성적반영비율: 변동없음한국사: 변동없음▶ “특 성 화 고 등 을 졸 업 한 재 직 자 전 형”과 “만 학 도 전 형”은 전 형 기 간 자 율 화 에 따 라 정 시 모 집 과 별 개 로 선 발2. 전형요약(전형별 전형요소 반영 비율)전형유형수능학생부가/나/다군• 수능(일반학생전형) 100%-•  || 성적이 우수한 순으로 45%, 35%, 20% 반영 - 수학 미적분, 기하 선택 시 수학 환산점수의 15% 가산점 부여 - 탐구(직업탐구 제외) 상위 1과목 반영한국사: 1~ 4등 급 1점, 5등 급 부 터 0.1점 씩 감 점인문사회상위 3개 영역 각 33.33% 반영한국사: 1~ 3등 급 1점, 4등 급 부 터 0.1점 씩 감 점성적반영비율: 변동없음한국사: 변동없음▶ “특 성 화 고 등 을 졸 업 한 재 직 자 전 형”과 “만 학 도 전 형”은 전 형 기 간 자 율 화 에 따 라 정 시 모 집 과 별 개 로 선 발2. 전형요약(전형별 전형요소 반영 비율)전형유형수능학생부가/나/다군• 수능(일반학생전형) 100%-• 수능(농어촌학생전형) || 학능력시험 성적 반영방법(p.18) 참조 • 학교폭력에 따른 조치사항이 있는 경우 학교폭력조치사항 반영방법(p.20)에 따라 반영4. 선발원칙 및 동점자 처리기준 • 전형 성적 총점 고득점 순으로 선발합니다. - 전형 성적 : 수능 환산점수 + 수능 수학 가산점수 + 한국사 가산점수 • 지원자격 미달자, 수능반영영역 중 응시영역이 반영 영역 수 보다 적은 경우 불합격으로 처리합니다. • 모집단위별 모집인원의 100%를 최종 합격자로 선발합니다. • 전형 성적 총점의 동점자가 발생하는 경우 다음과 같이 처리합니다. 순번 동점자 선발 기준공학 및 자율전공인문사회1수능 수학영역 성적(환산점수+가산점수)이 높은 자수능 국어영역 성적(환산점수)이 높은 자2수능 탐구영역 성적(환산점수)이 높은 자수능 탐구영역 성적(환산점수)이 높은 자 || 수학능력시험 성적 반영방법(p.18) 참조 • 학교폭력에 따른 조치사항이 있는 경우 학교폭력조치사항 반영방법(p.20)에 따라 반영5. 선발원칙 및 동점자 처리기준 • 전형 성적 총점 고득점 순으로 선발합니다. - 전형 성적: 수능 환산점수 + 수능 수학 가산점수 + 한국사 가산점수 • 제출서류 미제출자, 지원자격 미달자, 수능반영영역 중 필수 반영 영역 미응시자 및 응시영역이 반영 영역수 보다 적은 경우 불합격으로 처리합니다. • 모집단위별 모집인원의 100%를 최종 합격자로 선발합니다. || 학수학능력시험 성적 반영방법1. 수능성적 배점 - 수능성적(수능 환산 점수 + 수능 영역별 가산 점수)은 100점을 반영합니다. - 수능성적은 수능 영역별 가산 점수가 있을 경우 100점(만점)을 초과할 수 있습니다.2. 반영영역모집계열과목국어수학영어탐구(상위 1과목)한국사전계열공통반영반영반영과학/사회반영선택모두 허용모두 허용- 모두 허용응시필수 ※ 탐구영역은 사회탐구와 과학탐구만 반영합니다.(직업탐구 제외)3. 수능 환산 점수 반영 방법 1) 수능 환산 점수 반영 방법모집계열반영방법대학수학능력시험 반영(응시) 영역 및 반영점수국어수학영어탐구(1과목)총점공학계열인문사회계열자율전공학부첨 단 융 합 대 학 자 율 전 공 학 부백분위(만점)100점100점100점1)100점400점반영비율상위 3개 영역 각 33.33%100%반영점수",C:\Users\User\Desktop\업무\작업\21. 정시모집 관련\00. 소스(모집요강)\영남제주\6. 영남권\2027_국립금오공대_정시요강.pdf
113,국립목포대,감점,"2,10,12,13","택약학과수학(필수)+과탐(2과목)+국어/영어 중 1개 영역 선택 ※ 수학 선택과목 ‘미적분’ 또는 ‘기하’ 필수 응시 ※ 과학탐구 선택과목 ‘화학’ 또는 ‘생명과학’을 포함한 2과목 필수 응시(2과목 평균반영)활용지표국어ㆍ수학ㆍ탐구영역: 백분위 / 영어영역: 등급 / 한국사: 응시 필수가감점1. 수학 선택과목 ‘미적분’ 또는 ‘기하’ 응시자는 취득한 백분위 점수의 10%를 가산점으로 부여2. 자연계열 지원자가 과학탐구영역을 응시한 경우 취득한 백분위 점수의 5%를 가산점으로 부여3. 학교폭력조치사항별 감점 부여(1~7호: 최고50점~최저10점/8~9호: 부적격)학생부교과(전문학사)전형방법학교생활기록부 100%(교과성적 90% + 출석 10%)가감점1. 진로선택과목 가점(성취도에 가산점 최대 5점 부여)2. 학교폭력조치사항별  || - 10 - 나. 전형요소 및 반영비율전형유형대학수학능력시험환산총점비고수능위주1,000점(100)1,000점(100)한국사 응시 필수 ※ ( )는 실질 반영 비율임 ※ 대학수학능력시험 미응시자는 학교생활기록부 성적 환산 점수(최대점수 200점) 반영 [라. 학교생활기록부 성적 반영 방법 참고] 다. 지원자 제출서류 모든 서류는 2026. 12. 1.(화) 이후 발급된 것으로 제출하여야 함 지원자격 확인에 필요한 경우에는 추가적으로 지원자격 관련 서류의 제출을 요구받을 수 있음 1) 지원자 공통 제출서류구분제출서류비고 • 학생부(검정고시) 온라인 제공 동의자(대입전형자료 온 || 림 함(단, 동점자 처리를 하여야 할 경우 소수점 이하 무한대까지 적용)대학수학능력시험성적 반영점수 산출방법 예시▣ 2027학년도 대학수학능력 성적이 아래와 같을 때수험번호성명생년월일성별출신고교(반 또는 졸업연도)12345678○ ○ ○00.00.00여 한국고(3)영역한국사영역국어영역수학영역영어영역탐구영역제2외 국 어/한 문 영 역선택과목화법과 작문미적분화학Ⅰ지구과학Ⅰ한문표준점수 131135 647369백분위 93 8093 9795등 급2 2 3 2 2 1 2▣ 모집계열별 반영점수 산출방법모집계열반영점수 산출방법비고반영영역산출내역반영점수인문계/예체능계국어(93/100)×400372.00 * 수학영역보다 탐구영역의 백분위 점수가 높아 탐구영역을 반영영어(95/100)×300285.00탐구(97/100)×300291.00합계94 || 검정고시출신자 성적 산출방법 ‣ 취득성적표의 과목별 취득점수에 환산점수를 부여한 후, 환산점수 총합의 평균을 반영 ‣ 반영 산정식: 학생부성적 과목별환산점수총합의평균× ‣ 반영 과목구분 과목 비고반영과목필수: 국어, 수학, 영어, 사회, 과학, 한국사(6과목)선택: 도덕, 기술·가정, 체육, 음악, 미술 과목 중 1과목7과목 ‣ 취득점수별 환산 점수과목별취득점수100점96점 이하 ~91점 초과91점 이하 ~86점 초과86점 이하 ~81점 초과81점 이하 ~76점 초과76점 이하 ~71점 초과71점 이하 ~66점 초과66점 이하환산점수9590858075706560 바. 학교폭력조치사항 감점 1) 반영범위: 감점 10점 ~ 50점(8 ~ 9호는 부적격 처리) 2) 반영방법: 최종점수에 각 조치사항에 따른 ",C:\Users\User\Desktop\업무\작업\21. 정시모집 관련\00. 소스(모집요강)\충청호남\5. 호남권\2027_국립목포대_정시요강.pdf
114,국립목포해양대,등급 환산,"12,14","4전형요소 및 반영비율가. 전형요소전형요소(전체 모집단위) 반영비율반영점수점수산출활용지표최저점최고점대학수학능력시험 성적1000 1,000백분위 및 등급 ※ 건강진단서는 해사대학 합격, 불합격 판정자료로만 활용나. 모집단위별 반영비율 모집단위국어수학영어탐구한국사합계해 사대 학항 해 학 부20%30%30%20%0%100%해 상 운 송 학 부20%20%40%20%0%100%항 해 정 보 시 스 템 학 부20%30%30%20%0%100%기 관 시 스 템 공 학 부해 양 경 찰 학 부해 양 메 카 트 로 닉 스 학 부해 군 사 관 학 부해 양공 과대 학컴 퓨 터 공 학 과20%30%30%20%0%100%조 선 해 양 공 학 과환 경·생 명 공 학 과20%20%30%30%0%100%해 양 건 설 공 학 과20%30%30% || 1-269268-266265-263262-260259-257256 -254253 이하여228 이상227-225224-222221-219218-216215-213212-210209-207206-204 203 이하나. 대학수학능력시험 영역별 반영 비율모집단위국어수학영어탐구한국사해 양 스 포 츠 학 과3020203007해양산업융합학과 전형방법 및 반영비율가. 반영교과 및 반영비율전형요소모집단위국어수학영어과학/사회합계학 교 생 활 기 록 부해 양 산 업 융 합 학 과20%30%30%20%100%※ 계열구분 없이 과학교과 및 사회교과(역사 포함) 모두 반영※ 국어, 영어, 수학, 사회, 과학에 해당되는 과목 중 9등급제(상대평가) 성적만 반영함▢ 학교생활기록부 반영교과별 과목표(전문교과 과목 포함)교과코드과목명코드과목명코드과목명코드과",C:\Users\User\Desktop\업무\작업\21. 정시모집 관련\00. 소스(모집요강)\충청호남\5. 호남권\2027_국립목포해양대_정시요강.pdf
115,국립부경대,가점,"12,13","공업디자인학과) 1,000점400점600점체능계(해양스포츠학과) 1,000점700점300점나 인문·사회계/자연계1,000점1,000점-다 인문·사회계/자연계1,000점1,000점-예능계(시각디자인학과) 1,000점400점600점3. 수능성적 반영방법 가. 활용지표 - 한국사, 영어 영역: 등급 - 그 외 영역: 표준점수 나. 모집단위별 반영영역 및 유형계열모집단위반영영역인문·사회계전 모집단위국어, 수학, 영어, 탐구영역(사탐/과탐 중 2과목)자연계공통계예능계시각디자인학과, 공업디자인학과국어, 영어, 탐구영역(사탐/과탐 중 2과목)체능계해양스포츠학과예능계패션디자인학과국어, 수학, 영어, 탐구영역(사탐/과탐 중 2과목) 다. 수능 영어영역 등급별 점수등급12345678~9점수200194186176164152140128 ※ 수능  || 학)계인문·사회계/예능계(패션디자인학과)30%25%20%25%100%자연계25%30%20%25%100%예·체능계(패션디자인학과 제외) 35%- 35%30%100%공통계30%30%20%20%100% ※ 수능 반영영역 미응시자의 경우 미응시영역 성적은 0점 처리 ※ 수능 한국사 영역 미응시자의 경우 전과목 0점(불합격) 처리 마. 가산점 부여계열모집단위가산점전 계열전 모집단위• 한국사 등급에 따른 가산점등급12345678~9가산(점) 109.89.69.40 자연계전 모집단위• 탐구영역에서 물리학Ⅰ, 화학Ⅰ, 생명과학Ⅰ, 지구과학Ⅰ 과목을 선택한 경우 취득표준점수의 3%• 탐구영역에서 물리학Ⅱ, 화학Ⅱ, 생명과학Ⅱ, 지구과학Ⅱ 과목을 선택한 경우 취득표준점수의 5%공과대학정보융합대학AX혁신대학• 수학영역에서 미적분 또는 기하 과목 || 계(패션디자인학과 제외) 35%- 35%30%100%공통계30%30%20%20%100% ※ 수능 반영영역 미응시자의 경우 미응시영역 성적은 0점 처리 ※ 수능 한국사 영역 미응시자의 경우 전과목 0점(불합격) 처리 마. 가산점 부여계열모집단위가산점전 계열전 모집단위• 한국사 등급에 따른 가산점등급12345678~9가산(점) 109.89.69.40 자연계전 모집단위• 탐구영역에서 물리학Ⅰ, 화학Ⅰ, 생명과학Ⅰ, 지구과학Ⅰ 과목을 선택한 경우 취득표준점수의 3%• 탐구영역에서 물리학Ⅱ, 화학Ⅱ, 생명과학Ⅱ, 지구과학Ⅱ 과목을 선택한 경우 취득표준점수의 5%공과대학정보융합대학AX혁신대학• 수학영역에서 미적분 또는 기하 과목을 선택한 경우 취득표준점수의 10%자연과학대학수산과학대학환경·해양대학• 수학영역에서 미적분 또는 기하 과목을",C:\Users\User\Desktop\업무\작업\21. 정시모집 관련\00. 소스(모집요강)\영남제주\6. 영남권\2027_국립부경대_정시요강.pdf
116,국립순천대,가점,"35,36","-32- Ⅵ.전형 방법❂ 정시 모집 ㉮군01전형요소별 반영점수 02대학수학능력시험 성적 반영방법가. 2026학년도 대학수학능력시험 성적의 백분위 점수 반영 계열 구분반영 방법국어수학영어탐구한국사비고공통(자유전공학부)영어 필수 반영국어, 수학, 탐구 중 2개 선택 반영100100100(필수)사탐/과탐100응시(필수)선택 영역은가산점을반영한 후성적이 높은 영역을자동 반영인문사회국어와 영어 필수 반영수학과 탐구 중 1개 선택 반영100(필수)100100(필수)사탐/과탐100응시(필수)자연수학과 영어 필수 반영국어와 탐구 중 1개 선택 반영100100(필수)100(필수)사탐/과탐100응시(필수) ♣ 공통 사항 : 탐구영역은 사회·과학탐구 구분 없이 2과 || 분대학수학능력시험실기/면접고사학교생활기록부(교과성적)합 계성 인 학 습 자 등 전 형특 성 화 재 직 자 전 형만 학 도 전 형- - 30030002대학수학능력시험 성적 반영방법가. 2026학년도 대학수학능력시험 성적의 백분위 점수 반영계열 구분반영 방법국어수학영어탐구한국사비고공통(생명산업 과학분야)영어 필수 반영국어, 수학, 탐구 중 2개 선택 반영100100100(필수)사탐/과탐100응시(필수)선택 영역은가산점을반영한 후성적이 높은 영역을자동 반영인문사회예체능국어와 영어 필수 반영수학과 탐구 중 1개 선택 반영100(필수)100100(필수)사탐/과탐100응시(필수)자연수학과 영어 필수 반영국어와 탐구 중 1개 선택 반영100100(필수)100(필수)사탐/과탐100응시(필수)자연(약학과)수학(미적분 또는 기하), 과학탐구 ",C:\Users\User\Desktop\업무\작업\21. 정시모집 관련\00. 소스(모집요강)\충청호남\5. 호남권\2027_국립순천대_정시요강.pdf
117,국립창원대,확인 필요,4,"사는 계획된 일정에 따라 진행되므로 모든 수험생은 고사 시간 내에 입실할 수 있도록 준비해야 합니다. 가. 부정행위자, 지원 자격이 없는 자, 서류 미제출자, 실기고사에 결시한 자나. 지정기한 내 등록(등록금 납부)하지 않은 자다. 대학수학능력시험 응시 대상 전형에서 한국사 과목을 응시하지 않은 자라. 사실조회 결과 내용의 허위기재, 제출서류의 위·변조, 실기 대리응시 등 그 밖의 부정한 방법으로 합격한 자",C:\Users\User\Desktop\업무\작업\21. 정시모집 관련\00. 소스(모집요강)\영남제주\6. 영남권\2027_국립창원대_정시요강.pdf
118,국립한국해양대,가점,"16,17,19","300점)※ 영어영역 등급별 표준점수표등급1* 23456789표준점수20019619018016014012010080 * 1등급 만점 기준: 800점×25%=200점2. 반영 과목 가. 일반전형, 농·어촌학생 특별전형, 기회균형선발 특별전형계열 반영영역비고국어수학영어탐구한국사사회·과학직업자연계○○○○-○⦁한국사 미응시자 자격 미달 처리⦁수능 반영영역 미응시자의 경우 미응시영역 성적은 “0점” 처리인문·사회계○○○○-○예·체능계○-○○-○ 나. 특성화고교졸업자 특별전형계열 반영영역비고국어수학영어탐구한국사사회·과학직업자연계○○○○○○⦁한국사 미응시자 자격 미달 처리⦁수능 반영영역 미응시자의 경우 미응시영역 성적은 “0점” 처리인문·사회계○○○○○○예·체능계○- ○○○○ || 표등급1* 23456789표준점수20019619018016014012010080 * 1등급 만점 기준: 800점×25%=200점2. 반영 과목 가. 일반전형, 농·어촌학생 특별전형, 기회균형선발 특별전형계열 반영영역비고국어수학영어탐구한국사사회·과학직업자연계○○○○-○⦁한국사 미응시자 자격 미달 처리⦁수능 반영영역 미응시자의 경우 미응시영역 성적은 “0점” 처리인문·사회계○○○○-○예·체능계○-○○-○ 나. 특성화고교졸업자 특별전형계열 반영영역비고국어수학영어탐구한국사사회·과학직업자연계○○○○○○⦁한국사 미응시자 자격 미달 처리⦁수능 반영영역 미응시자의 경우 미응시영역 성적은 “0점” 처리인문·사회계○○○○○○예·체능계○- ○○○○ || 특별전형계열 반영영역비고국어수학영어탐구한국사사회·과학직업자연계○○○○-○⦁한국사 미응시자 자격 미달 처리⦁수능 반영영역 미응시자의 경우 미응시영역 성적은 “0점” 처리인문·사회계○○○○-○예·체능계○-○○-○ 나. 특성화고교졸업자 특별전형계열 반영영역비고국어수학영어탐구한국사사회·과학직업자연계○○○○○○⦁한국사 미응시자 자격 미달 처리⦁수능 반영영역 미응시자의 경우 미응시영역 성적은 “0점” 처리인문·사회계○○○○○○예·체능계○- ○○○○ || 구한국사사회·과학직업자연계○○○○-○⦁한국사 미응시자 자격 미달 처리⦁수능 반영영역 미응시자의 경우 미응시영역 성적은 “0점” 처리인문·사회계○○○○-○예·체능계○-○○-○ 나. 특성화고교졸업자 특별전형계열 반영영역비고국어수학영어탐구한국사사회·과학직업자연계○○○○○○⦁한국사 미응시자 자격 미달 처리⦁수능 반영영역 미응시자의 경우 미응시영역 성적은 “0점” 처리인문·사회계○○○○○○예·체능계○- ○○○○ || 학 전 모집단위(단, 해양경찰학부 제외) 수학 ""미적분” 응시자: 표준점수의 10% 가산해양과학기술대학, 해양공과대학 전 모집단위(단, 해양스포츠과학과 제외) 수학 ""미적분” 응시자: 표준점수의 20% 가산과학탐구 2과목 응시자: 표준점수의 10% 가산전계열전 모집단위한국사 등급에 따른 가산점등급1234567~9가산점32.521.510.504. 수능성적 산출 방법 및 예시 가. 산출 방법 Σ [｛영역별 표준점수× 수능 반영 총 배점(800점) × 영역별 반영비율 } + 가산점* ]수능 영역별 배점(200점) * 가산점: 영역별 표준점수× 수능 반영 총 배점(800점) × 영역별 반영비율 × 가산점 비율수능 영역별 배점(200점) * 한국사 가산점: 한국사 등급에 따른 가산점 반영 나. 산출 예시 - 일반전형/해양과학기술대학  || 시 가. 산출 방법 Σ [｛영역별 표준점수× 수능 반영 총 배점(800점) × 영역별 반영비율 } + 가산점* ]수능 영역별 배점(200점) * 가산점: 영역별 표준점수× 수능 반영 총 배점(800점) × 영역별 반영비율 × 가산점 비율수능 영역별 배점(200점) * 한국사 가산점: 한국사 등급에 따른 가산점 반영 나. 산출 예시 - 일반전형/해양과학기술대학 해양공학과 지원자(가산점: 수학 “미적분” 20%, 과학탐구 2과목 10%)구 분국어수학(미적분)영어탐구(과학)한국사합계반영비율22.5%32.5%25%20%- 100%수능 표준점수 및 등급1201203등급1203등급변환점수108187.2(가산점 31.2)190105.6(가산점 9.6)2(가산점 2)592.8 성적 합계: 국어 108 + 수학 187.2 + 영어 190  || 법 Σ [｛영역별 표준점수× 수능 반영 총 배점(800점) × 영역별 반영비율 } + 가산점* ]수능 영역별 배점(200점) * 가산점: 영역별 표준점수× 수능 반영 총 배점(800점) × 영역별 반영비율 × 가산점 비율수능 영역별 배점(200점) * 한국사 가산점: 한국사 등급에 따른 가산점 반영 나. 산출 예시 - 일반전형/해양과학기술대학 해양공학과 지원자(가산점: 수학 “미적분” 20%, 과학탐구 2과목 10%)구 분국어수학(미적분)영어탐구(과학)한국사합계반영비율22.5%32.5%25%20%- 100%수능 표준점수 및 등급1201203등급1203등급변환점수108187.2(가산점 31.2)190105.6(가산점 9.6)2(가산점 2)592.8 성적 합계: 국어 108 + 수학 187.2 + 영어 190 + 탐구 105. ||  영역별 반영비율 × 가산점 비율수능 영역별 배점(200점) * 한국사 가산점: 한국사 등급에 따른 가산점 반영 나. 산출 예시 - 일반전형/해양과학기술대학 해양공학과 지원자(가산점: 수학 “미적분” 20%, 과학탐구 2과목 10%)구 분국어수학(미적분)영어탐구(과학)한국사합계반영비율22.5%32.5%25%20%- 100%수능 표준점수 및 등급1201203등급1203등급변환점수108187.2(가산점 31.2)190105.6(가산점 9.6)2(가산점 2)592.8 성적 합계: 국어 108 + 수학 187.2 + 영어 190 + 탐구 105.6 + 한국사 2 = 592.8 (소수점 아래 셋째 자리에서 반올림) ※ 성적 산출은 본교 입학정보 홈페이지 [수시모집] → [성적계산] 프로그램 활용 가능",C:\Users\User\Desktop\업무\작업\21. 정시모집 관련\00. 소스(모집요강)\영남제주\6. 영남권\2027_한국해양대_정시요강.pdf
119,국립한밭대,등급 환산,"12,15,23","학융합자율대학자율전공학부5공학건설학부4정보기술AI융합학부4인문 인문사회경상학부4 2. 지원자격 국내·외 고등학교 졸업자(2027년 2월 졸업예정자 포함), 검정고시 출신자 및 이와 동등 이상의 학력이 있다고 인정되는 자로서, 2027학년도 대학수학능력시험에 응시한 자(한국사 필수 응시)※지원자격을충족하지못한사실이확인되면,합격또는입학후재학중이라도이를취소함 3. 전형방법 가. 전형요소 및 반영점수(비율) 전형명계열전형요소별 반영비율(%)전형 총점사정유형수능일반전형(가군 · 나군 · 다군)공학, 인문, 경상, 디자인100500일괄합산나. 대학수학능력시험 반영영역 및 반영비율계열반영비율(%) 활용 지표수능성적총점수학국어영어탐구한국사사회 · 과학 · 직업공학○○○1과목○ 【국어 · 수학 · 탐구】 백분위 【영어】 등급50040%(필수 || . 전형방법 가. 전형요소 및 반영점수(비율) 전형명계열전형요소별 반영비율(%)전형 총점사정유형수능일반전형(가군 · 나군 · 다군)공학, 인문, 경상, 디자인100500일괄합산나. 대학수학능력시험 반영영역 및 반영비율계열반영비율(%) 활용 지표수능성적총점수학국어영어탐구한국사사회 · 과학 · 직업공학○○○1과목○ 【국어 · 수학 · 탐구】 백분위 【영어】 등급50040%(필수) 상위 두 과목을 각각 30%씩 반영필수 응시인문경상 디자인○○○1과목○상위 세 과목 평균점수 반영필수 응시※자율전공학부,빅데이터헬스케어융합학과는인문/경상/디자인계열반영비율적용※공학계열지원시수학(미적분,기하,확률과통계)은필수응시하여야하며,미응시자는불합격처리함※한국사는반영영역에는포함되나(필수응시),수능성적계산에는미포함됨※영어등급백분위환산점수산출방법:Ⅶ.대학 || %(필수) 상위 두 과목을 각각 30%씩 반영필수 응시인문경상 디자인○○○1과목○상위 세 과목 평균점수 반영필수 응시※자율전공학부,빅데이터헬스케어융합학과는인문/경상/디자인계열반영비율적용※공학계열지원시수학(미적분,기하,확률과통계)은필수응시하여야하며,미응시자는불합격처리함※한국사는반영영역에는포함되나(필수응시),수능성적계산에는미포함됨※영어등급백분위환산점수산출방법:Ⅶ.대학수학능력시험반영방법참조※2027학년도대학수학능력시험에응시하지않거나모집단위별대학수학능력시험응시영역기준을준수하지않은자는불합격처리함다. 학교폭력 조치사항 반영방법: Ⅶ. 대학수학능력시험 반영방법-학교폭력 조치사항 반영방법 참고 || 공과대학기계공학과0공학건설환경디자인대학건설환경공학과0산업경영공학과0창의융합학과0 2. 지원자격 국내·외 고등학교 졸업자(2027년 2월 졸업예정자 포함), 검정고시 출신자 및 이와 동등 이상의 학력이 있다고 인정되는 자로서, 2027학년도 대학수학능력시험에 응시한 자(한국사 필수 응시)※지원자격을충족하지못한사실이확인되면,합격또는입학후재학중이라도이를취소함 3. 전형방법 가. 전형요소 및 반영점수(비율)전형명계열전형요소별 반영비율(%)전형 총점사정유형수능일반전형(학·석사)(가군 · 나군) 공학100500일괄합산나. 대학수학능력시험 반영영역 및 비율 ※공학계열지원시수학(미적분,기하,확률과통계)은필수응시하여야하며,미응시자는불합격처리함※한국사는반영영역에는포함되나(필수응시),수능성적계산에는미포함됨※영어등급백분위환산점수산출방법:Ⅶ.대학수 || 법 가. 전형요소 및 반영점수(비율)전형명계열전형요소별 반영비율(%)전형 총점사정유형수능일반전형(학·석사)(가군 · 나군) 공학100500일괄합산나. 대학수학능력시험 반영영역 및 비율 ※공학계열지원시수학(미적분,기하,확률과통계)은필수응시하여야하며,미응시자는불합격처리함※한국사는반영영역에는포함되나(필수응시),수능성적계산에는미포함됨※영어등급백분위환산점수산출방법:Ⅶ.대학수학능력시험반영방법참조※2027학년도대학수학능력시험에응시하지않거나모집단위별대학수학능력시험응시영역기준을준수하지않은자는불합격처리함 다. 학교폭력 조치사항 반영방법: Ⅶ. 대학수학능력시험 반영방법-학교폭력 조치사항 반영방법 참고 계열반영비율(%) 활용 지표수능성적총점수학국어영어탐구한국사사회 · 과학 · 직업공학○○○1과목○ 【국어 · 수학 · 탐구】백분위 【영어】 등급50 || 시험반영방법참조※2027학년도대학수학능력시험에응시하지않거나모집단위별대학수학능력시험응시영역기준을준수하지않은자는불합격처리함 다. 학교폭력 조치사항 반영방법: Ⅶ. 대학수학능력시험 반영방법-학교폭력 조치사항 반영방법 참고 계열반영비율(%) 활용 지표수능성적총점수학국어영어탐구한국사사회 · 과학 · 직업공학○○○1과목○ 【국어 · 수학 · 탐구】백분위 【영어】 등급50040%(필수)상위 두 과목을 각각 30%씩 반영필수 응시 || 형 총점사정유형수능농어촌학생전형(가군·나군·다군) 공학, 인문, 경상, 디자인100500일괄합산나. 대학수학능력시험 반영영역 및 반영비율 ※자율전공학부는인문/경상/디자인계열반영비율을적용※공학계열지원시수학(미적분,기하,확률과통계)은필수응시하여야하며,미응시자는불합격처리함※한국사는반영영역에는포함되나(필수응시),수능성적계산에는미포함됨※영어등급백분위환산점수산출방법:Ⅶ.대학수학능력시험반영방법참조※2027학년도대학수학능력시험에응시하지않거나모집단위별대학수학능력시험응시영역기준을준수하지않은자는불합격처리함다. 학교폭력 조치사항 반영방법: Ⅶ. 대학수학능력시험 반영방법-학교폭력 조치사항 반영방법 참조 4. 선발방법가. 모집단위별 전형 성적순에 따라 선발나. 동점자 발생 시 동점자 처리 기준에 의하여 선발(Ⅵ. 동점자 처리 기준 참고)다. 가군과  || 군, 나군, 다군 모집단위별 예비 순위에 따라 선발함라. 충원 합격자 선발 1) 예비 후보자는 모집단위별 성적순으로 선발 2) 합격자 중 미등록 및 등록 포기자의 결원이 발생할 경우 예비 후보자의 성적 순위별로 선발 계열반영비율(%) 활용 지표수능성적총점수학국어영어탐구한국사사회/과학/직업공학○○○1과목○ 【국어, 수학, 탐구】 백분위 【영어】 등급50040%(필수)상위 두 과목을 각각 30%씩 반영필수 응시인문경상디자인○○○1과목○상위 세 과목 평균점수 반영필수 응시",C:\Users\User\Desktop\업무\작업\21. 정시모집 관련\00. 소스(모집요강)\충청호남\4. 충청권\2027_국립한밭대_정시요강.pdf
120,금강대,등급 환산,9,"저점일반전형전체 모집단위1,0001001,0000기회균형특별전형1,0001001,0000◆ 수능 영역별 반영비율모집시기전형유형-전형명(대-중-소)모집단위수능성적활용지표수능영역별 반영비율(%)3영역 중 상위 2개 과목영역 중 1개 과목필수국어수학영어탐구영역사탐/과탐/직탐한국사비율영어등급기준 정시(다)일반전형전 체 모 집 단 위백분위3535351등급 : 100점 2등급 : 96점 3등급 : 90점 4등급 : 86점 5등급 : 84점 6등급 : 70점7등급 : 56점 8등급 : 40점 9등급 : 0점30필수기회균형특별전형※ 2027학년도 수능 국어, 수학, 영어 영역 중 상위 2개 영역을 선택하고, 탐구(사탐, 과탐, 직탐) 영역 중 백분위 성적이 높은 1개 과목을 선택하여 반영",C:\Users\User\Desktop\업무\작업\21. 정시모집 관련\00. 소스(모집요강)\충청호남\4. 충청권\2027_금강대_정시요강.pdf
121,김천대,감점,14,"13 2027학년도 정시 가군 모집요강 4. 대학수학능력시험 성적 반영방법모집계열(단위)대학수학능력시험 영역별 반영비율(%)영어 등급별 점수한국사 가산점비고활용지표반영영역 수국어수학영어탐구사/과과목수해당모집단위백분위3(40)(40)40(필수)20(필수)상위1 1등급 : 100점 2등급 : 95점 3등급 : 90점 4등급 : 80점 5등급 : 70점 6등급 : 60점 7등급 : 50점 8등급 : 30점 9등급 : 10점 1~4등급: 10점(5등급부터 1점씩 차감)- 국어, 수학 중 선택- 탐구(사/과) 선택-가산점: 한국사 1~4등급: 10점 5등급부터 1점씩 차감※ [{(영어*0.4)+(국어, 수학 || 상위1 1등급 : 100점 2등급 : 95점 3등급 : 90점 4등급 : 80점 5등급 : 70점 6등급 : 60점 7등급 : 50점 8등급 : 30점 9등급 : 10점 1~4등급: 10점(5등급부터 1점씩 차감)- 국어, 수학 중 선택- 탐구(사/과) 선택-가산점: 한국사 1~4등급: 10점 5등급부터 1점씩 차감※ [{(영어*0.4)+(국어, 수학) 중 상위 1개 영역*0.4)+(탐구 중 상위 1과목*0.2)}*9]+(한국사 가산점)※ 영어는 등급별 점수반영5. 수능 최저학력기준 : 해당사항 없음6. 선발방법 및 기준 m 합격자는 모집단위 및 전형유형별 고득점자(총점) 순으로 선발함 m 예비순위자는 필요 시 선발하며, 모집단위 및 전형별 전체(불합격자 제외)가 대상이 됨 m 입학전형의 개인별 평가 내용은 공개하지 않음 m ||  : 10점 1~4등급: 10점(5등급부터 1점씩 차감)- 국어, 수학 중 선택- 탐구(사/과) 선택-가산점: 한국사 1~4등급: 10점 5등급부터 1점씩 차감※ [{(영어*0.4)+(국어, 수학) 중 상위 1개 영역*0.4)+(탐구 중 상위 1과목*0.2)}*9]+(한국사 가산점)※ 영어는 등급별 점수반영5. 수능 최저학력기준 : 해당사항 없음6. 선발방법 및 기준 m 합격자는 모집단위 및 전형유형별 고득점자(총점) 순으로 선발함 m 예비순위자는 필요 시 선발하며, 모집단위 및 전형별 전체(불합격자 제외)가 대상이 됨 m 입학전형의 개인별 평가 내용은 공개하지 않음 m 불합격 처리기준 : 필수서류 미제출자 및 지원자격 미달로 확인된 자 r 동점자 선발기준모집시기전형명동점자 선발 순위정시 ∙ 일반전형 ∙ 농어촌학생전형 ∙ 기",C:\Users\User\Desktop\업무\작업\21. 정시모집 관련\00. 소스(모집요강)\영남제주\6. 영남권\2027_김천대_정시요강.pdf
122,나사렛대,등급 환산,"25,26","- 25 - 5수능 반영방법 1. 대학수학능력시험 성적 반영방법 평가지표과목별 반영비율국어, 수학, 영어사회/과학/직업탐구백분위국어, 수학, 탐구우수 2개 영역 각 40%우수 1개 과목 20%등급영어 ※ 한국사는 필수 응시 <영어 영역 등급 따른 배점표> 등급123456789배점1009080706050403020 <수능성적 반영예시> 과 목 명 구 분한국사영역국어영역수학영역영어영역사회탐구영역제2외국어/한문 영역확률과 통계생활과윤리사회․문화일본어Ⅰ표준점수131137536469백분위9395 759395등 급2221 4 2 2 1) 반영영역 - 국어(93), 수학(95), 영어(1등급) → 수학(95), 영어 등급 환산점수(100) / 각 40% 반영 - 사회탐구 : || 율국어, 수학, 영어사회/과학/직업탐구백분위국어, 수학, 탐구우수 2개 영역 각 40%우수 1개 과목 20%등급영어 ※ 한국사는 필수 응시 <영어 영역 등급 따른 배점표> 등급123456789배점1009080706050403020 <수능성적 반영예시> 과 목 명 구 분한국사영역국어영역수학영역영어영역사회탐구영역제2외국어/한문 영역확률과 통계생활과윤리사회․문화일본어Ⅰ표준점수131137536469백분위9395 759395등 급2221 4 2 2 1) 반영영역 - 국어(93), 수학(95), 영어(1등급) → 수학(95), 영어 등급 환산점수(100) / 각 40% 반영 - 사회탐구 : 생활과윤리(75), 사회문화(93) → 우수 1개 과목 20% 반영 2) 산출식 : [수학(95)×0.4] ＋ [영어(100)×0.4] ＋ [사회문 || - 26 - ※ 우리나라 고교 교육과정별 국어,영어,수학,사회,과학 교과(군) 기준으로 편성된 과목을 반영하며, 소수점 넷째자리에서 반올림함.※ 한국사 과목을 이수한 경우 사회교과에 포함하여 반영함.※ 학년별 가중치(1학년 30%, 2학년 35%, 3학년 35%)를 적용하되, 학년별 반영교과의 개수가 3개 미만일 경우 부족한 교과 수만큼 9등급으로 적용함.※ 특성화고졸업자전형의 경우에는 학년별 가중치를 적용하지 않고, 전학년 우수 3개 교과별 전과목 석차등급평균으로 산출함. 나. 졸업연도별 반영방법구분평가지표반영방법2027년 2월 졸업예정자석차등급∑❨1학년 전학기 우수 3개 교과별 평균석차등급❩× 30%",C:\Users\User\Desktop\업무\작업\21. 정시모집 관련\00. 소스(모집요강)\충청호남\4. 충청권\2027_나사렛대_정시요강.pdf
123,남부대,감점,"3,12,13,14,15","촌학생(정원외), 기초/차상위/한부모(정원외) : 학생부 100% ▪ 지역인재(정원내), 지역인재기회균형(정원내): 학생부 70%+ 면접 30%학생부학년별 반영비율100%(1,2,3학년) 100%(1,2,3학년)반영과목- 반영교과: 국어, 영어, 수학, 사회, 과학, 한국사- 반영과목: 공통과목과 일반선택과목 중 학생이 이수한 과목- 이수단위 및 진로선택과목 가산점- 반영교과: 국어, 영어, 수학, 사회, 과학, 한국사- 반영과목: 공통과목과 일반선택과목 중 학생이 이수한 과목- 이수단위 및 진로선택과목 가산점수능 최저학력기준변경‣ 간호학과- 일반학생전형: 국어, 영어, 수학, 탐구(사+과 중 1과목) 중 2개 영역 합산 11등급이내- 농어촌학생, 기초/차상위/한부모 전형: 국어, 영어, 수학, 탐구(사+과 중 1과목) 중  || 학년별 반영비율100%(1,2,3학년) 100%(1,2,3학년)반영과목- 반영교과: 국어, 영어, 수학, 사회, 과학, 한국사- 반영과목: 공통과목과 일반선택과목 중 학생이 이수한 과목- 이수단위 및 진로선택과목 가산점- 반영교과: 국어, 영어, 수학, 사회, 과학, 한국사- 반영과목: 공통과목과 일반선택과목 중 학생이 이수한 과목- 이수단위 및 진로선택과목 가산점수능 최저학력기준변경‣ 간호학과- 일반학생전형: 국어, 영어, 수학, 탐구(사+과 중 1과목) 중 2개 영역 합산 11등급이내- 농어촌학생, 기초/차상위/한부모 전형: 국어, 영어, 수학, 탐구(사+과 중 1과목) 중 2개 영역 합산 12등급이내‣ 간호학과- 일반학생전형: 국어, 영어, 수학, 탐구(사+과 중 1과목) 중 2개 영역 합산 12등급이내학교폭력조치사항- ||  반영비율- 전 모집단위 : 수능60% + 학생부40%- 간호학과: 수능 100%- 전 모집단위: 수능60% + 학생부40%- 간호학과, 방사선학과: 수능 100%수능성적 반영방법‣ 수능성적 반영비율 ▪ 전 모집단위: 국어(30%), 영어(25%), 수학(30%) + 한국사(5%) + 탐구1과목(10%)▪ 간호학과: 국어(30%), 영어(30%), 수학(30%) + 한국사(5%) + 탐구1과목(5%)‣ 수능성적 반영비율 ▪ 전 모집단위: 국어(30%), 영어(25%), 수학(30%) + 한국사(5%) + 탐구1과목(10%)▪ 간호학과, 방사선학과: 국어(30%), 영어(30%), 수학(30%) + 한국사(5%) + 탐구1과목(5%)학교폭력조치사항- 전형총점에서 1~9호에 따라 최저 3점 ~ 최고 30점 감점 - 전형총점에서  || 능60% + 학생부40%- 간호학과, 방사선학과: 수능 100%수능성적 반영방법‣ 수능성적 반영비율 ▪ 전 모집단위: 국어(30%), 영어(25%), 수학(30%) + 한국사(5%) + 탐구1과목(10%)▪ 간호학과: 국어(30%), 영어(30%), 수학(30%) + 한국사(5%) + 탐구1과목(5%)‣ 수능성적 반영비율 ▪ 전 모집단위: 국어(30%), 영어(25%), 수학(30%) + 한국사(5%) + 탐구1과목(10%)▪ 간호학과, 방사선학과: 국어(30%), 영어(30%), 수학(30%) + 한국사(5%) + 탐구1과목(5%)학교폭력조치사항- 전형총점에서 1~9호에 따라 최저 3점 ~ 최고 30점 감점 - 전형총점에서 1~8호에 따라 최저 3점 ~ 최고 24점 감점- 9호 부적격 처리 || 30%), 영어(25%), 수학(30%) + 한국사(5%) + 탐구1과목(10%)▪ 간호학과: 국어(30%), 영어(30%), 수학(30%) + 한국사(5%) + 탐구1과목(5%)‣ 수능성적 반영비율 ▪ 전 모집단위: 국어(30%), 영어(25%), 수학(30%) + 한국사(5%) + 탐구1과목(10%)▪ 간호학과, 방사선학과: 국어(30%), 영어(30%), 수학(30%) + 한국사(5%) + 탐구1과목(5%)학교폭력조치사항- 전형총점에서 1~9호에 따라 최저 3점 ~ 최고 30점 감점 - 전형총점에서 1~8호에 따라 최저 3점 ~ 최고 24점 감점- 9호 부적격 처리 || 반영비율1학년2학년3학년교과성적출결전 모집단위(간호학과 제외) 100%90%10% 나. 교과 성적 반영 과목 및 가산점 1) 반영과목모집단위학년반 영 교 과(기초, 탐구영역)활용지표비고전 모집단위공통공통과목과 일반선택 이수 과목 중 국어, 영어, 수학, 사회, 과학, 한국사 전 과목 반영석차등급* 진로선택 과목 가산점* 이수단위수 가산점* 전문교과 제외※ 석차등급이 표기된 과목만 반영하며, 전체 평균석차등급은 소수점 셋째자리에서 반올림 2) 가산점: 가산점은 학생부 교과 환산성적에 반영하며 환산성적 만점을 초과할 수 없음 가) 반영교과 이수단위 합이 70 이상일 경우 가산점 부여구분학생부 100% 학생부 40% 가산점20 5※ 검정고시 출신자 및 외국고교 출신자의 경우 이수단위 가산점 미반영 나) 진로선택과목 성취도 등급에  || -13- 다. 교과성적 산출 방법구 분 산출방법2022년 ~ 2027년 2월 졸업예정자 공통과목과 일반선택 이수 과목 중 국어, 영어, 수학, 사회, 과학, 한국사 전 과목 석차 등급의 합 ÷ 반영과목 수2021년 ~ 2008년 2월 졸업자 국어, 수학, 영어, 사회(한국사 포함), 과학교과(군) 중 석차등급이 산출되는 전 과목 석차등급의 합 ÷ 반영과목 수2007년 2월 이전 졸업자 과목석차등급 또는 학기별 계열석차 백분율에 따른 등급별 점수 반영검정고시 합격자검정고시 전체 평균점수를 이용하여 등급별 점수 반영외국고교과정 이수자이수학년(학기) 전체 과목의 평균점수를 이용하여 등급별 점수 반영※ 계열석차가 기재되어  || -13- 다. 교과성적 산출 방법구 분 산출방법2022년 ~ 2027년 2월 졸업예정자 공통과목과 일반선택 이수 과목 중 국어, 영어, 수학, 사회, 과학, 한국사 전 과목 석차 등급의 합 ÷ 반영과목 수2021년 ~ 2008년 2월 졸업자 국어, 수학, 영어, 사회(한국사 포함), 과학교과(군) 중 석차등급이 산출되는 전 과목 석차등급의 합 ÷ 반영과목 수2007년 2월 이전 졸업자 과목석차등급 또는 학기별 계열석차 백분율에 따른 등급별 점수 반영검정고시 합격자검정고시 전체 평균점수를 이용하여 등급별 점수 반영외국고교과정 이수자이수학년(학기) 전체 과목의 평균점수를 이용하여 등급별 점수 반영※ 계열석차가 기재되어 있지 않을 경우 학급석차로 반영※ 계열석차가 한 학기(학년) 석차만 기재되어 있을 경우 이를 나머지 학기에 동일",C:\Users\User\Desktop\업무\작업\21. 정시모집 관련\00. 소스(모집요강)\충청호남\5. 호남권\2027_남부대_정시요강.pdf
124,남서울대,등급 환산,"26,27","-90%(900점)--10%(100점)100%(1,000점)2. 대학수학능력시험 성적 반영방법 가. 성적활용: 2027학년도 대학수학능력시험 나. 수능 영역별 반영비율 및 선택과목 1) 영역별 반영비율 모집계열선발방법수능성적활용지표반영영역수수능영역별 반영비율(100%)한국사국어수학영어탐구제2외국어/한문사회/과학/직업전체계열일괄합산국어∙수학∙탐구: 백분위영어: 등급별 환산점수2국어, 수학, 영어, 탐구(상위 1과목) 중 최고점 2과목 각 50%반영안함필수응시※ 한국사는 지원자격으로만 활용 2) 영어 등급별 환산점수 1등급2등급3등급4등급5등급6등급7등급8등급9등급100점85점70점50점30점10점5점3점0점 3) 대학수학능력시험 성적 계산법 - 공학·인문사회·자연과학·광역 계열 계산법수능성적[1,000점]=[(국·영·수·탐구( || 영비율 모집계열선발방법수능성적활용지표반영영역수수능영역별 반영비율(100%)한국사국어수학영어탐구제2외국어/한문사회/과학/직업전체계열일괄합산국어∙수학∙탐구: 백분위영어: 등급별 환산점수2국어, 수학, 영어, 탐구(상위 1과목) 중 최고점 2과목 각 50%반영안함필수응시※ 한국사는 지원자격으로만 활용 2) 영어 등급별 환산점수 1등급2등급3등급4등급5등급6등급7등급8등급9등급100점85점70점50점30점10점5점3점0점 3) 대학수학능력시험 성적 계산법 - 공학·인문사회·자연과학·광역 계열 계산법수능성적[1,000점]=[(국·영·수·탐구(상위 1과목) 중 상위 1과목×0.5)+(국·영·수·탐구(상위 1과목) 중 상위 1과목×0.5)]×10 - 예능계열 계산법수능성적[200점]=[(국·영·수·탐구(상위 1과목) 중 상위 1과목×0. || 학교생활기록부 성적 반영방법 가. 학생부 반영교과 모집전형반영방법반영학기수성적활용학생부교과(계약학과 채용조건형, 성인학습자전형)등급 산출 과목 중 석차 등급 상위 12과목 + 진로선택과목 상위 3과목5학기(3학년 1학기까지)석차등급 ※ 반영교과: 국어, 수학, 영어, 한국사, 사회, 과학 ※ 미이수 과목은 최저점 처리함 / 진로선택과목의 경우 성취도별 점수 반영 나. 학생부 반영방법 1) 교과별 반영과목 선택 방법: 학년 학기별 구분 없이 과목별 석차 등급 점수가 높은 과목을 자동 선택하여 반영 2) 최종 총점 성적산출시 소수점 셋째자리에서 반올림하여 소수점 둘째자리까지 반영 3) 과목석차 등급별 반영 점수표: 각 과목별 등급을 점수화등급123456789반영점수(점)100908070605040300 4) 진로선택과목 성취도별",C:\Users\User\Desktop\업무\작업\21. 정시모집 관련\00. 소스(모집요강)\충청호남\4. 충청권\2027_남서울대_정시요강.pdf
125,대구가톨릭대,가점,"29,39,40,41","모집단위수능최저학력기준비 고의예과 수능 3개 영역 등급 합 4 이내 ※ 4개영역(국어, 수학, 영어, 탐구) 응시 필수 ※ 수학영역은 선택과목 미적분 또는 기하 응시 필수 ※ 탐구영역은 과학탐구 2과목 응시 필수 ※ 탐구영역은 과학탐구 2과목 평균 반영(소수점 절사) 한국사 응시 필수 || 력시험 반영 영역 및 비율모집단위국어(%)수학(%)영어(%)탐구(%)탐구반영 수반영영역 선택 및 가산점 반영 방법사회과학직업전체 모집단위※ 아 래 모 집 단 위 제 외성적이 우수한 영역 3개를[40% : 35% : 25%] 순으로 반영상위 1과목 반영• 백분위 반영• 한국사 등급별 가산점 부여의예과303010-30-2과목 평균 반영• 표준점수 반영• 수학 선택과목(미적분 또는 기하) 응시 필수• 탐구영역은 과학탐구 응시 필수• 한국사 등급별 가산점 부여간호학과30302020상위 1과목 반영• 백분위 반영• 한국사 등급별 가산점 부여약학부303010-30-2과목 평균 반영• 표준점수 반영• 수학 선택과목(미적분 또는 기하) 응시 필수• 탐구영역은 과학탐구 응시 필수• 한국사 등급별 가산점 부여체육교육과35152030-상위 1과 ||  외성적이 우수한 영역 3개를[40% : 35% : 25%] 순으로 반영상위 1과목 반영• 백분위 반영• 한국사 등급별 가산점 부여의예과303010-30-2과목 평균 반영• 표준점수 반영• 수학 선택과목(미적분 또는 기하) 응시 필수• 탐구영역은 과학탐구 응시 필수• 한국사 등급별 가산점 부여간호학과30302020상위 1과목 반영• 백분위 반영• 한국사 등급별 가산점 부여약학부303010-30-2과목 평균 반영• 표준점수 반영• 수학 선택과목(미적분 또는 기하) 응시 필수• 탐구영역은 과학탐구 응시 필수• 한국사 등급별 가산점 부여체육교육과35152030-상위 1과목 반영• 백분위 반영• 탐구영역 중 직업탐구는 반영 불가• 한국사 등급별 가산점 부여음악공연예술대학디자인대학성적이 우수한 영역 2개를[60% : 40%] 순으로  || 목 반영• 백분위 반영• 한국사 등급별 가산점 부여의예과303010-30-2과목 평균 반영• 표준점수 반영• 수학 선택과목(미적분 또는 기하) 응시 필수• 탐구영역은 과학탐구 응시 필수• 한국사 등급별 가산점 부여간호학과30302020상위 1과목 반영• 백분위 반영• 한국사 등급별 가산점 부여약학부303010-30-2과목 평균 반영• 표준점수 반영• 수학 선택과목(미적분 또는 기하) 응시 필수• 탐구영역은 과학탐구 응시 필수• 한국사 등급별 가산점 부여체육교육과35152030-상위 1과목 반영• 백분위 반영• 탐구영역 중 직업탐구는 반영 불가• 한국사 등급별 가산점 부여음악공연예술대학디자인대학성적이 우수한 영역 2개를[60% : 40%] 순으로 반영상위 1과목 반영• 백분위 반영• 한국사 등급별 가산점 부여 ※ 가산점을 포함 || 은 과학탐구 응시 필수• 한국사 등급별 가산점 부여간호학과30302020상위 1과목 반영• 백분위 반영• 한국사 등급별 가산점 부여약학부303010-30-2과목 평균 반영• 표준점수 반영• 수학 선택과목(미적분 또는 기하) 응시 필수• 탐구영역은 과학탐구 응시 필수• 한국사 등급별 가산점 부여체육교육과35152030-상위 1과목 반영• 백분위 반영• 탐구영역 중 직업탐구는 반영 불가• 한국사 등급별 가산점 부여음악공연예술대학디자인대학성적이 우수한 영역 2개를[60% : 40%] 순으로 반영상위 1과목 반영• 백분위 반영• 한국사 등급별 가산점 부여 ※ 가산점을 포함한 점수가 만점을 초과할 수 있음 ※ 모든 모집단위는 모집단위별 수능 반영 영역 개수에 맞추어 응시 가능 ※ 단, 의예과, 간호학과, 약학부, 체육교육과는 수능 반 || 가산점 부여약학부303010-30-2과목 평균 반영• 표준점수 반영• 수학 선택과목(미적분 또는 기하) 응시 필수• 탐구영역은 과학탐구 응시 필수• 한국사 등급별 가산점 부여체육교육과35152030-상위 1과목 반영• 백분위 반영• 탐구영역 중 직업탐구는 반영 불가• 한국사 등급별 가산점 부여음악공연예술대학디자인대학성적이 우수한 영역 2개를[60% : 40%] 순으로 반영상위 1과목 반영• 백분위 반영• 한국사 등급별 가산점 부여 ※ 가산점을 포함한 점수가 만점을 초과할 수 있음 ※ 모든 모집단위는 모집단위별 수능 반영 영역 개수에 맞추어 응시 가능 ※ 단, 의예과, 간호학과, 약학부, 체육교육과는 수능 반영 영역 중 1개 영역이라도 응시하지 않은 경우 불합격 처리 다. 수능최저학력기준모집단위전형명수능최저학력기준비 고의예과지 || 톨릭대학교 2027학년도 정시모집요강 - 38 - 라. 영어 영역 등급별 배점표모집단위1등급2등급3등급4등급5등급6등급7등급8등급9등급전체 모집단위※ 의예과, 약학부 제외1009794929088868380의예과, 약학부200180160140120100806040 마. 한국사 영역 가산점 부여 방법 1) 등급별 가산점1등급2등급3등급4등급5등급6등급7등급8등급9등급554433210 2) 모집단위별 부여 방법모집단위부여방법전체 모집단위(아래 모집단위 제외) 25% 반영되는 영역에 가산하여 반영의예과과학탐구에 가산하여 반영간호학과탐구영역에 가산하여 반영약학부과학탐구에 가산하여 반영체육교육과탐구영역에 가산하여 반영음악공연예술대학, 디자인대학40% 반영되는 영역에 가산하여 반영 바. 대학수학능력시험 성적 산출 방법 1) 전체 모집단위 ||  상위 1순위 영역의 취득 백분위 점수 × 반영비율(40%) × 전형유형별 승수) + (반영영역 중 성적이 우수한 상위 2순위 영역의 취득 백분위 점수 × 반영비율(35%) × 전형유형별 승수) +{(반영영역 중 성적이 우수한 상위 3순위 영역의 취득 백분위 점수 + 한국사 가산점) × 반영비율(25%) × 전형유형별 승수} ※ 소수점은 최종 계산값을 소수점 셋째자리에서 반올림하여 둘째자리까지 반영 2) 의예과, 약학부산출식(국어영역 취득 표준점수 × 국어영역 반영비율(30%) × 전형유형별 승수) + (수학영역 취득 표준점수 × 수학영역 반영비율(30%) × 전형유형별 승수) + (영어영역 등급별 배점 × 영어영역 반영비율(10%) × 전형유형별 승수) + {(과학탐구영역 변환표준점수 2과목 평균 + 한국사 가산점) × 탐",C:\Users\User\Desktop\업무\작업\21. 정시모집 관련\00. 소스(모집요강)\영남제주\6. 영남권\2027_대구가톨릭대_정시요강.pdf
126,대구대,가점,"4,10,12,28,29"," 스포츠레저학과 / 스포츠헬스케어학과 ◎ 2027학년도 대학수학능력시험 성적 반영방법 - 대학수학능력시험 성적 활용지표: 백분위 - 대학수학능력시험 성적 반영비율 및 가산점계열2027학년도 수능영역별 반영비율(%) 가산점국어수학영어탐구(사/과/직)인문사회30203020한국사 등급별 가산점자연과학/공학20303020한국사 등급별 가산점, 과학탐구 5%예체능40- 3030한국사 등급별 가산점※ 탐구영역은 사회탐구, 과학탐구, 직업탐구 중 상위 1개 과목 선택(가산점을 포함한 환산점수 기준)※ 한국사 등급별 가산점(환산점수 기준)등급1~23~45 6 7 8 이하가산점5 4 3 2 1 0※ 영어성적 등급별 부여 점수(영어성적) 등급123456789점수1009794918885827976 || 7학년도 대학수학능력시험 성적 반영방법 - 대학수학능력시험 성적 활용지표: 백분위 - 대학수학능력시험 성적 반영비율 및 가산점계열2027학년도 수능영역별 반영비율(%) 가산점국어수학영어탐구(사/과/직)인문사회30203020한국사 등급별 가산점자연과학/공학20303020한국사 등급별 가산점, 과학탐구 5%예체능40- 3030한국사 등급별 가산점※ 탐구영역은 사회탐구, 과학탐구, 직업탐구 중 상위 1개 과목 선택(가산점을 포함한 환산점수 기준)※ 한국사 등급별 가산점(환산점수 기준)등급1~23~45 6 7 8 이하가산점5 4 3 2 1 0※ 영어성적 등급별 부여 점수(영어성적) 등급123456789점수1009794918885827976 || 험 성적 활용지표: 백분위 - 대학수학능력시험 성적 반영비율 및 가산점계열2027학년도 수능영역별 반영비율(%) 가산점국어수학영어탐구(사/과/직)인문사회30203020한국사 등급별 가산점자연과학/공학20303020한국사 등급별 가산점, 과학탐구 5%예체능40- 3030한국사 등급별 가산점※ 탐구영역은 사회탐구, 과학탐구, 직업탐구 중 상위 1개 과목 선택(가산점을 포함한 환산점수 기준)※ 한국사 등급별 가산점(환산점수 기준)등급1~23~45 6 7 8 이하가산점5 4 3 2 1 0※ 영어성적 등급별 부여 점수(영어성적) 등급123456789점수1009794918885827976 || 학영어탐구(사/과/직)인문사회30203020한국사 등급별 가산점자연과학/공학20303020한국사 등급별 가산점, 과학탐구 5%예체능40- 3030한국사 등급별 가산점※ 탐구영역은 사회탐구, 과학탐구, 직업탐구 중 상위 1개 과목 선택(가산점을 포함한 환산점수 기준)※ 한국사 등급별 가산점(환산점수 기준)등급1~23~45 6 7 8 이하가산점5 4 3 2 1 0※ 영어성적 등급별 부여 점수(영어성적) 등급123456789점수1009794918885827976 || %)총점 수능학생부(출결)해당 모집단위(p. 3~4 참고) 900점(90%)100점(10%)1,000점 ※ 학교폭력 조치사항 반영방법: 30p. 참조[수능성적 반영비율 및 가산점]계 열활용지표 수능 영역 가산점국어수학영어탐구(사/과/직)인문사회백분위/등급30203020한국사 등급별자연과학/공학20303020한국사 등급별, 과탐 5%예체능40- 3030한국사 등급별※ 탐구영역은 사회탐구, 과학탐구, 직업탐구 중 상위 1개 과목 선택(가산점을 포함한 환산점수 기준)※ 한국사 등급별 가산점(환산점수 기준)등급1~23~45 6 7 8 이하가산점5 4 3 2 1 0※ 영어성적 등급별 부여 점수(영어성적) 등급123456789점수1009794918885827976 ◎ 동점자 처리기준모집단위(계열) 우선순위인문사회계열수능 환산성적순 ①국 || p. 3~4 참고) 900점(90%)100점(10%)1,000점 ※ 학교폭력 조치사항 반영방법: 30p. 참조[수능성적 반영비율 및 가산점]계 열활용지표 수능 영역 가산점국어수학영어탐구(사/과/직)인문사회백분위/등급30203020한국사 등급별자연과학/공학20303020한국사 등급별, 과탐 5%예체능40- 3030한국사 등급별※ 탐구영역은 사회탐구, 과학탐구, 직업탐구 중 상위 1개 과목 선택(가산점을 포함한 환산점수 기준)※ 한국사 등급별 가산점(환산점수 기준)등급1~23~45 6 7 8 이하가산점5 4 3 2 1 0※ 영어성적 등급별 부여 점수(영어성적) 등급123456789점수1009794918885827976 ◎ 동점자 처리기준모집단위(계열) 우선순위인문사회계열수능 환산성적순 ①국어 ②영어 ③수학 ④탐구(상위1개) ⑤학 || 10%)1,000점 ※ 학교폭력 조치사항 반영방법: 30p. 참조[수능성적 반영비율 및 가산점]계 열활용지표 수능 영역 가산점국어수학영어탐구(사/과/직)인문사회백분위/등급30203020한국사 등급별자연과학/공학20303020한국사 등급별, 과탐 5%예체능40- 3030한국사 등급별※ 탐구영역은 사회탐구, 과학탐구, 직업탐구 중 상위 1개 과목 선택(가산점을 포함한 환산점수 기준)※ 한국사 등급별 가산점(환산점수 기준)등급1~23~45 6 7 8 이하가산점5 4 3 2 1 0※ 영어성적 등급별 부여 점수(영어성적) 등급123456789점수1009794918885827976 ◎ 동점자 처리기준모집단위(계열) 우선순위인문사회계열수능 환산성적순 ①국어 ②영어 ③수학 ④탐구(상위1개) ⑤학생부 출결 성적자연과학/공학계열수능 환산성적순 || 역 가산점국어수학영어탐구(사/과/직)인문사회백분위/등급30203020한국사 등급별자연과학/공학20303020한국사 등급별, 과탐 5%예체능40- 3030한국사 등급별※ 탐구영역은 사회탐구, 과학탐구, 직업탐구 중 상위 1개 과목 선택(가산점을 포함한 환산점수 기준)※ 한국사 등급별 가산점(환산점수 기준)등급1~23~45 6 7 8 이하가산점5 4 3 2 1 0※ 영어성적 등급별 부여 점수(영어성적) 등급123456789점수1009794918885827976 ◎ 동점자 처리기준모집단위(계열) 우선순위인문사회계열수능 환산성적순 ①국어 ②영어 ③수학 ④탐구(상위1개) ⑤학생부 출결 성적자연과학/공학계열수능 환산성적순 ①수학 ②영어 ③국어 ④탐구(상위1개) ⑤학생부 출결 성적예체능계열수능 환산성적순 ①국어 ②영어 ③탐구(상위1개) ",C:\Users\User\Desktop\업무\작업\21. 정시모집 관련\00. 소스(모집요강)\영남제주\6. 영남권\2027_대구대_정시요강.pdf
127,대구한의대,감점,"4,15,18,23,24","-4- ▢ 수능성적 반영방법모집계열수능 영역별 반영비율한국사탐구반영과목수가산점비고국어수학영어탐구미적분기하확률과통계한의예과(자연)25%25%-25%25%(과탐)가산점2없음국+수+영+과탐2*수학: 미적분, 기하 중 택1한의예과(인문)25%-25%25%25%(사탐) 2 국+수+영+사탐2*수학: 확률과통계전 모집단위(한의제외)30%30%20%20%1 국+수+영+탐구1 * 백분위점수를 비율에 따라 환산, 영어 등급 환산, 한국사 가산점 반영(제2외국어/한문은 반영 안함)‣ 한국사 반영방법 : 등급별 가산점 한국사등급별 가산 || %(과탐)가산점2없음국+수+영+과탐2*수학: 미적분, 기하 중 택1한의예과(인문)25%-25%25%25%(사탐) 2 국+수+영+사탐2*수학: 확률과통계전 모집단위(한의제외)30%30%20%20%1 국+수+영+탐구1 * 백분위점수를 비율에 따라 환산, 영어 등급 환산, 한국사 가산점 반영(제2외국어/한문은 반영 안함)‣ 한국사 반영방법 : 등급별 가산점 한국사등급별 가산점1~2등급3~4등급5~6등급7등급8등급9등급10점9점8점7점6점5점‣ 영어 반영방법: 등급별 점수표에 따라 환산 반영 수능 영어등급별 점수1등급2등급3등급4등급5등급6등급7등급8등급9등급100점98점96점94점92점90점88점86점84점‣ 학교폭력조치사항 유형에 따른 감점요소 적용 학교폭력조치사항(호수)감점감점항목평가세부1호 ~ 3호5점최종 산출된 대학총점최종 ||  기하 중 택1한의예과(인문)25%-25%25%25%(사탐) 2 국+수+영+사탐2*수학: 확률과통계전 모집단위(한의제외)30%30%20%20%1 국+수+영+탐구1 * 백분위점수를 비율에 따라 환산, 영어 등급 환산, 한국사 가산점 반영(제2외국어/한문은 반영 안함)‣ 한국사 반영방법 : 등급별 가산점 한국사등급별 가산점1~2등급3~4등급5~6등급7등급8등급9등급10점9점8점7점6점5점‣ 영어 반영방법: 등급별 점수표에 따라 환산 반영 수능 영어등급별 점수1등급2등급3등급4등급5등급6등급7등급8등급9등급100점98점96점94점92점90점88점86점84점‣ 학교폭력조치사항 유형에 따른 감점요소 적용 학교폭력조치사항(호수)감점감점항목평가세부1호 ~ 3호5점최종 산출된 대학총점최종 산출된 대학총점에서 학폭조치사항 호수별 감점 적용4 || -25%25%25%(사탐) 2 국+수+영+사탐2*수학: 확률과통계전 모집단위(한의제외)30%30%20%20%1 국+수+영+탐구1 * 백분위점수를 비율에 따라 환산, 영어 등급 환산, 한국사 가산점 반영(제2외국어/한문은 반영 안함)‣ 한국사 반영방법 : 등급별 가산점 한국사등급별 가산점1~2등급3~4등급5~6등급7등급8등급9등급10점9점8점7점6점5점‣ 영어 반영방법: 등급별 점수표에 따라 환산 반영 수능 영어등급별 점수1등급2등급3등급4등급5등급6등급7등급8등급9등급100점98점96점94점92점90점88점86점84점‣ 학교폭력조치사항 유형에 따른 감점요소 적용 학교폭력조치사항(호수)감점감점항목평가세부1호 ~ 3호5점최종 산출된 대학총점최종 산출된 대학총점에서 학폭조치사항 호수별 감점 적용4호 ~ 6호10점7호 ~ 8호20점 || 학 또는 주소지가 변동될 경우 지원자격 미달로 합격이 취소됨※ 수능최저학력기준 적용모집단위수능 최저학력기준한의예과(자연) 4개영역 중 상위 3개영역[국어/수학(미적분, 기하 중 택 1)/영어/과탐] 등급 합 6이내 * 영어 2등급 이상 필수 * 탐구과목은 1과목 반영(한국사, 제2외국어/한문은 반영 안함) ||  있는 가구의 학생 또는 차상위 계층 확인서 발급 대상자) ※ 수능최저학력기준 적용 모집단위수능 최저학력기준한의예과(자연) 4개영역 중 상위 3개영역[국어/수학(미적분, 기하 중 택 1)/영어/과탐] 등급 합 6이내 *영어 2등급 이상 필수 * 탐구과목은 1과목 반영(한국사, 제2외국어/한문은 반영 안함) 3. 전형방법 가. 전형요소별 반영비율 모집군전형구분전형단계모집단위수능총점가군기초및차상위계층전형일괄합산해당 모집단위100%1000점나군 나. 수능성적 반영방법 : 상세반영 방법은 Ⅴ-1 수능반영방법(P.23) 참조, 백분위 점수를 환산 반영 ※ 한의예과의 경우 탐구2과목 평균하여 반영, 그 외 모집단위의 경우 상위 1과목 반영 (단, 제2외국어/한문은 반영 안함), 수능 미 응시자의 경우 기본점수만 부여함. || -23- Ⅴ-1. 수능 반영방법01. 모집단위 계열별 수능 반영방법 ○ 백분위 점수 활용 : 취득 백분위 점수를 영역별 반영비율과 가산점에 따라 환산 (총점 1,000점 기준)모집계열수능 영역별 반영비율한국사가산점비고국어수학영어탐구미적분/기하확률과통계한의예과(자연)25%25%-25%25%(과탐)가산점-국+수+영+과탐2*수학: 미적분,기하 중 택1한의예과(인문)25%-25%25%25%(사탐) -국+수+영+사탐2*수학: 확률과통계전 모집단위(한의제외)30%30%20%20%-국+수+영+탐구1 ※ 한의예과의 경우 탐구2과목 평균하여 반영, 그 외 모집단위의 경우 상위 1과목 반영 (단, 제2외국어/한문은 반영 안함), 수능 미 응시자의 경우 기본점수만 부여함. ○ 영 ||  경우 상위 1과목 반영 (단, 제2외국어/한문은 반영 안함), 수능 미 응시자의 경우 기본점수만 부여함. ○ 영어영역 반영방법 : 등급별 점수 반영영어등급별 점수표1등급2등급3등급4등급5등급6등급7등급8등급9등급100점98점96점94점92점90점88점86점84점 ○ 한국사 반영방법 : 등급에 따라 총점에 가산점 부여한국사등급별 가산점1~2등급3~4등급5~6등급7등급8등급9등급10점9점8점7점6점5점02. 대학 반영 수능성적 산출 방법{600 + 4 X ∑(영역별 취득 백분위점수×영역별 반영비율)}+한국사 가산점 ※ 수능성적은 소수점 아래 셋째 자리에서 반올림하여 둘째 자리까지 구하며, 수능 미 응시자는 0점 처리함◇ 수능성적 산출 예시 - 수능성적이 백분위 점수로 국어 55점, 수학(미적분) 54점, 영어 4등급, 과학탐구",C:\Users\User\Desktop\업무\작업\21. 정시모집 관련\00. 소스(모집요강)\영남제주\6. 영남권\2027_대구한의대_정시요강.pdf
128,대전대,가점,"31,32,33,34,38","00~19.3919.40~19.7919.80~20.1920.20~20.5920.60~20.9921.00~21.3921.40이상파울2회시초배점300점285점270점255점240점225점210점195점180점165점150점135점120점105점90점0점-사대학수학능력시험 한국사 가산점 반영방법 1) 스포츠과학부만 해당됩니다. 2) 가산점을 포함하여 대학수학능력시험 반영 총점을 초과할 수 없습니다.구분1등급2등급3등급4등급5등급6등급7등급8등급9등급한국사 가산점5 43210아제출서류 - 제출서류는 해당기관에서 발급받은(온라인 발급 포함) 원본만 유효하며, 원서접수 마감일을 기준으로 1개월 이내에 발급된 것만 인정합니다. 구분 제출서류<학교생활기록부 온라인 제출 방법> ① 2023학년도 졸업자(‘24.2.졸업) ~ 2026학년도 ( || 5점210점195점180점165점150점135점120점105점90점0점-사대학수학능력시험 한국사 가산점 반영방법 1) 스포츠과학부만 해당됩니다. 2) 가산점을 포함하여 대학수학능력시험 반영 총점을 초과할 수 없습니다.구분1등급2등급3등급4등급5등급6등급7등급8등급9등급한국사 가산점5 43210아제출서류 - 제출서류는 해당기관에서 발급받은(온라인 발급 포함) 원본만 유효하며, 원서접수 마감일을 기준으로 1개월 이내에 발급된 것만 인정합니다. 구분 제출서류<학교생활기록부 온라인 제출 방법> ① 2023학년도 졸업자(‘24.2.졸업) ~ 2026학년도 (조기)졸업예정자(’27.2.졸업) : 원서접수 시 온라인 제공 동의 시 자동 제출 ② 2004학년도 ~ 2022학년도 졸업자 : 온라인 생성 신청 시스템 개별생성 필수신청기간 :  || %)선택(33.3%)선택(33.3%)3개 § 상위 3개 영역 반영 § 사탐·과탐 : 상위 1과목 반영 * 선택된 영역의 반영 비율은 동일하게 적용함한의예과27%28%20%25%4개 § 4개 영역 반영 § 사탐·과탐 : 2과목 평균 반영 § 직업탐구 응시자 지원불가 ※ 한국사는 군사학과를 제외한 전 모집단위에서 취득 등급별 가산점 부여 ※ 탐구영역 : 일반학과 1과목 반영 / 한의예과 2과목 평균 반영 ※ 한의예과 : 수학(기하/미적분) 및 과학탐구 반영 시 전형 총점에 가산점 부여 - 수학 기하/미적분 응시자 3점 가산점 부여 - 과학탐구 1과목당 1.5점 가산점 부여 ※ 2027학년도 대학수학능력시험을 응시하지 않은 지원자는 최저점수를 적용합니다.(단, 일반전형 및 실기위주전형에서만 해당)2 영어영역 반영방법 : 취득 등급 ||  : 취득 등급별 환산점수 반영 1) 군사학과구분1등급2등급3등급4등급5등급6등급7등급8등급9등급환산점수1009590858075706560 2) 군사학과를 제외한 전 모집단위구분1등급2등급3등급4등급5등급6등급7등급8등급9등급환산점수1009080706045301503 한국사 반영방법 : 전형 총점에 가산점 부여구분1등급2등급3등급4등급5등급6등급7등급8등급9등급가산점5 43210 ※ 군사학과는 한국사 가산점 미적용 || 06560 2) 군사학과를 제외한 전 모집단위구분1등급2등급3등급4등급5등급6등급7등급8등급9등급환산점수1009080706045301503 한국사 반영방법 : 전형 총점에 가산점 부여구분1등급2등급3등급4등급5등급6등급7등급8등급9등급가산점5 43210 ※ 군사학과는 한국사 가산점 미적용 || 평균을 반영합니다. 2과목 백분위 합 / 2 ②영어영역은 취득 등급별 환산점수를 반영합니다.(p.32 참조) ③영역별 백분위에 다음의 반영비율을 곱한 뒤 합산합니다. 구분국어영역수학영역영어영역탐구영역반영비율2.72.82 2.5※ 직업탐구응시자 지원 불가 ④합산 점수에 한국사 가산점을 합산합니다. ※ 가산점을 포함하여 대학수학능력시험 반영 총점을 초과할 수 없습니다. 합산 점수 + 가산점(한국사, 수학, 과학탐구) ※ 수학 미적분, 기하 응시자 3점 가산점 부여, 과학탐구 1과목당 1.5점 가산점 부여 나3개 영역 반영 : 군사학과, 간호학과, 물리치료학과, 임상병리학과, 응급구조학과 1) 군사학과산출방법산출식 가) 탐구(사탐, 과탐)영역은 최우수 1과목을 반영합니다. 나) 영어영역은 취득 등급별 환산점수를 반영합니다.(p.3 || 위에 다음의 반영비율을 곱한 뒤 합산합니다. 구분국어영역수학영역영어영역탐구영역반영비율2.72.82 2.5※ 직업탐구응시자 지원 불가 ④합산 점수에 한국사 가산점을 합산합니다. ※ 가산점을 포함하여 대학수학능력시험 반영 총점을 초과할 수 없습니다. 합산 점수 + 가산점(한국사, 수학, 과학탐구) ※ 수학 미적분, 기하 응시자 3점 가산점 부여, 과학탐구 1과목당 1.5점 가산점 부여 나3개 영역 반영 : 군사학과, 간호학과, 물리치료학과, 임상병리학과, 응급구조학과 1) 군사학과산출방법산출식 가) 탐구(사탐, 과탐)영역은 최우수 1과목을 반영합니다. 나) 영어영역은 취득 등급별 환산점수를 반영합니다.(p.32 참조) 다) 선택영역 3개의 백분위점수 평균에 반영비율을 곱한 뒤 반영합니다. 구분선택영역(1)선택영역(2)선택영역(3 || 역(1)선택영역(2)선택영역(3)반영방법선택영역 백분위 평균 * 반영비율 10 ※ 선택영역 : 반영영역 중 백분위가 높은 3개 영역이 해당되며 탐구영역은 최우수 1과목 백분위로 비교·선택합니다. ※ 간호학과, 물리치료학과 : 직업탐구응시자 지원 불가 라) 합산 점수에 한국사 가산점을 합산합니다. ※ 가산점을 포함하여 대학수학능력시험 총점을 초과할 수 없습니다. 합산 점수 + 한국사 가산점",C:\Users\User\Desktop\업무\작업\21. 정시모집 관련\00. 소스(모집요강)\충청호남\4. 충청권\2027_대전대_정시요강.pdf
129,동명대,등급 환산,"20,21","학년도 동명대학교 정시모집요강 2027 29 6 학교생활기록부 교과성적 반영방법 반영내용 구분 반영방법 반영학기 • 학년 학기 학년 학기 학기 1 1 ~ 3 2 (6 ) 반영과목 • 국어 영어 수학 사회 한국사 포함 과학 교과 중 상위 과목 진로선택 과목 포함 , , , ( ), 8 ( ) 학년 학기 구분 없음 - , 국어 영어 수학 교과 중에서 과목 필수 진로선택 과목 최대 과목 - , , 3 , 2 동일 과목이라도 학기가 다를 경우 포함 - 이수 단위 미반영 - 산출방법 • 과목별 석차등급을 우리 대학 반영점수표에 적용하여 산출 기타 • 학교생활기록부 표시내용이 개 이상인 경우 등급 석차 백분율 순으로 반영함 2 , 우리 대학 성적 반영방법에 따른 과목 산출 || 평균점수 을 우리 대학 반영점수표 의 반영점수로 환산하여 총합 평균점수로 평가함 ( ) ‘ ’ • 소수점 아래 넷째 자리까지 표기 다섯째 자리 이후 버림 ( ) 산출방법 예시 ( ) • 반영학기 학년 학기 학년 학기 학기 의 학년 학기 구분 없이 국어 영어 수학 사회 한국사 포함 과학 교과 중 상위 과목 : 1 1 ~ 3 2 (6 ) , , , , ( ), 8 단 국어 영어 수학 교과 중에서 과목 필수 반영 학년 학기 구분 없음 단위수 반영 안함 ( , , , 3 / , / ) 구분 학생부 반영 전형의 산출 방법 100% 산출공식 반영점수 1-1 1-2 2-1 2-2 3-1 3-2 문학 기초 수학 지 구 과 학 Ⅰ국어Ⅰ 법과 정치 물리Ⅱ 독서와 문법 영어Ⅱ 등급 3 2 2 4 1 B 5 4 반영점수합계/8 990.25 만점 ",C:\Users\User\Desktop\업무\작업\21. 정시모집 관련\00. 소스(모집요강)\영남제주\6. 영남권\2027_동명대_정시요강.pdf
130,동서대,등급 환산,20,"평생학습자 및 정원 외 전형 학교생활기록부 반영방법 구분 반영과목 수 1학년 ~ 3학년 전 모집단위 10과목 국어, 영어, 수학, 사회, 과학 교과 중 3과목(석 차등급 ), 전 과목 중 7과목(진로선택 최대 2과목까지 반영가능) *사회교과 : 한국사, 역 사, 도덕 교과 포함 반영비율 100 100 적용방법 등 급별 환산점수 등 급별 환산점수 • 모집단위가 인문 ·사회, 자연, 공학계열 은 예체능교과 제외 - 모집단위가 예·체능계열 은 예체능교과 포 함함(단, 석차등 급이 표시되지 않은 과목은 제외) - 예체능교과: 미술 , 음악 , 예술 및 예술 에 관한 교과, 체육 및 체육 에 관한 교과 등 • 지원자가 이수한 과목 중 반영 과목 수가 부족 한 경우 반영 과목에 대한 등급 별 점수와 부 족한 과목",C:\Users\User\Desktop\업무\작업\21. 정시모집 관련\00. 소스(모집요강)\영남제주\6. 영남권\2027_동서대_정시요강.pdf
131,동신대,가점,"6,7,8,10,12,13","라 처리함 적용순위가군다군1 수능성적총점수능성적총점2 수능 국어영역 성적수능 국어영역 성적3 수능 수학영역 성적수능 수학영역 성적4 수능 영어영역 성적수능 영어영역 성적5수능 탐구영역 상위 1과목 성적수능 탐구영역 상위 1과목 성적6수능 탐구영역 2과목 평균 성적수능 한국사영역 성적7 수능 한국사영역 성적학생부 교과 산출성적 ※ 성적은 가산점이 포함된 반영성적 기준 제출서류 § 학생부 온라인제공 비동의자 및 비대상교 출신자 : 학교생활기록부 1부 § 2023년 2월 이전 졸업자(2023년 2월 졸업자 포함) : 학교생활기록부 1부 - 2005년 2월 ~ 2023년 2월 졸업자는 ‘온라인 생성신청 시스템(apply.neis.go.kr)’을 통해 대입전형자료 온라인 제공 신청 가능 (신청기간 : 2026. 12. 22.(화) ~ || 군1 수능성적총점수능성적총점2 수능 국어영역 성적수능 국어영역 성적3 수능 수학영역 성적수능 수학영역 성적4 수능 영어영역 성적수능 영어영역 성적5수능 탐구영역 상위 1과목 성적수능 탐구영역 상위 1과목 성적6수능 탐구영역 2과목 평균 성적수능 한국사영역 성적7 수능 한국사영역 성적학생부 교과 산출성적 ※ 성적은 가산점이 포함된 반영성적 기준 제출서류 § 학생부 온라인제공 비동의자 및 비대상교 출신자 : 학교생활기록부 1부 § 2023년 2월 이전 졸업자(2023년 2월 졸업자 포함) : 학교생활기록부 1부 - 2005년 2월 ~ 2023년 2월 졸업자는 ‘온라인 생성신청 시스템(apply.neis.go.kr)’을 통해 대입전형자료 온라인 제공 신청 가능 (신청기간 : 2026. 12. 22.(화) ~ 2027. 1. 7.( || 0점 만점으로 환산 후 성적순으로 선발함 ※ 가산점 반영시 1,000점 만점을 초과할 수 있음§ 동점자 발생 시 아래 기준에 따라 처리함적용순위기준1 수능성적총점2 수능 국어영역 성적3 수능 수학영역 성적4 수능 영어영역 성적5 수능 탐구영역 상위 1과목 성적6 수능 한국사영역 성적7 학생부 교과 산출성적 ※ 성적은 가산점이 포함된 반영성적 기준 제출서류 § 학생부 온라인제공 비동의자 및 비대상교 출신자 : 학교생활기록부 1부§ 2023년 2월 이전 졸업자(2023년 2월 졸업자 포함) : 학교생활기록부 1부 - 2005년 2월 ~ 2023년 2월 졸업자는 ‘온라인 생성신청 시스템(apply.neis.go.kr)’을 통해 대입전형자료 온라인 제공 신청 가능 (신청기간 : 2026. 12. 22.(화) ~ 2027. 1. 7. || 함 ※ 가산점 반영 시 1,000점 만점을 초과할 수 있음§ 동점자 발생 시 아래 기준에 따라 처리함 적용순위기준1 수능성적총점2 수능 국어영역 성적3 수능 수학영역 성적4 수능 영어영역 성적5 수능 탐구영역 상위 1과목 성적6 수능 탐구영역 2과목 평균 성적7 수능 한국사영역 성적 ※ 성적은 가산점이 포함된 반영성적 기준 제출서류 § 학생부 온라인제공 비동의자 및 비대상교 출신자 : 학교생활기록부 1부 § 2023년 2월 이전 졸업자(2023년 2월 졸업자 포함) : 학교생활기록부 1부 - 2005년 2월 ~ 2023년 2월 졸업자는 ‘온라인 생성신청 시스템(apply.neis.go.kr)’을 통해 대입전형자료 온라인 제공 신청 가능 (신청기간 : 2026. 12. 22.(화) ~ 2027. 1. 7.(목) 18:00)§  || + 출결4%) 선발원칙 § 1,000점 만점으로 환산 후 성적순으로 선발함 ※ 가산점 반영 시 1,000점 만점을 초과할 수 있음§ 동점자 발생 시 아래 기준에 따라 처리함 적용순위기준적용순위기준1 수능성적총점5수능 탐구영역 상위 1과목 성적2수능 국어영역 성적6수능 한국사영역 성적3수능 수학영역 성적7학생부 교과 산출성적4수능 영어영역 성적 ※ 성적은 가산점이 포함된 반영성적 기준 제출서류§ 학생부 온라인제공 비동의자 및 비대상교 출신자 : 학교생활기록부 1부 § 2023년 2월 이전 졸업자(2023년 2월 졸업자 포함) : 학교생활기록부 1부 - 2005년 2월 ~ 2023년 2월 졸업자는 ‘온라인 생성신청 시스템(apply.neis.go.kr)’을 통해 대입전형자료 온라인 제공 신청 가능 (신청기간 : 2026. 12. || - 10 - Ⅲ. 평가 방법 1대학수학능력시험 성적 반영방법가. 수능 영역별 반영비율군모집단위국어, 수학, 영어, 탐구 및 한국사 영역별 반영 비율(%)반영영역 선택 및 가산점 부여국어수학영어과학/사회탐구과학/사회/직업탐구한국사반영과목수자유선택반영과목수자유선택가군한의예과간호학과물리치료학과252520120--10수학(미적분/기하)5%다군전 모집단위252520--12010※ 영역별 미응시자 성적 반영방법 : 미응시한 영역의 성적을 0점 처리하여 반영※ 탐구영역점수 반영방법 : 상위 1과목 반영※ 영어/한국사는 수능 등급활용나. 수능성적 산출방법군구분성 적 산 출 방 법 활용지표가군한의예 || - 10 - Ⅲ. 평가 방법 1대학수학능력시험 성적 반영방법가. 수능 영역별 반영비율군모집단위국어, 수학, 영어, 탐구 및 한국사 영역별 반영 비율(%)반영영역 선택 및 가산점 부여국어수학영어과학/사회탐구과학/사회/직업탐구한국사반영과목수자유선택반영과목수자유선택가군한의예과간호학과물리치료학과252520120--10수학(미적분/기하)5%다군전 모집단위252520--12010※ 영역별 미응시자 성적 반영방법 : 미응시한 영역의 성적을 0점 처리하여 반영※ 탐구영역점수 반영방법 : 상위 1과목 반영※ 영어/한국사는 수능 등급활용나. 수능성적 산출방법군구분성 적 산 출 방 법 활용지표가군한의예과간호학과물리치료학과 (국어×2.5) + (수학×2.5) + (영어×2.0) + (탐구×2.0) + || 수자유선택반영과목수자유선택가군한의예과간호학과물리치료학과252520120--10수학(미적분/기하)5%다군전 모집단위252520--12010※ 영역별 미응시자 성적 반영방법 : 미응시한 영역의 성적을 0점 처리하여 반영※ 탐구영역점수 반영방법 : 상위 1과목 반영※ 영어/한국사는 수능 등급활용나. 수능성적 산출방법군구분성 적 산 출 방 법 활용지표가군한의예과간호학과물리치료학과 (국어×2.5) + (수학×2.5) + (영어×2.0) + (탐구×2.0) + (한국사×1.0)백분위/등급다군전 모집단위 400 + {(국어×1.0) + (수학×1.0) + (영어×0.8) + (탐구×0.8) + (한국사×0.4)}※ 수학 선택 과목 중 미적분 또는 기하 응시자는 취득 백분위점수의 5%를 해당 백분위 점수에 가산함※ 영어, 한국사 등급별 환",C:\Users\User\Desktop\업무\작업\21. 정시모집 관련\00. 소스(모집요강)\충청호남\5. 호남권\2027_동신대_정시요강.pdf
132,동아대,확인 필요,,,C:\Users\User\Desktop\업무\작업\21. 정시모집 관련\00. 소스(모집요강)\영남제주\6. 영남권\2027_동아대_정시요강.pdf
133,동의대,미반영,"36,38","사탐 or 과탐(백분위에 따른 변환표준점수 반영) 없음수학(확률과통계) 응시자※ 탐구영역은 지정과목이 없으며, 영어영역은 등급에 따른 점수를 반영합니다.※ 한의예과의 탐구영역은 백분위에 따른 변환표준점수를 사용하며 수능성적 발표 후 입학 홈페이지에 공고합니다.※ 수능 한국사는 반드시 응시하여야 합니다.3수능 전형성적 산출방법모집단위전형성적 산출방법인문사회과학대학, 상경대학, 한의과대학,동의지천융합대학 모집단위 및패션디자인학과, 영화학과, K-뷰티학과표준점수(국어 + 수학 + 탐구(2과목 합)) + 등급점수(영어)※ 한의예과 탐구영역은 백분위에 따른 변환표준점수 반영의료·보건·생활대학, 공과대학,소프트웨어융합대학 모집단위표준점수(국어 + 수학 + 탐구(2과목 합)) + 등급점수(영어) + 가산점(수학)※ 탐구 표준점수는 탐구  || /실적(경기실적우수자전형) ◾정시<나>군 학생부교과(농어촌학생전형, 특성화고동일계전형, 조기취업형계약학과전형) 2반영학기 및 반영내용구분 내용반영학기 1학년 1학기 ~ 3학년 2학기 반영내용모집단위반영과목 수 반영교과 및 반영과목전 모집단위12과목국어, 수학, 영어, 한국사, 사회(역사/도덕 포함), 과학교과 중 석차등급 상위 12과목진로선택과목 반영교과 중 최대 2과목 이내 반영 가능▪학년/학기 구분없이 반영(학년별 가중치 없음)▪동일 과목이라도 학기가 다른 경우 별도의 과목으로 인정▪이수 단위 미반영 점수산출활용지표 ∎반영과목의 석차등급 ∘2022년 2월 이후 졸업자의 진로선택 과목 성취도는 아래와 같이 등급으로 적용하여 성적을 산출합니다.성취도A B C석차등급1등급3등급5등급∘반영과목별 석차등급이 기재되지 않은 경우(졸",C:\Users\User\Desktop\업무\작업\21. 정시모집 관련\00. 소스(모집요강)\영남제주\6. 영남권\2027_동의대_정시요강.pdf
134,루터대,확인 필요,,,C:\Users\User\Desktop\업무\작업\21. 정시모집 관련\00. 소스(모집요강)\경기인천강원\2. 경기인천\2027_루터대_정시요강.pdf
135,목원대,등급 환산,"3,4,27","웹툰애니메이션게임대학다군음악교육과40%(40%)-60%(60%)음악대학(공연콘텐츠학부) --100%(100%)※ ( )안의 적색표시는 실질반영비율2 수능 영역별 반영비율모집군모집계열(단위) 활용지표반영영역수대학수학능력시험 영역별 반영비율(%)반영영역 선택국어수학영어탐구한국사사/과/직가영어교육과, 수학교육과 백분위2국어, 수학, 영어, 탐구1, 탐구2, 한국사 중최우수 2개 영역(과목) 반영최상위 영역(과목) : 60%, 차상위 영역(과목) : 40%국어, 수학, 영어, 탐구1, 탐구2, 한국사 영역 중 최우수 2개 영역(과목) 선택나신학/인문사회/연극영화영상학부/소방방재학과/스포츠건강관리학과/공학/미술교육과, 유아교육과/음악대학(실용음악학부, 관현악학부, 피아노학부)/미술·디자인대학/웹툰애니메이션게임대학/창의예술자율전공학부다 ||  --100%(100%)※ ( )안의 적색표시는 실질반영비율2 수능 영역별 반영비율모집군모집계열(단위) 활용지표반영영역수대학수학능력시험 영역별 반영비율(%)반영영역 선택국어수학영어탐구한국사사/과/직가영어교육과, 수학교육과 백분위2국어, 수학, 영어, 탐구1, 탐구2, 한국사 중최우수 2개 영역(과목) 반영최상위 영역(과목) : 60%, 차상위 영역(과목) : 40%국어, 수학, 영어, 탐구1, 탐구2, 한국사 영역 중 최우수 2개 영역(과목) 선택나신학/인문사회/연극영화영상학부/소방방재학과/스포츠건강관리학과/공학/미술교육과, 유아교육과/음악대학(실용음악학부, 관현악학부, 피아노학부)/미술·디자인대학/웹툰애니메이션게임대학/창의예술자율전공학부다인문사회/자연과학/공학/국어교육과, 음악교육과/음악대학(공연콘텐츠학부)/자율전공학부※  || 역별 반영비율(%)반영영역 선택국어수학영어탐구한국사사/과/직가영어교육과, 수학교육과 백분위2국어, 수학, 영어, 탐구1, 탐구2, 한국사 중최우수 2개 영역(과목) 반영최상위 영역(과목) : 60%, 차상위 영역(과목) : 40%국어, 수학, 영어, 탐구1, 탐구2, 한국사 영역 중 최우수 2개 영역(과목) 선택나신학/인문사회/연극영화영상학부/소방방재학과/스포츠건강관리학과/공학/미술교육과, 유아교육과/음악대학(실용음악학부, 관현악학부, 피아노학부)/미술·디자인대학/웹툰애니메이션게임대학/창의예술자율전공학부다인문사회/자연과학/공학/국어교육과, 음악교육과/음악대학(공연콘텐츠학부)/자율전공학부※ 국어, 수학영역은 공통과목과 선택과목(택1) 모두 반영 || - 2 - 3 수능 영역별 등급 기준① 수능 영어 영역 등급별 기준모집군모집단위1등급2등급3등급4등급5등급6등급7등급8등급9등급가나다전 모집단위100점90점80점75점70점65점60점50점40점② 수능 한국사 영역 등급별 기준모집군모집단위1등급2등급3등급4등급5등급6등급7등급8등급9등급가나다전 모집단위100점90점80점75점70점65점60점50점40점4 학생부 교과성적 반영방법 모집군해당전형학생부 교과성적 반영방법가나다학생부교과 일반학생전형학년 구분 없이 상위5과목과 진로선택과목 상위3과목 총8개 과목의 등급을 반영함 5 학생부 학년별 반영비율(%)모집군해당전형학생부 학년별 반영비율(%)가나다학생부교과 일반학생전형전학년 공통(100%)6 진로선택과목 반영방법구 || - 25 - 대학수학능력시험 반영방법1. 반영비율 및 영역 2. 수능 영역별 등급기준 ① 수능 영어영역 등급별 기준 ② 수능 한국사 영역 등급별 기준 모집군모집계열(단위) 활용지표반영영역 수대학수학능력시험 영역별 반영비율(%)반영영역 선택국어수학영어탐구한국사사/과/직가영어교육과, 수학교육과 백분위2국어, 수학, 영어, 탐구1, 탐구2, 한국사 중최우수 2개 영역(과목) 반영최상위 영역(과목) : 60%차상위 영역(과목) : 40%국어, 수학, 영어, 탐구1, 탐구2, 한국사 영역 중 최우수 2개 영역(과목) 선택 나 신학과, 사회복지상담학부, 연극영화영상학부, 일본어·중국어문화학과,  || - 25 - 대학수학능력시험 반영방법1. 반영비율 및 영역 2. 수능 영역별 등급기준 ① 수능 영어영역 등급별 기준 ② 수능 한국사 영역 등급별 기준 모집군모집계열(단위) 활용지표반영영역 수대학수학능력시험 영역별 반영비율(%)반영영역 선택국어수학영어탐구한국사사/과/직가영어교육과, 수학교육과 백분위2국어, 수학, 영어, 탐구1, 탐구2, 한국사 중최우수 2개 영역(과목) 반영최상위 영역(과목) : 60%차상위 영역(과목) : 40%국어, 수학, 영어, 탐구1, 탐구2, 한국사 영역 중 최우수 2개 영역(과목) 선택 나 신학과, 사회복지상담학부, 연극영화영상학부, 일본어·중국어문화학과, 금융경제학과, 광고홍보커뮤니케이션학부, 소방방재학과, 스포츠건강관리학과, 건축학부, 컴퓨터융합학부, AI응용학과, 미술교육과,  || 영역별 등급기준 ① 수능 영어영역 등급별 기준 ② 수능 한국사 영역 등급별 기준 모집군모집계열(단위) 활용지표반영영역 수대학수학능력시험 영역별 반영비율(%)반영영역 선택국어수학영어탐구한국사사/과/직가영어교육과, 수학교육과 백분위2국어, 수학, 영어, 탐구1, 탐구2, 한국사 중최우수 2개 영역(과목) 반영최상위 영역(과목) : 60%차상위 영역(과목) : 40%국어, 수학, 영어, 탐구1, 탐구2, 한국사 영역 중 최우수 2개 영역(과목) 선택 나 신학과, 사회복지상담학부, 연극영화영상학부, 일본어·중국어문화학과, 금융경제학과, 광고홍보커뮤니케이션학부, 소방방재학과, 스포츠건강관리학과, 건축학부, 컴퓨터융합학부, AI응용학과, 미술교육과, 유아교육과, 실용음악학부, 관현악학부, 피아노학부, 미술학부, 입체조형학부, 시각디자인 ||  영역별 반영비율(%)반영영역 선택국어수학영어탐구한국사사/과/직가영어교육과, 수학교육과 백분위2국어, 수학, 영어, 탐구1, 탐구2, 한국사 중최우수 2개 영역(과목) 반영최상위 영역(과목) : 60%차상위 영역(과목) : 40%국어, 수학, 영어, 탐구1, 탐구2, 한국사 영역 중 최우수 2개 영역(과목) 선택 나 신학과, 사회복지상담학부, 연극영화영상학부, 일본어·중국어문화학과, 금융경제학과, 광고홍보커뮤니케이션학부, 소방방재학과, 스포츠건강관리학과, 건축학부, 컴퓨터융합학부, AI응용학과, 미술교육과, 유아교육과, 실용음악학부, 관현악학부, 피아노학부, 미술학부, 입체조형학부, 시각디자인학과, 산업디자인학과, 섬유·패션디자인학과, 도자디자인학과, 웹툰학과, 애니메이션학과, 게임콘텐츠학과, 창의예술자율전공학부 다 영어학과",C:\Users\User\Desktop\업무\작업\21. 정시모집 관련\00. 소스(모집요강)\충청호남\4. 충청권\2027_목원대_정시요강.pdf
136,배재대,가점,"4,16,17,30,32,33","○○장애인 등 대상자○○○○○○만학도○○○○○○평생학습자○○○○○○특성화고 등을 졸업한 재직자××○×○○※ 전형별 지원자격 및 상세내용은 해당 전형을 설명하는 쪽을 확인하시기 바랍니다.4. 성적 반영방법(요약)가. 대학수학능력시험 반영영역 및 반영방법국어영어수학탐구총점한국사(필수)사회탐구과학탐구직업탐구국어, 영어, 수학, 탐구 영역 중 우수한 영역 순 2개 영역 백분위 점수의 합 × 51,000점가산점 부여 ※ 탐구영역은 우수한 1과목만 반영 ※ 한국사 응시 필수 및 가산점(10점~6점) 부여 ※ 제2외국어 및 한문 반영 제외 ※ 미응시 과목 0점 처리나. 학생부 반영교과 및 반영비율국어, 영어, 수학한국사, 사회, 과학, 제2외국어, 한문점수산출활용지표반영 교과과목 수반영비율(점수) 반영 교과 과목 수반영비율(점수) 국어, || .4. 성적 반영방법(요약)가. 대학수학능력시험 반영영역 및 반영방법국어영어수학탐구총점한국사(필수)사회탐구과학탐구직업탐구국어, 영어, 수학, 탐구 영역 중 우수한 영역 순 2개 영역 백분위 점수의 합 × 51,000점가산점 부여 ※ 탐구영역은 우수한 1과목만 반영 ※ 한국사 응시 필수 및 가산점(10점~6점) 부여 ※ 제2외국어 및 한문 반영 제외 ※ 미응시 과목 0점 처리나. 학생부 반영교과 및 반영비율국어, 영어, 수학한국사, 사회, 과학, 제2외국어, 한문점수산출활용지표반영 교과과목 수반영비율(점수) 반영 교과 과목 수반영비율(점수) 국어, 영어, 수학 교과 중 우수한 과목 순550%(500점)한국사, 사회, 과학, 제2외국어, 한문 교과 중 우수한 과목 순550%(500점)석차등급 ※ 고등학교 전 학년 과목 중에서 이 || 수한 영역 순 2개 영역 백분위 점수의 합 × 51,000점가산점 부여 ※ 탐구영역은 우수한 1과목만 반영 ※ 한국사 응시 필수 및 가산점(10점~6점) 부여 ※ 제2외국어 및 한문 반영 제외 ※ 미응시 과목 0점 처리나. 학생부 반영교과 및 반영비율국어, 영어, 수학한국사, 사회, 과학, 제2외국어, 한문점수산출활용지표반영 교과과목 수반영비율(점수) 반영 교과 과목 수반영비율(점수) 국어, 영어, 수학 교과 중 우수한 과목 순550%(500점)한국사, 사회, 과학, 제2외국어, 한문 교과 중 우수한 과목 순550%(500점)석차등급 ※ 고등학교 전 학년 과목 중에서 이수단위가 2 이상인 과목 반영 ※ 같은 과목이라도 학기가 다른 경우 별도 과목으로 인정 ※ 진로선택교과 적용 석차등급: A(4등급), B(5등급), C(7등급 ||  반영 제외 ※ 미응시 과목 0점 처리나. 학생부 반영교과 및 반영비율국어, 영어, 수학한국사, 사회, 과학, 제2외국어, 한문점수산출활용지표반영 교과과목 수반영비율(점수) 반영 교과 과목 수반영비율(점수) 국어, 영어, 수학 교과 중 우수한 과목 순550%(500점)한국사, 사회, 과학, 제2외국어, 한문 교과 중 우수한 과목 순550%(500점)석차등급 ※ 고등학교 전 학년 과목 중에서 이수단위가 2 이상인 과목 반영 ※ 같은 과목이라도 학기가 다른 경우 별도 과목으로 인정 ※ 진로선택교과 적용 석차등급: A(4등급), B(5등급), C(7등급) *개수 제한 없음 ※ 가산점: 2학년 반영 과목당 2점, 3학년 반영 과목당 3점을 총점에 부여 || 학능력시험 100% ( )안은 실질반영비율다. 전형방법: 대학수학능력시험 성적 100%대학수학능력시험 성적전형총점수능최저학력기준100% (100%)[최고 1,000점/최저 0점] 1,000점 미적용라. 대학수학능력시험 반영방법1) 반영영역 및 반영방법국어영어수학탐구총점한국사(필수)사회탐구과학탐구직업탐구국어, 영어, 수학, 탐구 영역 중 우수한 영역 순 2개 영역 백분위 점수의 합 × 51,000점가산점 부여 ※ 탐구영역은 우수한 1과목만 반영 ※ 한국사 응시 필수 및 가산점(10점~6점) 부여 ※ 제2외국어 및 한문 반영 제외 ※ 미응시 과목 0점 처리2) 영어영역 등급별 환산 백분위 점수등급123456789배점(점) 1009080655030151003) 한국사 가산점 배점표등급123456789가산점(점) 1010101010 || 000점 미적용라. 대학수학능력시험 반영방법1) 반영영역 및 반영방법국어영어수학탐구총점한국사(필수)사회탐구과학탐구직업탐구국어, 영어, 수학, 탐구 영역 중 우수한 영역 순 2개 영역 백분위 점수의 합 × 51,000점가산점 부여 ※ 탐구영역은 우수한 1과목만 반영 ※ 한국사 응시 필수 및 가산점(10점~6점) 부여 ※ 제2외국어 및 한문 반영 제외 ※ 미응시 과목 0점 처리2) 영어영역 등급별 환산 백분위 점수등급123456789배점(점) 1009080655030151003) 한국사 가산점 배점표등급123456789가산점(점) 10101010109876마. 동점자 처리기준: p. 34 참조바. 학교폭력 조치사항: 학교폭력 조치사항 반영 방법 p. 12 참조 || 0점가산점 부여 ※ 탐구영역은 우수한 1과목만 반영 ※ 한국사 응시 필수 및 가산점(10점~6점) 부여 ※ 제2외국어 및 한문 반영 제외 ※ 미응시 과목 0점 처리2) 영어영역 등급별 환산 백분위 점수등급123456789배점(점) 1009080655030151003) 한국사 가산점 배점표등급123456789가산점(점) 10101010109876마. 동점자 처리기준: p. 34 참조바. 학교폭력 조치사항: 학교폭력 조치사항 반영 방법 p. 12 참조 ||  면접 35%학생부교과 성적출결실적전형총점25% (20%)[최고 250점/최저 150점] 5% (10%)[최고 50점/최저 0점] 70% (70%)[최고 700점/최저 350점] 1,000점라. 학생부 교과 성적 반영방법: 세부 사항은 p. 31 참조국어, 영어, 수학한국사, 사회, 과학, 제2외국어, 한문점수산출활용지표반영 교과과목 수반영비율(점수) 반영 교과 과목 수반영비율(점수) 국어, 영어, 수학 교과 중 우수한 과목 순550%(500점)한국사, 사회, 과학, 제2외국어, 한문 교과 중 우수한 과목 순550%(500점)석차등급 ※ 가산점: 2학년 반영 과목당 2점, 3학년 반영 과목당 3점을 총점에 부여마. 출결 배점표출석등급ABCDEFG결석일수01~23~67~1213~1819~2526 이상배점5045403530200",C:\Users\User\Desktop\업무\작업\21. 정시모집 관련\00. 소스(모집요강)\충청호남\4. 충청권\2027_배재대_정시요강.pdf
137,백석대,등급 환산,"3,8,9,10","집단위 교차지원 가능(인문계·자연계 구분 없음)• 대학수학능력시험 영어영역 절대평가로 인한 등급 백분위 환산점수 적용 (p.6 참조)• 만학도 전형(미래라이프대학 제외), 계약학과 전형, 관광학부(항공서비스) 모집단위를 제외한 전 모집단위는 면접고사를 실시하지 않음• 한국사 수능점수는 동점자 처리기준으로 활용 ※ 대·내외적인 환경으로 인하여 학생선발(전형일정, 전형방법 등)에 대한 일정 및 내용이 변경될 수 있습니다.자세한 사항은 원서접수 전 본 대학교 입시홈페이지(https://ipsi.bu.ac.kr) 공지를 필히 확인하시기 바랍니다.주요 변경사항변경 내용변경 전 변경 후 모집단위 • 컴퓨터공학부• 첨단IT학부 • AI컴퓨터공학부 → 통합• 문화예술학부 연기예술전공• 문화예술학부 뮤지컬전공• 문화예술학부 연기∙뮤지컬전공  || - 6 - 4정시모집 수능 성적 반영방법가. 대학수학능력시험 성적 반영방법 (반영영역 및 반영비율)활용지표국어수학영어탐구사회/과학직업백분위 국어·수학·영어 중 상위 2개 영역의 각 40%상위 1개 과목의 20% ※ 한국사 점수는 동점자 처리기준으로 활용합니다.나. 대학수학능력시험 성적 세부 산출 공식 ｛(국어·수학·영어 영역 중 상위 2개 영역의 백분위 점수 × 각 40%) + (탐구영역 상위 1개 과목의 백분위점수 × 20%)｝ × 전형별 수능반영비율(%) × 10다. 대학수학능력시험 영어영역 성적 반영방법등급123456789백분위환산점수1009590806050403020라. 학교폭력 조치사항 반영방법 • 반영대상 : 학교폭력 가해자에 대한 학교생활기록부 조치 기재사항이 ||  반영방법 (계약학과, 미래라이프대학) 가. 학교생활기록부 성적 세부 산출 공식 1) 반영교과・과목 및 요소별 반영비율 활용지표반영교과반영과목요소별 반영비율(%)1학년2학년3학년교과출결계1학기2학기1학기2학기1학기석차등급국어, 수학, 영어, 사회(역사, 도덕 포함), 한국사, 과학상위 15개 과목8110100성취도 및학생비율전 교과상위 3개 진로과목9 • 졸업예정자 및 졸업자의 3학년 1학기(5개 학기)까지 국어, 수학, 영어, 사회(역사, 도덕 포함), 한국사, 과학 교과 중 상위 15개 과목(석차등급)을 반영합니다. • 반영과목 15개 미만일 경우 부족한 과목은 이수단위 10, 등급 9로 변환하여 반영합니다. • 외국어, 외국어에 의한 교과, 외국어(영어) 중 영어가 포함된 과목은 영어 교과에 편성합니다. • 과학에 의한 || 2학기1학기2학기1학기석차등급국어, 수학, 영어, 사회(역사, 도덕 포함), 한국사, 과학상위 15개 과목8110100성취도 및학생비율전 교과상위 3개 진로과목9 • 졸업예정자 및 졸업자의 3학년 1학기(5개 학기)까지 국어, 수학, 영어, 사회(역사, 도덕 포함), 한국사, 과학 교과 중 상위 15개 과목(석차등급)을 반영합니다. • 반영과목 15개 미만일 경우 부족한 과목은 이수단위 10, 등급 9로 변환하여 반영합니다. • 외국어, 외국어에 의한 교과, 외국어(영어) 중 영어가 포함된 과목은 영어 교과에 편성합니다. • 과학에 의한 교과의 과목은 과학 교과에 편성합니다. 2) 학교생활기록부 성적 반영비율 및 환산점수 반영비율(%)100 60교과출결교과출결9010546환산점수(점) 90010054060 ※ 반영비율에 따라 || 진로과목[{10-∑(반영과목 이수단위 수 × 석차등급)} × 30] + 540+{∑(반영과목 변환등급)}반영과목 총 이수단위 수 반영과목 수 4) 2004학년도 졸업 및 이전 졸업자 성적 반영방법 • 고등학교 교육과정상 국어, 수학, 영어, 사회(역사, 도덕 포함), 한국사, 과학 교과 중 3학년 1학기 (5개 학기)까지 상위 15개 과목을 반영합니다. • 과목별 평어점수(수, 우, 미, 양, 가)를 5점, 4점, 3점, 2점, 1점 등으로 환산한 후 아래의 평점평균 산출 공식으로 반영합니다. • 반영과목 15개 미만일 경우 부족한 과목은 이수단위 10, 평어점수 ‘가’로 변환하여 반영합니다. • 총 평점평균은 소수점 셋째자리에서 반올림하여 반영합니다. • 평어점수의 학생부 반영 시 환산점수 평어점수수우미양가환산점수(점) 5",C:\Users\User\Desktop\업무\작업\21. 정시모집 관련\00. 소스(모집요강)\충청호남\4. 충청권\2027_백석대_정시요강.pdf
138,부산가톨릭대,등급 환산,5,"목 선택) 총 4개 영역 반영 (단, 제2외국어/한문 영역 반영 불가)● 대학수학능력시험 반영 영역반영 영역반영 점수반영 비율비고국어 영역200점 25%표준점수 활용수학 영역200점 25%표준점수 활용영어 영역200점 25%등급 활용탐구 영역200점 25%표준점수 활용한국사 영역필수 응시자격 조건으로만 활용● 영어영역 등급별 성적 환산표등급환산 점수등급환산 점수등급환산 점수1 2004 1947 1882 1985 1928 1863 1966 1909 184※ 각 영역의 표준점수(영어영역은 등급점수)를 합산하여 영역 가중치 없이 800점 만점으로 환산※ 한국사 영역 점수는 반영하지 않고 응시 여부만 자격 조건 활용※ 대학수학능력시험에 응시하지 않은 영역(또는 과목)이 있을 경우 그 영역(또는 과목)은 0점 적용 || 시자격 조건으로만 활용● 영어영역 등급별 성적 환산표등급환산 점수등급환산 점수등급환산 점수1 2004 1947 1882 1985 1928 1863 1966 1909 184※ 각 영역의 표준점수(영어영역은 등급점수)를 합산하여 영역 가중치 없이 800점 만점으로 환산※ 한국사 영역 점수는 반영하지 않고 응시 여부만 자격 조건 활용※ 대학수학능력시험에 응시하지 않은 영역(또는 과목)이 있을 경우 그 영역(또는 과목)은 0점 적용",C:\Users\User\Desktop\업무\작업\21. 정시모집 관련\00. 소스(모집요강)\영남제주\6. 영남권\2027_부산가톨릭대_정시요강.pdf
139,부산외대,등급 환산,12,"어수학영어탐구전 계열표준점수표준점수등급표준점수영어영역 및 제2외국어/한문 영역은 우리 대학 기준에 의하여 등급을 점수로 환산 나. 수능 영역별 반영 비율모집단위반영방법 및 비율(%) 비고 전 모집단위국어 (25%)+수학(25%) +영어(25%) +사회·과학탐구(25%)한국사 응시 필수■ 사회·과학탐구 영역 반영방법 • 영역 내 2과목을 반영함 • 제2외국어/한문은 탐구영역 1과목으로 대체 인정함 • 탐구영역 중 직업탐구는 반영하지 않음 다. 수능 영어, 제2외국어/한문 영역 등급 점수표영역등급1등급2등급3등급4등급5등급6등급7등급8등급9등급영어환산점수13513012311410394878279제2외국어/한문환산점수686562575247444140 라. 수능 한국사 영역 반영 방법 • 수능 한국사 영역 필수 응시 (점수 반영 안 || 함 • 탐구영역 중 직업탐구는 반영하지 않음 다. 수능 영어, 제2외국어/한문 영역 등급 점수표영역등급1등급2등급3등급4등급5등급6등급7등급8등급9등급영어환산점수13513012311410394878279제2외국어/한문환산점수686562575247444140 라. 수능 한국사 영역 반영 방법 • 수능 한국사 영역 필수 응시 (점수 반영 안함) ※ 수능 한국사 미응시자는 불합격 처리함 마. 수능 전형성적 산출방법모집단위수능 전형성적 산출방법최고점최저점 【가】【나】군 전 모집단위 • 국어점수 + 수학점수 + 영어점수 + 탐구점수를 합산한 점수7350■ 공통사항 • 국어, 수학, 사회·과학 탐구영역의 점수는 표준점수를 사용함 • 영어, 제2외국어, 한문 영역의 점수는 우리 대학교 기준에 의하여 등급을 점수로 환산하여 반영함 • 사회 || 영하지 않음 다. 수능 영어, 제2외국어/한문 영역 등급 점수표영역등급1등급2등급3등급4등급5등급6등급7등급8등급9등급영어환산점수13513012311410394878279제2외국어/한문환산점수686562575247444140 라. 수능 한국사 영역 반영 방법 • 수능 한국사 영역 필수 응시 (점수 반영 안함) ※ 수능 한국사 미응시자는 불합격 처리함 마. 수능 전형성적 산출방법모집단위수능 전형성적 산출방법최고점최저점 【가】【나】군 전 모집단위 • 국어점수 + 수학점수 + 영어점수 + 탐구점수를 합산한 점수7350■ 공통사항 • 국어, 수학, 사회·과학 탐구영역의 점수는 표준점수를 사용함 • 영어, 제2외국어, 한문 영역의 점수는 우리 대학교 기준에 의하여 등급을 점수로 환산하여 반영함 • 사회·과학 탐구영역 표준점수 산출방법 || 등급 점수표영역등급1등급2등급3등급4등급5등급6등급7등급8등급9등급영어환산점수13513012311410394878279제2외국어/한문환산점수686562575247444140 라. 수능 한국사 영역 반영 방법 • 수능 한국사 영역 필수 응시 (점수 반영 안함) ※ 수능 한국사 미응시자는 불합격 처리함 마. 수능 전형성적 산출방법모집단위수능 전형성적 산출방법최고점최저점 【가】【나】군 전 모집단위 • 국어점수 + 수학점수 + 영어점수 + 탐구점수를 합산한 점수7350■ 공통사항 • 국어, 수학, 사회·과학 탐구영역의 점수는 표준점수를 사용함 • 영어, 제2외국어, 한문 영역의 점수는 우리 대학교 기준에 의하여 등급을 점수로 환산하여 반영함 • 사회·과학 탐구영역 표준점수 산출방법 : 2개 과목의 표준점수를 합산한 점수 (제2외국어 || 역 표준점수 산출방법 : 2개 과목의 표준점수를 합산한 점수 (제2외국어/한문은 탐구영역 1과목으로 대체 인정함) 바. 성적 산출 예시(【가】【나】군 수능위주전형 전 모집단위 공통)수험번호성명생년월일성별출신고교20271101김 외 대08.09.09.남 한국고등학교영 역한국사국어수학영어 탐구제2외국어/한문 선택과목화법과 작문확률과 통계윤리와 사상정치와 법독일어Ⅰ표준점수9897 4955백분위4247 4963등급4 5 5 5 5 4 4 ※ 점수 산출방법 : 국어(98) + 수학(97) + 영어(5등급 : 103) + 정치와 법(55) + 독일어Ⅰ(4등급 : 57)) = 410 ※ 최종 반영 점수 : 410점",C:\Users\User\Desktop\업무\작업\21. 정시모집 관련\00. 소스(모집요강)\영남제주\6. 영남권\2027_부산외대_정시요강.pdf
140,상지대,감점,"4,13,14,15","위 점수등급123456789백분위 점수1009075605550352010 5. 학생부 출결 성적(감점 적용) 6. 학생부 교과성적 반영방법 ○ 반영 학기 : 1학년 1학기 ~ 3학년 1학기(5개 학기) ○ 반영 방법(등급이 기재된 과목) - 국어, 영어, 수학, 사회(한국사 포함), 과학 교과 중 학기별 최대 2개 과목(한의예과는 5개 과목) 반영 - 학기별 상위 2개 과목(한의예과는 5개 과목) 반영 시 교과별 1개 과목만 반영(교과 중복 반영 불가) ○ 반영 방법(진로선택과목) - 국어, 영어, 수학, 사회(한국사 포함), 과학 교과 중 학기 무관하게 상위 성취도 3개 과목 반영 - A = 1등급/ B = 3등급 / C = 6등급으로 성취도를 환산하여 반영하며, 성취도가 동일한 경우 이수단위가 큰 과목을 우선 반영 구분  || 영어, 수학, 사회(한국사 포함), 과학 교과 중 학기별 최대 2개 과목(한의예과는 5개 과목) 반영 - 학기별 상위 2개 과목(한의예과는 5개 과목) 반영 시 교과별 1개 과목만 반영(교과 중복 반영 불가) ○ 반영 방법(진로선택과목) - 국어, 영어, 수학, 사회(한국사 포함), 과학 교과 중 학기 무관하게 상위 성취도 3개 과목 반영 - A = 1등급/ B = 3등급 / C = 6등급으로 성취도를 환산하여 반영하며, 성취도가 동일한 경우 이수단위가 큰 과목을 우선 반영 구분 적용 사항학교생활기록부 제출자· 미인정(무단) 결석 횟수에 따라 전형 총점(1,000점 만점)에서 감점※ 미인정(무단) 지각, 조퇴, 결과 3회는 결석 1회로 처리미인정 결석1~3회4~6회7~10회11~19회20회 이상감점0점5점10점15점25점검정 || 정)자 또는 관련 법령에 따라 고등학교 졸업자와 동등 이상의 학력이 있다고 인정된 자일반고자율고특목고특성화고검정고시외국고○○○○○○※ 수능 미응시자도 지원 가능전형 요소별반영 비율 및반영 점수전 모집단위수능 80%(0점~800점) 교과 20%(0점~200점) ※ 수능 한국사 영역 가산점: 최대 3점(총점에 가산)수능 성적반영 방법○ 반영성적 : 수능 백분위 - 국어, 수학, 영어, 탐구 영역 중 백분위가 높은 2개 영역 성적 (탐구는 2과목 평균 성적을 반영) - 백분위가 가장 높은 영역의 점수를 80%, 차순위 영역의 점수를 20% 반영 - 물리치료학과, 임상병리학과는 직업탐구 반영 불가(미반영) - 영어영역 등급별 백분위 점수등급123456789백분위1009075605550352010학교생활기록부성적 반영 방법① 학교생활 || (미적분 또는 기하) 및 탐구(과학 2개)를 모두 응시 필수- B형 : 지원자격 제한 없음(예: 확률과 통계, 사회탐구 교차 선택 모두 가능) * A형 대상자도 B형에 지원 가능 전형 요소별반영 비율 및반영 점수한의예과간호학과수능 100%(0점~1,000점) ※ 수능 한국사 영역 가산점: 최대 3점(총점에 가산)수능 성적반영 방법○ 반영성적 : 수능 백분위구분국어수학영어탐구한의예과20%40%20%20%(2과목 평균, 직업탐구 반영 불가)간호학과25%35%20%20%(상위 1과목, 직업탐구 반영 불가) - 영어영역 등급별 백분위 점수등급123456789백분위1009075605550352010추가 제출서류(대상자만 제출하며, 미제출 시 불합격 처리)제출방법 및 공통 제출서류는 10쪽을 확인하시기 바랍니다. || (미적분 또는 기하) 및 탐구(과학 2개)를 모두 응시 필수- B형 : 지원자격 제한 없음(예: 확률과 통계, 사회탐구 교차 선택 모두 가능) * A형 대상자도 B형에 지원 가능 전형 요소별반영 비율 및반영 점수한의예과간호학과수능 100%(0점~1,000점) ※ 수능 한국사 영역 가산점: 최대 3점(총점에 가산)수능 성적반영 방법○ 반영성적 : 수능 백분위구분국어수학영어탐구한의예과20%40%20%20%(2과목 평균, 직업탐구 반영 불가)간호학과25%35%20%20%(상위 1과목, 직업탐구 반영 불가) - 영어영역 등급별 백분위 점수등급123456789백분위1009075605550352010",C:\Users\User\Desktop\업무\작업\21. 정시모집 관련\00. 소스(모집요강)\경기인천강원\3. 강원\2027_상지대_정시요강.pdf
141,서울신학대,가점,"3,20,21","기 90%실기전형(실용음악과) 15수능 20%, 실기 80%나. 대학수학능력시험 성적 반영방법1) 반영비율 : 국/수/탐 중 상위 2개 영역 각 40% 반영구분수능성적활용지표(반영영역) 수능영역별 반영비율(100%)비고국어수학영어(등급) 탐구(1과목 반영)(사탐/과탐)한국사 정시백분위(3개 영역)(40)택(40)택20필수(40)택필수(가산점)IT융합학부의 경우수학에 10% 가산점 부여영어 필수, 국어/수학/탐구 중 상위 2개 영역 반영※ 영어영역 반영점수 기준표등급123456789원점수100-9089-8079-7069-6059-5049-4039-3029-2019-0반영점수100989488807050300※ 한국사 가점 기준표등급123456789원점수50-4039-3534-3029-2524-2019-1514-109-54-0반영 || T융합학부의 경우수학에 10% 가산점 부여영어 필수, 국어/수학/탐구 중 상위 2개 영역 반영※ 영어영역 반영점수 기준표등급123456789원점수100-9089-8079-7069-6059-5049-4039-3029-2019-0반영점수100989488807050300※ 한국사 가점 기준표등급123456789원점수50-4039-3534-3029-2524-2019-1514-109-54-0반영점수10 987652. 주요변경사항가. 교회음악과 실기고사 반영비율 변경구분 변경사항교회음악과 전형 운영구분변경 전 변경 후모집구분정시모집정시모집전형명실기전형실기전형반영비율수능 20실기 80수능 10실기 90 || 2027학년도 서울신학대학교 정시모집 요강 - 18 - Ⅷ. 대학수학능력시험성적 반영방법1.수능 반영방법구분수능성적활용지표(반영영역) 수능영역별 반영비율(100%)비고국어수학영어(등급) 탐구(1과목 반영)한국사(사탐/과탐)정시백분위(3개영역)(40)택(40)택20필수(40)택필수(가산점)IT융합학부의 경우수학에 10% 가산점 부여영어 필수, 국어/수학/탐구 중 상위 2개영역 반영 ※ 영어영역 반영점수 기준표등급123456789원점수100-9089-8079-7069-6059-5049-4039-3029-2019-0반영점수100989488807050300※ 한국사 가점 기준표등급123456789원점수50-4039-3534-3029-2524-2019-1514-109-5 || T융합학부의 경우수학에 10% 가산점 부여영어 필수, 국어/수학/탐구 중 상위 2개영역 반영 ※ 영어영역 반영점수 기준표등급123456789원점수100-9089-8079-7069-6059-5049-4039-3029-2019-0반영점수100989488807050300※ 한국사 가점 기준표등급123456789원점수50-4039-3534-3029-2524-2019-1514-109-54-0반영점수10 98765 수능 점수 계산 식 : ∑ (각 영역별 백분위 점수 × 영역별 반영비율) × 수능 반영비율 + 한국사(가점) || 00989488807050300※ 한국사 가점 기준표등급123456789원점수50-4039-3534-3029-2524-2019-1514-109-54-0반영점수10 98765 수능 점수 계산 식 : ∑ (각 영역별 백분위 점수 × 영역별 반영비율) × 수능 반영비율 + 한국사(가점) || - 19 - Ⅸ. 동점자 처리 기준 ※ 탐구_상: 탐구영역 응시 과목 중 백분위 성적이 높은 과목 ※ 탐구_하: 탐구영역 응시 과목 중 백분위 성적이 낮은 과목 ※ 수능점수는 백분위를 기준으로 하되, 영어, 한국사(가산점)의 경우 등급별 환산점수 적용 ※ 동점자 처리 기준에도 불구하고 동점자 발생 시에는 본교 입학전형관리위원회가 정하는 바에 따름 구분전형명처리기준 수능위주전형일반전형 및 기독교전형 신학부휴번서비스학부사범학부글로벌비즈니스학부아시아문화콘텐츠학부자율전공학부 1순위 수능 환산 총점2순위 수능성적(국어영역)3순위 수능성적(영어영역)4순위 수능성적(탐구_상)5순위 수능성적(탐구_하)6순위 수능성적(수학영역)IT융학학부1순위 수능 환산 총점2순위 수능성적(수학영",C:\Users\User\Desktop\업무\작업\21. 정시모집 관련\00. 소스(모집요강)\경기인천강원\2. 경기인천\2027_서울신학대_정시요강.pdf
142,서울한영대,등급 환산,"5,6,7","2027학년도 신입생 모집요강(정시 나군) 5 각 모집학과별로 일괄합산한 성적순으로 선발하되, 동점자는 다음의 성적 고득점자 순서에 의거하여 선발합 니다. - 수능위주: ① 수능 성적 ② 학생부 성적 ③ 수능 성적 우선순위(국어 > 영어 > 탐구 > 한국사) 4. 제출서류 및 제출방법 가. 제출서류 대상자 제출서류 공통 (학생부 온라인 제공 미동의자) - 온라인제공을 희망하지 않거나 생성신청을 완료하지 않은 경우 대입전형용 학생부 학생부Ⅱ '24.2. 졸업~'27.2(조기)졸업예정 '05.2. 졸업~'23.2. 졸업 4개학년도 (학교일괄생성 대상자) 19개학년도 (개인생성 대상자) - '04.2. 이전 졸업자는 학교생활기록부 사본 1부 검정고시자 - 합격증명서(대입전형용), 성적증명서 각 1부 (단, 대입전 || 적은 2027학년도 대학수학능력시험 성적을 활용합니다. 나. 수능 영역별 가중치는 부여하지 않습니다. 다. 반영 영역 및 비율 반영영역 반영비율(%) 점수활용지표 국어 30 백분위 영어 30 등급 탐구영역(사회, 과학, 직업 중 성적순 으로 1과목 반영) 20 백분위 한국사 20 등급 ※ 수리영역과 제2외국어/한문은 반영하지 않습니다. 라. 영어영역, 한국사영역 백분위 환산점수 등급 1등급 2등급 3등급 4등급 5등급 6등급 7등급 8등급 9등급 점수 100 88 76 64 52 40 28 16 0 마. 반영점수 산출방법 수능성적(600점 만점) = {(국어백분위×0.3)+(영어등급점수×0.3)+(탐구영역백분위×0.2)+(한국사등급점수×0.2)}×6.0 2. 학교생활기록부 가. 학년 및 요소별 반영비율 구분 학년별 반영비율( || 하지 않습니다. 다. 반영 영역 및 비율 반영영역 반영비율(%) 점수활용지표 국어 30 백분위 영어 30 등급 탐구영역(사회, 과학, 직업 중 성적순 으로 1과목 반영) 20 백분위 한국사 20 등급 ※ 수리영역과 제2외국어/한문은 반영하지 않습니다. 라. 영어영역, 한국사영역 백분위 환산점수 등급 1등급 2등급 3등급 4등급 5등급 6등급 7등급 8등급 9등급 점수 100 88 76 64 52 40 28 16 0 마. 반영점수 산출방법 수능성적(600점 만점) = {(국어백분위×0.3)+(영어등급점수×0.3)+(탐구영역백분위×0.2)+(한국사등급점수×0.2)}×6.0 2. 학교생활기록부 가. 학년 및 요소별 반영비율 구분 학년별 반영비율(%) 학생부 요소별 반영비울(%) 1학년 2학년 3학년 계 교과성적 출결상황 계 졸업  || 역 백분위 환산점수 등급 1등급 2등급 3등급 4등급 5등급 6등급 7등급 8등급 9등급 점수 100 88 76 64 52 40 28 16 0 마. 반영점수 산출방법 수능성적(600점 만점) = {(국어백분위×0.3)+(영어등급점수×0.3)+(탐구영역백분위×0.2)+(한국사등급점수×0.2)}×6.0 2. 학교생활기록부 가. 학년 및 요소별 반영비율 구분 학년별 반영비율(%) 학생부 요소별 반영비울(%) 1학년 2학년 3학년 계 교과성적 출결상황 계 졸업 및 졸업예정자 20 30 50 100 80 20 100 ※ 지원자가 이수한 등급 점수가 있는 본교 지정 교과 및 과목을 반영합니다. ※ 학생부 제출자 중 과목별 석차가 없는 경우 계열석차를 적용합니다. 나. 학교생활기록부 성적 반영방법 1) 학교생활기록부 교과 성적 산출방법  || 영어Ⅰ, 영어Ⅱ) 사회 (역사/도덕 포함) 공통과목(통합사회), 일반선택(경제, 동아시아사, 사회·문화, 생활과윤리, 세계사, 세계지 리, 윤리와사상, 정치와법, 한국지리) 과학 공통과목(과학탐구실험, 통합과학), 일반선택(물리학Ⅰ, 생명과학Ⅰ, 지구과학Ⅰ, 화학Ⅰ) 한국사 공통과목(한국사) 2) 학생부 비교과 성적 반영방법 ① 출결상황 점수 ㈀ 전 학년 결석일수와 지각·조퇴·결과 횟수를 합산하여 결석일수를 산출하되, 질병으로 인한 결석·지 각·조퇴·결과는 결석일수 계산에 포함하지 않습니다. ㈁ 질병 이외의 사유로 인한 지각·조퇴·결과는 이를 합산하여 3회를 1일 결석으로 계산합니다. ㈂ 1, 2, 3학년 전체의 출결상황을 결석일수 기준으로 5등급화하여 아래와 같이 반영합니다. ② 출결상황 등급별 산출표 구분 1등급 2등급  ||  사회 (역사/도덕 포함) 공통과목(통합사회), 일반선택(경제, 동아시아사, 사회·문화, 생활과윤리, 세계사, 세계지 리, 윤리와사상, 정치와법, 한국지리) 과학 공통과목(과학탐구실험, 통합과학), 일반선택(물리학Ⅰ, 생명과학Ⅰ, 지구과학Ⅰ, 화학Ⅰ) 한국사 공통과목(한국사) 2) 학생부 비교과 성적 반영방법 ① 출결상황 점수 ㈀ 전 학년 결석일수와 지각·조퇴·결과 횟수를 합산하여 결석일수를 산출하되, 질병으로 인한 결석·지 각·조퇴·결과는 결석일수 계산에 포함하지 않습니다. ㈁ 질병 이외의 사유로 인한 지각·조퇴·결과는 이를 합산하여 3회를 1일 결석으로 계산합니다. ㈂ 1, 2, 3학년 전체의 출결상황을 결석일수 기준으로 5등급화하여 아래와 같이 반영합니다. ② 출결상황 등급별 산출표 구분 1등급 2등급 3등급 4등급 5",C:\Users\User\Desktop\업무\작업\21. 정시모집 관련\00. 소스(모집요강)\서울\2027_서울한영대_정시요강.pdf
143,서원대,미반영,17,"- 15 -  기회균등전형 세부사항 지원자격및 제출서류 국내 고교 졸업(예정)자 또는 법령에 의하여 고등학교 졸업 이상의 학력이 인정되고 2027학년도 대학수학능력시험에 응시한 자로서 아래 ①~③중 어느 하나에 해당되는 자(한국사 필수 응시)해당자제출서류① 국민기초생활보장법 제2조 제1호에 따른 수급권자 - (생계, 의료, 주거, 교육, 자활) 中 1개 이상의 급여 수급자• 수급자증명서(생계, 의료, 주거, 교육, 자활급여 中 1개 이상)② 국민기초생활보장법 제2조 제10호에 따른 차상위계층 - 차상위복지급여 수급 대상자 (장애수당, 장애인연금 부가급여, 자활급여 中 1개 이상) - 차상위 건강보험 본인부담 경감 대상자- 우선돌봄 차상위가구 (소득인정액이 최저생계비의 120% 이하",C:\Users\User\Desktop\업무\작업\21. 정시모집 관련\00. 소스(모집요강)\충청호남\4. 충청권\2027_서원대_정시요강.pdf
144,선문대,가점,"4,5,6,28,29,30","0%)1,000점(100%)나학생부 교과 면접전형(계약학과) 일괄합산-600점(60%)-400점(40%)-1,000점(100%) 3. 학교생활기록부 교과목 반영방법 (정원외전형)구분 반영교과 및 과목 비고전계열∎ 전계열: 주요 교과(국어, 영어, 수학, 사회, 과학, 한국사) 중 우수 12과목 + 진로선택과목 우수 3과목(총 15개 과목) 1학년 1학기∼3학년 2학기(6개 학기) Ⅰ. 정시모집 기본사항 ||  가. 대학수학능력시험 활용 지표 1) 전 계열: 등급 환산점수 2) 보건 계열(간호학과, 물리치료학과, 치위생학과, 응급구조학과): 백분위 + 등급(영어) 나. 수능 반영 영역별 반영비율구분반영 과목 수활용 지표반영영역 및 반영비율(%)국어수학영어(등급)탐구(1과목)한국사전 계열2과목등급 환산점수50.0%50.0%50.0%50.0%필수보건 계열(간호학과, 물리치료학과, 치위생학과, 응급구조학과)3과목백분위+등급(영어)33.3%33.3%33.3%33.3%필수 다. 수능 반영영역 및 탐구영역 반영과목 수 1) 전 계열: 국어, 수학, 영어, 탐구 영역 중 우수 2개 영역 반영 2) 보건 계열: 국어, 수학, 영어, 탐구 영역 중 우수 3개 영역 반영 ※ 탐구는 과학/사회/직업탐구 영역 중 우수 1개 과목 반영 (1과목만 반영) || 대상학과: 태권도학과, 무도경호학과, 스포츠과학과, 피트니스재활학과, 디자인학부 2) 보건 계열 (국어, 수학, 탐구는 백분위 점수 활용) - 영어 등급 점수 반영(보건 계열)등급1등급2등급3등급4등급5등급6등급7등급8등급9등급점수959085807570656055 ※ 한국사 등급 점수 반영등급1등급2등급3등급4등급5등급6등급7등급8등급9등급점수 1점 0.5점 해당사항 없음 || 동점자 처리기준 1) 합격선의 동점자가 2명 이상인 경우에는 아래의 동점자 순위결정 기준으로 선발하며 동점자 순위결정 기준에도 불구하고 동점자가 발생할 경우 모두 합격처리 함. 2) 동점자 처리기준 ① 대학수학능력시험 성적 중 채택 과목의 백분위 및 환산 점수(영어, 한국사) 합계가 높은 자 (전계열 2개 과목, 보건계열 3개 과목) ② 대학수학능력시험 응시한 전 과목의 백분위 및 환산 점수(영어, 한국사) 합계가 높은 자 (※실기위주 전형의 경우 실기고사 점수를 1순위로 함.) ○ 수능 성적 반영 산출방법▫ 전 계열: (1우수영역 취득 등급의 환산점수) + (2우수영역 취득 등급의 환산점수) + (한국사 등급 점수)예시) 국어 4등급(68점), 영어 2등급, 수학 3등급(76점), 사회탐구Ⅰ 1등급(98점), 사회탐구Ⅱ 4 ||  동점자가 발생할 경우 모두 합격처리 함. 2) 동점자 처리기준 ① 대학수학능력시험 성적 중 채택 과목의 백분위 및 환산 점수(영어, 한국사) 합계가 높은 자 (전계열 2개 과목, 보건계열 3개 과목) ② 대학수학능력시험 응시한 전 과목의 백분위 및 환산 점수(영어, 한국사) 합계가 높은 자 (※실기위주 전형의 경우 실기고사 점수를 1순위로 함.) ○ 수능 성적 반영 산출방법▫ 전 계열: (1우수영역 취득 등급의 환산점수) + (2우수영역 취득 등급의 환산점수) + (한국사 등급 점수)예시) 국어 4등급(68점), 영어 2등급, 수학 3등급(76점), 사회탐구Ⅰ 1등급(98점), 사회탐구Ⅱ 4등급(66점), 한국사 1등급 = 사회탐구 1등급 500점 + 영어 2등급 465점 + 한국사 1등급 1점 가산점 = 966점 ▫ 보건 ||  대학수학능력시험 응시한 전 과목의 백분위 및 환산 점수(영어, 한국사) 합계가 높은 자 (※실기위주 전형의 경우 실기고사 점수를 1순위로 함.) ○ 수능 성적 반영 산출방법▫ 전 계열: (1우수영역 취득 등급의 환산점수) + (2우수영역 취득 등급의 환산점수) + (한국사 등급 점수)예시) 국어 4등급(68점), 영어 2등급, 수학 3등급(76점), 사회탐구Ⅰ 1등급(98점), 사회탐구Ⅱ 4등급(66점), 한국사 1등급 = 사회탐구 1등급 500점 + 영어 2등급 465점 + 한국사 1등급 1점 가산점 = 966점 ▫ 보건 계열: [{(1우수영역 취득 백분위 x 반영비율) + (2우수영역 취득 백분위 x 반영비율) + (3우수영역 취득 백분위 x 반영비율)} x수능 반영비율] + (한국사 등급 점수) (※영어의 경우 [등급 || ) ○ 수능 성적 반영 산출방법▫ 전 계열: (1우수영역 취득 등급의 환산점수) + (2우수영역 취득 등급의 환산점수) + (한국사 등급 점수)예시) 국어 4등급(68점), 영어 2등급, 수학 3등급(76점), 사회탐구Ⅰ 1등급(98점), 사회탐구Ⅱ 4등급(66점), 한국사 1등급 = 사회탐구 1등급 500점 + 영어 2등급 465점 + 한국사 1등급 1점 가산점 = 966점 ▫ 보건 계열: [{(1우수영역 취득 백분위 x 반영비율) + (2우수영역 취득 백분위 x 반영비율) + (3우수영역 취득 백분위 x 반영비율)} x수능 반영비율] + (한국사 등급 점수) (※영어의 경우 [등급 환산점수 x 반영비율] 계산예시) 국어 4등급(68점), 영어 2등급, 수학 3등급(76점), 사회탐구Ⅰ 1등급(98점), 사회탐구Ⅱ 4등급( || 산점수) + (2우수영역 취득 등급의 환산점수) + (한국사 등급 점수)예시) 국어 4등급(68점), 영어 2등급, 수학 3등급(76점), 사회탐구Ⅰ 1등급(98점), 사회탐구Ⅱ 4등급(66점), 한국사 1등급 = 사회탐구 1등급 500점 + 영어 2등급 465점 + 한국사 1등급 1점 가산점 = 966점 ▫ 보건 계열: [{(1우수영역 취득 백분위 x 반영비율) + (2우수영역 취득 백분위 x 반영비율) + (3우수영역 취득 백분위 x 반영비율)} x수능 반영비율] + (한국사 등급 점수) (※영어의 경우 [등급 환산점수 x 반영비율] 계산예시) 국어 4등급(68점), 영어 2등급, 수학 3등급(76점), 사회탐구Ⅰ 1등급(98점), 사회탐구Ⅱ 4등급(66점), 한국사 1등급= [{(사회탐구 1등급 98점*0.333) + ",C:\Users\User\Desktop\업무\작업\21. 정시모집 관련\00. 소스(모집요강)\충청호남\4. 충청권\2027_선문대_정시요강.pdf
145,세명대,가점,"7,28,29","국어, 수학, 탐구(우수 1과목) 영역] 중 우수 2개 영역 각 40% + [영어 영역] 20%∙ [일반전형] 영화웹툰애니메이션학과 : 실기고사 100%∙ 간호학과, 임상병리학과 : [국어, 수학, 탐구(우수 1과목) 영역] 중 우수 2개 영역 각 40% + [영어, 한국사 영역] 중 우수 1개 영역 20%모집군 변경∙ 전기전자공학과, 동물보건학과나군다군∙ 재난안전학과, 반려동물산업학과다군나군2. 2027학년도 정시모집 전형 관련 안내 가. 정원내전형대분류전형유형모집군선발방법모집인원모집단위전형요소 및 반영비율 (%)수 능고 사수 능위 주일 반나군일괄선발27명 + 수시 이월인원 전 체 (아래 제외) 100-다군일괄선발30명 + 수시 이월인원 전 체 (아래 제외) 100-실기/실적위 주 나군일괄선발30명 + 수시 이월인원 생활체 ||  세명대학교 2027학년도 정시모집요강세명대학교 2027학년도 정시모집요강[26] ⅤⅤⅤⅤⅤⅤⅤⅤⅤⅤⅤ 대학수학능력시험 성적 반영방법1. 모집단위별 대학수학능력시험 성적 반영방법 ※ ( )는 선택반영모집단위반영영역 수 수능 반영영역 및 반영비율국어수학탐구1 탐구2 영어한국사백분위 활용 등급별 배점전 체(아래 제외) 2(50%)(50%)(50%)(50%)미반영미반영[국어, 수학, 탐구(1과목), 탐구(1과목)] 중 우수 2개 영역(과목) 각 50%(※ 백분위 성적에 따라 탐구영역 2과목이 모두 반영될 수 있음) -간호학과임상병리학과3(40%)(40%)(40%)(40%)20%미반영[국어, 수학, 탐구(1과목)] 중 우수 2개 영역 각 40%영어 영역 20%-한의예과4 30%30%30%10%미반영[국어, 수학, 탐구(2과목 평균) || 이 실력이 되는 대학!” 세명대학교 2027학년도 정시모집요강세명대학교 2027학년도 정시모집요강[27] 5. 세명대학교 대학수학능력시험 성적산출 예시자료 ① [일반전형] 전체 모집단위(간호학과, 임상병리학과, 한의예과 제외) 지원자 예시구 분국 어수 학 탐 구 영 어한국사화법과작문확률과통계사회․문화윤리와사상백분위 및 등급91점62점71점80점2등급4등급반영 여부●××●××본교 환산공식91점×0.5미반영미반영80점×0.5미반영미반영점수45.50점 40.00점❶ 수능 100점 만점 기준 환산 : ( 45.50 + 40.00 ) = 85.50 ❷ 수능성적 산출 : 85.50 × 10 = 855.0점 ❸ 본교 정시모집 사정총점 : 855.0점 ② [일반전형] 보건계열(간호학과, 임상병리학과) 모집단위 지원자 예시구 분국 어수 학  ||  만점 기준 환산 : ( 45.50 + 40.00 ) = 85.50 ❷ 수능성적 산출 : 85.50 × 10 = 855.0점 ❸ 본교 정시모집 사정총점 : 855.0점 ② [일반전형] 보건계열(간호학과, 임상병리학과) 모집단위 지원자 예시구 분국 어수 학 탐 구 영 어한국사언어와매체미적분물리학Ⅰ화학Ⅰ백분위 및 등급82점65점94점81점3등급미반영반영 여부●×●×●본교 환산공식82점×0.4미반영94점×0.4미반영16점점수32.80점 37.60점❶ 수능 100점 만점 기준 환산 : ( 32.80 + 37.60 + 16 ) = 86.40 ❷ 수능성적 산출 : 86.40 × 10 = 864.0점 ❸ 본교 정시모집 사정총점 : 864.0점 ③ [일반전형] 한의예과 지원자 예시구 분국 어수 학 탐 구 영 어한국사화법과작문기 하화학Ⅰ생명 || 7.60점❶ 수능 100점 만점 기준 환산 : ( 32.80 + 37.60 + 16 ) = 86.40 ❷ 수능성적 산출 : 86.40 × 10 = 864.0점 ❸ 본교 정시모집 사정총점 : 864.0점 ③ [일반전형] 한의예과 지원자 예시구 분국 어수 학 탐 구 영 어한국사화법과작문기 하화학Ⅰ생명과학Ⅱ백분위 및 등급[수학 및 탐구영역 가산점(5%)]96점91점92점97점1등급미반영91점+4.55=95.55점{(92점+97점)÷2}+4.725=99.225점반영 여부●● ● ●본교 환산공식96점 × 0.395.55점 × 0.399.225점 × 0.310점점수28.80점28.665점 29.7675점❶ 수능 100점 만점 기준 환산 : ( 28.80 + 28.665 + 29.7675 + 10 ) = 97.2325❷ 수능성적 산출 : || + 29.7675 + 10 ) = 97.2325❷ 수능성적 산출 : 97.2325 × 10 = 972.3점 (소수점 둘째자리에서 반올림)❸ 본교 정시모집 사정총점 : 972.3점 ④ [일반전형] 고사 실시 모집단위(생활체육학과) 지원자 예시구 분국 어수 학 탐 구영 어한국사실기고사언어와매체확률과통계경 제세계사백분위 및 등급69점79점94점82점미반영미반영-반영 여부××●● ●본교 환산공식미반영미반영94점 × 0.582점 × 0.5 631점점수 47.00점41.00점❶ 수능 100점 만점 기준 환산 : ( 47.00 + 41.00 ) = 88.00 ❷ 수능성적 산출 : 88.00 × 3 = 264.0점❸ 본교 정시모집 사정총점 : 264.0(수능점수) + 631(실기고사 점수) = 895.0점",C:\Users\User\Desktop\업무\작업\21. 정시모집 관련\00. 소스(모집요강)\충청호남\4. 충청권\2027_세명대_정시요강.pdf
146,세한대,가점,"3,13,14","실기100) - 공공안전학부(실기100)정시 대학수학능력시험 반영방법•수능 4개 영역의 등급 반영.•국어, 영어, 수학, 탐구(상위 1과목)영역 각 25% 반영. •수능 4개 영역의 등급 반영.•국어, 영어, 수학, 탐구(상위 1과목)영역 각 25% 반영.수능 가산점•한국사 등급별 가산점(10점) 차등 부여•한국사 등급별 가산점(10점) 차등 부여 || 시 대학수학능력시험 반영방법•수능 4개 영역의 등급 반영.•국어, 영어, 수학, 탐구(상위 1과목)영역 각 25% 반영. •수능 4개 영역의 등급 반영.•국어, 영어, 수학, 탐구(상위 1과목)영역 각 25% 반영.수능 가산점•한국사 등급별 가산점(10점) 차등 부여•한국사 등급별 가산점(10점) 차등 부여 || 학수학능력시험 반영방법 나. 대학수학능력시험 반영영역 및 반영비율 다. 대학수학능력시험 반영점수 산출방법 라. 대학수학능력시험 등급별 환산점수구분1등급2등급3등급4등급5등급6등급7등급8등급9등급점수700686672658644630616602588 마. 대학수학능력시험 한국사 등급별 가산점수등급123456789가산점1098765432 바. 대학수학능력시험성적 반영점수 산출방법 1) 대학수학능력시험 성적표 예시 모집단위수능성적활용지표수능성적 영역별 반영비율(%)비율(%)한국사비고국어수학영어탐구전 모집단위등급25252525100· 등급에 따른 가산점 부여.· 탐구영역 우수 1과목 반영모집단위점수 산출방법전 모집단위[국어영역 취득등급 환산점수×0.25 + 수학영역 취득등급 환산점수×0.25 + 영어영역 취득등급 환산점수×0.25 + || 686672658644630616602588 마. 대학수학능력시험 한국사 등급별 가산점수등급123456789가산점1098765432 바. 대학수학능력시험성적 반영점수 산출방법 1) 대학수학능력시험 성적표 예시 모집단위수능성적활용지표수능성적 영역별 반영비율(%)비율(%)한국사비고국어수학영어탐구전 모집단위등급25252525100· 등급에 따른 가산점 부여.· 탐구영역 우수 1과목 반영모집단위점수 산출방법전 모집단위[국어영역 취득등급 환산점수×0.25 + 수학영역 취득등급 환산점수×0.25 + 영어영역 취득등급 환산점수×0.25 + 탐구영역 우수 1과목 취득등급 환산점수×0.25] + 한국사 가산점 = 총점수 수험번호성명주민등록번호출신고교(반 또는 졸업년도)1234567김세한080123-1234567세한고(2027)구분국어수학영어 || 5100· 등급에 따른 가산점 부여.· 탐구영역 우수 1과목 반영모집단위점수 산출방법전 모집단위[국어영역 취득등급 환산점수×0.25 + 수학영역 취득등급 환산점수×0.25 + 영어영역 취득등급 환산점수×0.25 + 탐구영역 우수 1과목 취득등급 환산점수×0.25] + 한국사 가산점 = 총점수 수험번호성명주민등록번호출신고교(반 또는 졸업년도)1234567김세한080123-1234567세한고(2027)구분국어수학영어사회탐구영역한국사한국지리정치Ⅰ등급3 2 4 5 6 1등급별 환산점수67268665864463010 반영방법· 수능 4개 영역(국어, 수학, 영어, 탐구)의 등급 활용.· 국어, 수학, 영어, 탐구영역 각 25% 반영.· 탐구영역은 우수 1과목만 반영.· 한국사 등급별 가산점(10점)차등 부여. || 점수×0.25 + 영어영역 취득등급 환산점수×0.25 + 탐구영역 우수 1과목 취득등급 환산점수×0.25] + 한국사 가산점 = 총점수 수험번호성명주민등록번호출신고교(반 또는 졸업년도)1234567김세한080123-1234567세한고(2027)구분국어수학영어사회탐구영역한국사한국지리정치Ⅰ등급3 2 4 5 6 1등급별 환산점수67268665864463010 반영방법· 수능 4개 영역(국어, 수학, 영어, 탐구)의 등급 활용.· 국어, 수학, 영어, 탐구영역 각 25% 반영.· 탐구영역은 우수 1과목만 반영.· 한국사 등급별 가산점(10점)차등 부여. || 구분국어수학영어사회탐구영역한국사한국지리정치Ⅰ등급3 2 4 5 6 1등급별 환산점수67268665864463010 반영방법· 수능 4개 영역(국어, 수학, 영어, 탐구)의 등급 활용.· 국어, 수학, 영어, 탐구영역 각 25% 반영.· 탐구영역은 우수 1과목만 반영.· 한국사 등급별 가산점(10점)차등 부여. || ) 간호학과를 지원한 경우영역 영역별 반영점수 산출 방법반영영역선택비고산출내역반영점수국어영역672×0.25168○수학영역686×0.25 171.5○영어영역658×0.25 164.5○사회탐구영역한국지리644×0.25161○우수과목 1개 택.정치Ⅰ630×0.25 157.5한국사10 10 가산점.반영점수 합계국어영역(168) + 수학영역(171.5) + 영어영역(164.5) + 한국지리(161) + 한국사(10)= 675점. 3. 실기고사 반영방법 가. 실기고사 구분전형유형모집단위일시장소정시 ㉮군실기/실적(일반학생)AI융합콘텐츠학부, 공공안전학부2027. 1. 14.(목)· 지정 실기고사장.· 자세한 사항은 세한대학교 입학안내 홈페이지에 공지 및 개별 통보.정시 ㉯군 전통연희학과2027. 1. 19.(화) 1) 모집단위별 실기고사",C:\Users\User\Desktop\업무\작업\21. 정시모집 관련\00. 소스(모집요강)\충청호남\5. 호남권\2027_세한대_정시요강.pdf
147,송원대,등급 환산,"8,9","-7069-6564-석차등급 없는경우백분율반영5%이하5%-12%13%-18%19%-30%31%-40%41%-60%61%-70%71%-80%81%이상외국고교학생부 성적A-B-C-D-E 나. 수능영역별 반영비율구분반영영역수수능성적활용지표수능성적 반영비율(%)국어수학영어탐구한국사가군 모집단위4등급4030 25- 5나군 모집단위5등급30 20 20255 ※ 탐구영역반영은 사회탐구, 과학탐구 중 높은 1과목 성적의 등급을 반영함. 다. 학교폭력조치사항 유형별 반영방법 –각 교과별 평균 등급에서 감점 ※ 단, 국외고 출신자 등 학교폭력 조치사항을 반영하기 어려운 경우는 제외 조치사항감점1호(피해 학생에 대한 서면사과) 감점없음2호(피해 학생 및 신고·고발 학생에 대한 접촉,협박 및 보복행위 금지)3호(학교에서의 봉사)4호(사회봉사)5호 || 상담 후 창구접수한 지원자는 전형료 면제 등급비율1등급2등급3등급4등급5등급6등급7등급8등급9등급국어40%360359358357356354352349346수학30%270269268266264263262260259영어25%225224223222221220219217216한국사5%454545444444434343총점100%900897894889885881876869864영역비율1등급2등급3등급4등급5등급6등급7등급8등급9등급국어30%300299 298297296294292290288수학20%200199198197196195194193192영어20%200199198197196195194193192탐구25%250249248247246245244242240한국사5%505050494949484848총점100%100099699298798 || 3등급4등급5등급6등급7등급8등급9등급국어30%300299 298297296294292290288수학20%200199198197196195194193192영어20%200199198197196195194193192탐구25%250249248247246245244242240한국사5%505050494949484848총점100%1000996992987983978972966960",C:\Users\User\Desktop\업무\작업\21. 정시모집 관련\00. 소스(모집요강)\충청호남\5. 호남권\2027_송원대_정시요강.pdf
148,순천향대,감점,"14,15,16","p.42 참조 - 학교생활기록부에 학교폭력 가해학생 조치사항이 있는 경우 전형 총점에서 3점 이내 감점(p.44 참조)4. 동점자 처리 기준(가산점 반영 점수)① 대학수학능력시험 영어 등급② 대학수학능력시험 국어 백분위③ 대학수학능력시험 수학 백분위④ 대학수학능력시험 한국사 등급 5. 선발원칙 : 모집단위별 총점에 의한 석차 순 선발 - 사정대상에서 제외하는 경우 p.46 참조6. 전형일정 - 전형일정 p.8 참조7. 제출서류 - 제출서류 안내사항 p.34 ~ p.41 참조8. 유의사항 - 지원자 유의사항 p.45 ~ p.48 참조 || p.42 참조 - 학교생활기록부에 학교폭력 가해학생 조치사항이 있는 경우 전형 총점에서 3점 이내 감점(p.44 참조)4. 동점자 처리 기준(가산점 반영 점수)① 대학수학능력시험 영어 등급② 대학수학능력시험 국어 백분위③ 대학수학능력시험 수학 백분위④ 대학수학능력시험 한국사 등급5. 선발원칙 : 모집단위별 총점에 의한 석차 순 선발 - 사정대상에서 제외하는 경우 p.46 참조6. 전형일정 - 전형일정 p.8 참조7. 제출서류 - 제출서류 안내사항 p.34 ~ p.41 참조8. 유의사항 - 지원자 유의사항 p.45 ~ p.48 참조 ||  처리 기준(가산점 반영 점수) 의예과, 간호학과 ① 수학 백분위(미적분ㆍ기하)② 영어 등급③ 국어 백분위④ 과학탐구Ⅱ 2과목 백분위 합⑤ 과학탐구 과목별 백분위 (생명과학Ⅱ → 화학Ⅱ → 물리학Ⅱ → 지구과학Ⅱ → 생명과학Ⅰ → 화학Ⅰ → 물리학Ⅰ → 지구과학Ⅰ)⑥ 한국사 등급⑦ 수학 표준점수(미적분ㆍ기하)⑧ 국어 표준점수⑨ 과학탐구Ⅱ 2과목 표준점수 합⑩ 과학탐구 과목별 표준점수 (생명과학Ⅱ → 화학Ⅱ → 물리학Ⅱ → 지구과학Ⅱ → 생명과학Ⅰ → 화학Ⅰ → 물리학Ⅰ → 지구과학Ⅰ)의예과, 간호학과 제외 모집단위① 대학수학능력시험 영어 등급② 대학수학능력시험 국어 백분위③ 대학수학능력시험 수학 백분위④ 대학수학능력시험 한국사 등급 ||  과학탐구 과목별 표준점수 (생명과학Ⅱ → 화학Ⅱ → 물리학Ⅱ → 지구과학Ⅱ → 생명과학Ⅰ → 화학Ⅰ → 물리학Ⅰ → 지구과학Ⅰ)의예과, 간호학과 제외 모집단위① 대학수학능력시험 영어 등급② 대학수학능력시험 국어 백분위③ 대학수학능력시험 수학 백분위④ 대학수학능력시험 한국사 등급",C:\Users\User\Desktop\업무\작업\21. 정시모집 관련\00. 소스(모집요강)\충청호남\4. 충청권\2027_순천향대_정시요강.pdf
149,신경주대,가점,15,"- 15 - Ⅵ 대학수학능력시험 반영방법 가. 계열 및 영역별 반영비율모집시기전형명계 열수능성적활용지표반 영영역수수능영역별 반영비율국어수학영어탐구영역한국사사/과/직반 영과목수지정교과정시(가군)수능(일반전형면접전형)인문사회,예체능백분위340%30%30%1상위1과목가산점자연과학,공학백분위425%25%25%25% - 특수목적고 출신자에 대한 수능 비교내신은 적용하지 않는다. - 대학수학능력시험 미 응시자는 0점 처리한다. 나. 영어영역 등급별 점수등 급123456789점 수1009590858075706560 다. 한국사영역 등급별 가산점수등 급123456789점 수1098765432 - 가산점을 반영할 경우 영역 || 30%1상위1과목가산점자연과학,공학백분위425%25%25%25% - 특수목적고 출신자에 대한 수능 비교내신은 적용하지 않는다. - 대학수학능력시험 미 응시자는 0점 처리한다. 나. 영어영역 등급별 점수등 급123456789점 수1009590858075706560 다. 한국사영역 등급별 가산점수등 급123456789점 수1098765432 - 가산점을 반영할 경우 영역별 총점 및 전체 총점을 초과할 수 없음.",C:\Users\User\Desktop\업무\작업\21. 정시모집 관련\00. 소스(모집요강)\영남제주\6. 영남권\2027_신경주대_정시요강.pdf
150,신라대,감점,"19,20","비율 상수구 분 수능 반영 비율 상수 일반학생(수능위주) 100%1.25 ■ 대학수학능력시험 성적 산출 예시 ▪(예시)2027학년도 대학수학능력시험 성적통지표수험번호성 명생년월일성별출신고교 (반 또는 졸업연도)12345678김신라05.06.07.남신라고등학교(9)구 분한국사국어수학영어탐구제2외국어/한문 영역선택과목화법과작문미적분세계지리물리학1일본어Ⅰ표준점수1311375364백 분 위9395 7593등 급222142 2 ▪대학수학능력시험 성적 및 학생부(출석) 산출수험생 지원 현황전형요소별 반영비율수능 성적 산출수능 반영 점수수능[㉰군 일반전형]컴퓨터교육과100%[131+137+(64×2)+(영어1등급=200점)]= 596.0점 596.0×1.25((수능 반영비율 상수) = 745.0계745.0(최종값은 소수점 첫째 자리까지  || 출신자 등 학교폭력 조치 사항 반영이 어려운 경우 제외-조치사항이 여러 개인 경우 가장 높은 감점요소 1개만 반영 07 학교생활기록부 반영 방법 학교생활기록부 교과 성적 반영 방법1모집시기반영교과반영과목 수필수지정교과반영학기공통/일반선택진로선택정시국어, 수학, 영어, 한국사, 사회(역사/도덕 포함), 과학총 10과목진로선택과목(전교과) 최대 3과목없음1학년~3학년 2학기 ▪ 학년/학기 구분 없이 동일비율 적용(동일학기, 동일교과 내의 중복 과목 선택 가능)합니다. e×) 국어교과(국어, 문학, 독서 등)가 모두 상위 과목에 포함되면 모두 선택 가능합니다. ▪ 진로선택과목 반영 시 최대 2과목 반영 가능합니다.(전 교과) ▪ 반영과목 수가 부족할 경우, 부족한 과목의 등급은 9등급으로 처리합니다. ▪ 등급이 제공되지 않는 교과",C:\Users\User\Desktop\업무\작업\21. 정시모집 관련\00. 소스(모집요강)\영남제주\6. 영남권\2027_신라대_정시요강.pdf
151,아신대,확인 필요,,,C:\Users\User\Desktop\업무\작업\21. 정시모집 관련\00. 소스(모집요강)\경기인천강원\2. 경기인천\2027_아신대_정시요강.pdf
152,영남대,가점,"8,9,11,12,13,14,18,19","하여 이와 동등 이상의 학력이 있다고 인정되는 자3. 지원조건 모집단위별 2027학년도 대학수학능력시험의 필수 응시영역 및 선택과목에 반드시 응시모집단위대학수학능력시험 필수 응시영역 및 선택과목전 모집단위(아래 제외) 국어, 수학, 영어, 사회/과학탐구(2개 과목), 한국사의예과, 약학부국어, 수학, 영어, 과학탐구(2개 과목), 한국사체육학부(체육학전공, 무용학전공), 산업디자인학과, 생활제품디자인학과국어, 수학, 영어, 사회/과학탐구(2개 과목) 중 3개 영역 이상 응시, 한국사 ※ 탐구 : 사회탐구, 과학탐구 중 2개 과목에 응시(의예과, 약학부는 과학탐구 2개 과목에 응시)4. 전형방법 가. 전형요소별 배점 및 반영비율모집단위전형단계선발비율전형요소별 성적반영점수 및 비율대학수학능력시험성적실기고사성적총점전 모집단위(아래 || 집단위별 2027학년도 대학수학능력시험의 필수 응시영역 및 선택과목에 반드시 응시모집단위대학수학능력시험 필수 응시영역 및 선택과목전 모집단위(아래 제외) 국어, 수학, 영어, 사회/과학탐구(2개 과목), 한국사의예과, 약학부국어, 수학, 영어, 과학탐구(2개 과목), 한국사체육학부(체육학전공, 무용학전공), 산업디자인학과, 생활제품디자인학과국어, 수학, 영어, 사회/과학탐구(2개 과목) 중 3개 영역 이상 응시, 한국사 ※ 탐구 : 사회탐구, 과학탐구 중 2개 과목에 응시(의예과, 약학부는 과학탐구 2개 과목에 응시)4. 전형방법 가. 전형요소별 배점 및 반영비율모집단위전형단계선발비율전형요소별 성적반영점수 및 비율대학수학능력시험성적실기고사성적총점전 모집단위(아래 제외)일괄합산100%800점(100%)- 800점(100%)최고 || 외) 국어, 수학, 영어, 사회/과학탐구(2개 과목), 한국사의예과, 약학부국어, 수학, 영어, 과학탐구(2개 과목), 한국사체육학부(체육학전공, 무용학전공), 산업디자인학과, 생활제품디자인학과국어, 수학, 영어, 사회/과학탐구(2개 과목) 중 3개 영역 이상 응시, 한국사 ※ 탐구 : 사회탐구, 과학탐구 중 2개 과목에 응시(의예과, 약학부는 과학탐구 2개 과목에 응시)4. 전형방법 가. 전형요소별 배점 및 반영비율모집단위전형단계선발비율전형요소별 성적반영점수 및 비율대학수학능력시험성적실기고사성적총점전 모집단위(아래 제외)일괄합산100%800점(100%)- 800점(100%)최고점 및 최저점은 대학수학능력시험성적 반영방법(모집요강 7쪽) 참조체육학부(체육학전공, 무용학전공) 480점(60%)320점(40%)800점(100%) || 역 : 2개 과목의 취득 백분위를 평균하여 반영 - 영어영역 : 영어영역 등급별 환산점수를 반영모집단위영역별 가중치 및반영 비율(%)반영영역 선택(응시)에 따른 가산점수능성적(가산점 포함)국어수학영어탐구(2개 과목평균)수학(미적분,기하 응시자)과학탐구(2개 과목응시자)한국사인문사회계열(아래 제외) 2.40(30%)2.00(25%)2.00(25%)1.60(20%)-- 등급별가산점부여(아래참조) 800최고점 : 810최저점 : 128.4자연계열(아래 제외) 1.60(20%)2.40(30%)2.00(25%)2.00(25%)0.12(취득 백분위의 5%)0.10(취득 백분위의 5%)800최고점 : 832최저점 : 128.4의예과, 약학부2.00(25%)2.80(35%)0.80(10%)2.40(30%)-- 800최고점 : 810최저점  || 4산업디자인학과, 생활제품디자인학과상위 3개 영역 평균 × 8.0(각 33.3%)-- 800최고점 : 810최저점 : 8.4■ 영어영역 등급별 환산점수(100점 만점 기준)등급1등급2등급3등급4등급5등급6등급7등급8등급9등급환산점수1009590858075706560■ 한국사영역 등급별 가산점등급1등급2등급3등급4등급5등급6등급7등급8등급9등급가산점109.89.69.49.29.08.88.68.4※ 대학수학능력시험성적은 소수점 셋째자리에서 반올림하여 둘째자리까지 구함【성적산출 예시】 : 다음의 대학수학능력시험성적을 가진 학생이 기계공학부에 지원했을 경우구분한국사(등급)국어(언어와 매체)수학(미적분)영어(등급) 과학탐구물리Ⅰ생명과학Ⅰ백분위2 83883 9381▪영어영역 등급별 환산점수 = 3등급 = 90, 과학탐구 백분위 평균  || 점등급1등급2등급3등급4등급5등급6등급7등급8등급9등급가산점109.89.69.49.29.08.88.68.4※ 대학수학능력시험성적은 소수점 셋째자리에서 반올림하여 둘째자리까지 구함【성적산출 예시】 : 다음의 대학수학능력시험성적을 가진 학생이 기계공학부에 지원했을 경우구분한국사(등급)국어(언어와 매체)수학(미적분)영어(등급) 과학탐구물리Ⅰ생명과학Ⅰ백분위2 83883 9381▪영어영역 등급별 환산점수 = 3등급 = 90, 과학탐구 백분위 평균 , 한국사영역 가산점 = 2등급 = 9.8▪대학수학능력시험성적 = (83 × 1.60) + (88 × 2.40) + (90 × 2.00) + (87 × 2.00) + (88 × 0.12)+ (87 × 0.10) + 9.8 = 727.06 다. 실기고사성적 반영방법 :  || 음의 대학수학능력시험성적을 가진 학생이 기계공학부에 지원했을 경우구분한국사(등급)국어(언어와 매체)수학(미적분)영어(등급) 과학탐구물리Ⅰ생명과학Ⅰ백분위2 83883 9381▪영어영역 등급별 환산점수 = 3등급 = 90, 과학탐구 백분위 평균 , 한국사영역 가산점 = 2등급 = 9.8▪대학수학능력시험성적 = (83 × 1.60) + (88 × 2.40) + (90 × 2.00) + (87 × 2.00) + (88 × 0.12)+ (87 × 0.10) + 9.8 = 727.06 다. 실기고사성적 반영방법 : 실기고사 과목 및 배점표에 따라 평가함 라. 학교폭력 조치사항 반영방법 : 모집요강 37쪽 참조 ||  표준점수가 높은 자③ 대학수학능력시험 수학영역 표준점수가 높은 자④ 대학수학능력시험 탐구영역 사회탐구 2개 과목 응시자⑤ 대학수학능력시험 탐구영역(2개 과목 평균) 표준점수가 높은 자⑥ 대학수학능력시험 탐구영역(상위 1개 과목) 표준점수가 높은 자⑦ 대학수학능력시험 한국사영역 등급이 우수한 자⑧ 대학수학능력시험 수학영역 미적분 또는 기하 응시자자연계열① 대학수학능력시험 영어영역 등급이 우수한 자② 대학수학능력시험 수학영역 표준점수가 높은 자③ 대학수학능력시험 국어영역 표준점수가 높은 자④ 대학수학능력시험 탐구영역 과학탐구 2개 과목 응시자⑤ 대학수학능력시험 탐구영역(2개 과목 평균) 표준점수가 높은 자⑥ 대학수학능력시험 탐구영역(상위 1개 과목) 표준점수가 높은 자⑦ 대학수학능력시험 한국사영역 등급이 우수한 자⑧ 대학수학능",C:\Users\User\Desktop\업무\작업\21. 정시모집 관련\00. 소스(모집요강)\영남제주\6. 영남권\2027_영남대_정시요강.pdf
153,영산대,가점,"14,15,16","역국어영역수학영역탐구영역영어영역1등급2등급3등급4등급5등급6등급7등급8등급9등급반영점수표준점수표준점수표준점수135점130점123점114점103점94점87점82점79점※ 탐구영역(사회탐구/과학탐구/직업탐구)은 상위 1과목 반영 / 반영점수는 상위 1과목 표준점수×23. 한국사 가산점한국사 등급1~2등급3~4등급5~6등급7~8등급9등급가산점2점1.5점1.0점0.6점0.2점4. 수능성적 산출예시 가. 취득점수 나. 수능 반영방법모집군전형모집단위반영비율반영방법 가군다군일반전형인문사회계열자연공학계열학생부30% +수능70%• 4개영역 표준점수 반영• 수능비율이 70%(700점) 이므로, 4개영역의 표준점수 합계 * (700/735) (국어136점+수학120점+영어135점+탐구156점+한국사1.5점) * (700/735) = 522.4점 || 영역탐구영역영어영역1등급2등급3등급4등급5등급6등급7등급8등급9등급반영점수표준점수표준점수표준점수135점130점123점114점103점94점87점82점79점※ 탐구영역(사회탐구/과학탐구/직업탐구)은 상위 1과목 반영 / 반영점수는 상위 1과목 표준점수×23. 한국사 가산점한국사 등급1~2등급3~4등급5~6등급7~8등급9등급가산점2점1.5점1.0점0.6점0.2점4. 수능성적 산출예시 가. 취득점수 나. 수능 반영방법모집군전형모집단위반영비율반영방법 가군다군일반전형인문사회계열자연공학계열학생부30% +수능70%• 4개영역 표준점수 반영• 수능비율이 70%(700점) 이므로, 4개영역의 표준점수 합계 * (700/735) (국어136점+수학120점+영어135점+탐구156점+한국사1.5점) * (700/735) = 522.4점예‧체능 계열 || 수능 반영방법모집군전형모집단위반영비율반영방법 가군다군일반전형인문사회계열자연공학계열학생부30% +수능70%• 4개영역 표준점수 반영• 수능비율이 70%(700점) 이므로, 4개영역의 표준점수 합계 * (700/735) (국어136점+수학120점+영어135점+탐구156점+한국사1.5점) * (700/735) = 522.4점예‧체능 계열학생부30% +수능70%• 상위 3개영역 표준점수 반영• 수능비율이 70%(700점) 이므로, 상위 3개영역의 표준점수 합계 * (700/600) (국어136점+영어135점+탐구156점+한국사1.5점) * (7/6) = 499.9점실기전형K-공연방송미디어학과웹툰학과(수시모집 이월시)학생부10% +수능20% +실기70%• 상위 3개영역 표준점수 반영• 수능비율이 20%(200점) 이므로, 상위 3개영 || 5점+탐구156점+한국사1.5점) * (700/735) = 522.4점예‧체능 계열학생부30% +수능70%• 상위 3개영역 표준점수 반영• 수능비율이 70%(700점) 이므로, 상위 3개영역의 표준점수 합계 * (700/600) (국어136점+영어135점+탐구156점+한국사1.5점) * (7/6) = 499.9점실기전형K-공연방송미디어학과웹툰학과(수시모집 이월시)학생부10% +수능20% +실기70%• 상위 3개영역 표준점수 반영• 수능비율이 20%(200점) 이므로, 상위 3개영역의 표준점수 합계 ÷ 3 (국어136점+영어135점+탐구156점+한국사1.5점) ÷ 3 = 142.8점 구 분한국사영역국어영역수학영역영어영역과학탐구제2외국어/한문물리Ⅰ화학Ⅰ일본어Ⅰ표준점수3등급(1.5점)1361201등급(135점)7876- 7. 대학 || ) * (7/6) = 499.9점실기전형K-공연방송미디어학과웹툰학과(수시모집 이월시)학생부10% +수능20% +실기70%• 상위 3개영역 표준점수 반영• 수능비율이 20%(200점) 이므로, 상위 3개영역의 표준점수 합계 ÷ 3 (국어136점+영어135점+탐구156점+한국사1.5점) ÷ 3 = 142.8점 구 분한국사영역국어영역수학영역영어영역과학탐구제2외국어/한문물리Ⅰ화학Ⅰ일본어Ⅰ표준점수3등급(1.5점)1361201등급(135점)7876- 7. 대학수학능력성적 반영방법 ||  년(1학 년~ 3학 년) 교 과 성 적 1 0 0 % 반 영• 학 년, 학 기 구 분 없 이 상 위 석 차 등 급 반 영정원내• 전계열 (아 래 간 호 학 과, 예 능 및 체 능 계 열 제 외)• 성인학습자 전형 모집단위• 국어,영어,수학,사회(역사,도덕포함),과학,한국사 中• 최 대 2과 목 반 영 가 능8과목• 간호학과• 국어,영어,수학,사회(역사,도덕포함),과학,한국사 中 (단, 국어,영어,수학 각 1과목씩 반드시 포함)• 예능계열• 국 어,영 어,수 학,사 회(역 사,도 덕 포 함),과 학,한 국 사,미 술 中• 체능계열• 국 어,영 어,수 학,사 회(역 사,도 덕 포 함),과 학,한 국 사,체 육 中정원외• 전계열• 국어,영어,수학,사회(역사,도덕포함),과학,한국사 中※ 2015교육과정 미적용자의 경우는 등급이 부 ||  차 등 급 반 영정원내• 전계열 (아 래 간 호 학 과, 예 능 및 체 능 계 열 제 외)• 성인학습자 전형 모집단위• 국어,영어,수학,사회(역사,도덕포함),과학,한국사 中• 최 대 2과 목 반 영 가 능8과목• 간호학과• 국어,영어,수학,사회(역사,도덕포함),과학,한국사 中 (단, 국어,영어,수학 각 1과목씩 반드시 포함)• 예능계열• 국 어,영 어,수 학,사 회(역 사,도 덕 포 함),과 학,한 국 사,미 술 中• 체능계열• 국 어,영 어,수 학,사 회(역 사,도 덕 포 함),과 학,한 국 사,체 육 中정원외• 전계열• 국어,영어,수학,사회(역사,도덕포함),과학,한국사 中※ 2015교육과정 미적용자의 경우는 등급이 부여된 상위 8과목 반영 / ※ 과목이 부족한 경우는 9등급 부여3. 학생부 반영항목구분 내용 비고• 석차 || 1과목씩 반드시 포함)• 예능계열• 국 어,영 어,수 학,사 회(역 사,도 덕 포 함),과 학,한 국 사,미 술 中• 체능계열• 국 어,영 어,수 학,사 회(역 사,도 덕 포 함),과 학,한 국 사,체 육 中정원외• 전계열• 국어,영어,수학,사회(역사,도덕포함),과학,한국사 中※ 2015교육과정 미적용자의 경우는 등급이 부여된 상위 8과목 반영 / ※ 과목이 부족한 경우는 9등급 부여3. 학생부 반영항목구분 내용 비고• 석차등급이 있는 경우• 석차등급별 점수표를 적용하여 교과성적 산출• 석차등급 반영• 석차등급이 없는 경우학년별(계열)석차만 있는 경우• 학년별 석차백분율을 석차등급으로 환산하여 교과성적 산출• 석차등급으로 환산 반영해당학년 및 과목별 석차백분율이 있는 경우• 석차백분율을 석차등급으로 환산하여 교과성적 산출• ",C:\Users\User\Desktop\업무\작업\21. 정시모집 관련\00. 소스(모집요강)\영남제주\6. 영남권\2027_영산대_정시요강.pdf
154,예수대,가점,7," 부여국어수학영어사회/과학/직업탐구제2외국어/한문사회과학직탐사회/과학간호학부백분위253525···15·- 수학(미적분, 기하 중 택일) : 백분위에 의한 취득점수 10% 가산점- 과학탐구 선택자 : 백분위에 의한 취득점수 3% 가산점※ 탐구영역 최고점 1과목 반영 ※ 한국사 응시여부 반영(미응시자 불합격 처리) ※ 영어수능점수백분위 : 1등급:100점, 2등급:97점, 3등급:94점, 4등급:91점, 5등급:88점, 6등급:85점, 7등급:82점, 8등급:79점, 9등급:76점 다. 탐구영역 특정 과목 반영 모집단위사회탐구영역과학탐구영역탐구영역과목점수반영방법가산점 부여내용탐구영역반영과목수자유선택반영과목수자유선택간호학부1○1○최고점- 과학탐구 : 백분위에 의한 취득점수 3% 최고점1과목 반영4. 수학능력시험 산출방법전형별실질반",C:\Users\User\Desktop\업무\작업\21. 정시모집 관련\00. 소스(모집요강)\충청호남\5. 호남권\2027_예수대_정시요강.pdf
155,우석대,가점,"46,47,48","- 46 - Ⅴ 대학수학능력시험 반영 방법1. 대학수학능력시험 반영비율모집단위반영 비율산출 지표간호학과국어수학 영어과학/사회탐구 중 1과목백분위:국어, 수학, 탐구(사회,과학)등급: 영어, 한국사 상위 2개 영역 반영 70% (35%+35%)30%한의예과국어수학 영어과학/사회탐구중 2과목 평균20%30%20%30%약학과한약학과국어수학 영어과학탐구 2과목 평균20%30%20%30%※ 약학과 응시자는 수학영역 선택과목을 미적분 또는 기하를 응시해야 함(확률과 통계 응시자 지원 불가)※ 탐구영역에 직업탐구응시자는 약학과, 한약학과, 한의예과에 지원 불가※ 한약학과, 한의예과 응시자 중 수학 영역 기하 또는 미적분을 응시하였을 시 수학 영역 취득점수 10 || 학 영역 기하 또는 미적분을 응시하였을 시 수학 영역 취득점수 10% 가산점 부여2. 영어 등급별 환산점수 산출표영어 수능등급123456789환산점수10095908580757065603. 수학 기하 또는 미적분 가산점수 산출방법 : 수학 백분위 × 10 / 1004. 한국사 가산점수 산출표한국사 수능등급123456789가산점5 4321 ※ 모든 지원자는 수능 한국사 영역을 필수 응시해야 함5. 수능성적 산출식 ⦁간호학과 ① 국어, 수학, 영어 중 상위 2개 영역의 반영점수 산출: [140×(국어, 수학, 영어 중 1개 영역 백분위÷100)]+[140×(국어, 수학, 영어 중 1개 영역 백분위÷100)] ② 탐구영역(과탐/사탐) 반영점수 산출: 120×[(탐구1 백분위÷100)] ③ 수능 전형 총점: ①+②+가산점(한국사) ⦁ || 적분을 응시하였을 시 수학 영역 취득점수 10% 가산점 부여2. 영어 등급별 환산점수 산출표영어 수능등급123456789환산점수10095908580757065603. 수학 기하 또는 미적분 가산점수 산출방법 : 수학 백분위 × 10 / 1004. 한국사 가산점수 산출표한국사 수능등급123456789가산점5 4321 ※ 모든 지원자는 수능 한국사 영역을 필수 응시해야 함5. 수능성적 산출식 ⦁간호학과 ① 국어, 수학, 영어 중 상위 2개 영역의 반영점수 산출: [140×(국어, 수학, 영어 중 1개 영역 백분위÷100)]+[140×(국어, 수학, 영어 중 1개 영역 백분위÷100)] ② 탐구영역(과탐/사탐) 반영점수 산출: 120×[(탐구1 백분위÷100)] ③ 수능 전형 총점: ①+②+가산점(한국사) ⦁한의예과 ① 국어 반영 || 급별 환산점수 산출표영어 수능등급123456789환산점수10095908580757065603. 수학 기하 또는 미적분 가산점수 산출방법 : 수학 백분위 × 10 / 1004. 한국사 가산점수 산출표한국사 수능등급123456789가산점5 4321 ※ 모든 지원자는 수능 한국사 영역을 필수 응시해야 함5. 수능성적 산출식 ⦁간호학과 ① 국어, 수학, 영어 중 상위 2개 영역의 반영점수 산출: [140×(국어, 수학, 영어 중 1개 영역 백분위÷100)]+[140×(국어, 수학, 영어 중 1개 영역 백분위÷100)] ② 탐구영역(과탐/사탐) 반영점수 산출: 120×[(탐구1 백분위÷100)] ③ 수능 전형 총점: ①+②+가산점(한국사) ⦁한의예과 ① 국어 반영점수 산출: 80×(국어 백분위÷100) ② 수학 반영점수 산출: 120 ||  2개 영역의 반영점수 산출: [140×(국어, 수학, 영어 중 1개 영역 백분위÷100)]+[140×(국어, 수학, 영어 중 1개 영역 백분위÷100)] ② 탐구영역(과탐/사탐) 반영점수 산출: 120×[(탐구1 백분위÷100)] ③ 수능 전형 총점: ①+②+가산점(한국사) ⦁한의예과 ① 국어 반영점수 산출: 80×(국어 백분위÷100) ② 수학 반영점수 산출: 120×(수학 백분위÷100) ③ 영어 반영점수 산출: 80×(영어 등급 환산점수÷100) ④ 탐구영역(과탐/사탐) 반영점수 산출: 120×[(탐구1 백분위÷100)+(탐구2 백분위÷100)]÷2] ⑤ 수능 전형 총점 = ①+②+③+④+가산점(수학 기하 또는 미적분, 한국사) ||  백분위÷100) ② 수학 반영점수 산출: 120×(수학 백분위÷100) ③ 영어 반영점수 산출: 80×(영어 등급 환산점수÷100) ④ 과탐 반영점수 산출: 120×[(과탐1 백분위÷100)+(과탐2 백분위÷100)]÷2] ⑤ 수능 전형 총점: ①+②+③+④+가산점(한국사)⦁한약학과 ① 국어 반영점수 산출: 80×(국어 백분위÷100) ② 수학 반영점수 산출: 120×(수학 백분위÷100) ③ 영어 반영점수 산출: 80×(영어 등급 환산점수÷100) ④ 과탐 반영점수 산출: 120×[(과탐1 백분위÷100)+(과탐2 백분위÷100)]÷2] ⑤ 수능 전형 총점: ①+②+③+④+가산점(수학 기하 또는 미적분, 한국사)6. 선발방법 : 전형요소의 총점 순위에 의하여 고득점자를 선발 ||  반영점수 산출: 120×(수학 백분위÷100) ③ 영어 반영점수 산출: 80×(영어 등급 환산점수÷100) ④ 과탐 반영점수 산출: 120×[(과탐1 백분위÷100)+(과탐2 백분위÷100)]÷2] ⑤ 수능 전형 총점: ①+②+③+④+가산점(수학 기하 또는 미적분, 한국사)6. 선발방법 : 전형요소의 총점 순위에 의하여 고득점자를 선발 || - 48 - Ⅵ 학교생활기록부 반영 방법1. 학년별 반영비율구분1학년2학년3학년 고등학교 졸업(예정)자 100%2. 반영교과영역모집단위반영 교과(영역) 반영 과목수산출지표학생부교과, 실기위주 반영 모집단위국어, 수학, 영어, 사회(역사/도덕 포함), 과학, 한국사 상위 10 과목석차등급,이수단위※ 석차등급이 없는 과목은 반영하지 않음(단, 졸업년도에 따라 과목별 석차등급은 기재되지 않고 과목별 석차만 기재된 경우는 석차백분위로 환산하여 반영)※ 반영교과영역 중 외부에서 이수한 과목도 반영3. 석차 등급 점수표 가. 국내고등학교 출신자 1) 과목 등급이 있는 경우(2008년 2월 이후 졸업자 등)석차등급123456789점수1009590858075706560 2) 과목 석차만 있는 경우(2007년 2월 이전 졸업자 등",C:\Users\User\Desktop\업무\작업\21. 정시모집 관련\00. 소스(모집요강)\충청호남\4. 충청권\2027_우석대_정시요강.pdf
156,우송대,가점,"8,9,10,18,19","점수) 총 점 일반전형 200점(100%) 200점(100%) 3．대학수학능력시험 반영 방법 ※ 대학수학능력시험 선택과목에 관계없이 교차지원을 할 수 있습니다. 모집 단위 모집 군별 대학수학능력시험 영역별 반영 비율 반영 점수 활용 지표국어 수학 영어 탐구 (1과목) 한국사사회 과학 전학과 가군 ․ 나군 ․ 다군 60% (40%) 60% (40%) 60% (40%) 60% (40%) 응시 여부 200점 백분위 택 2 비 고 ※ 상위 1개 영역 60%, 차상위 영역 40% 반영 ※ 2개 영역 반영 (상위 2개 영역, 한국사는 응시 여부만 반영함) ※ 수능 영역별 선택과목 지정 없음 ※ 각 영역별 백분위 점수를 반영 (영어는 등급별 환산점수 반영) ※ 탐구영역 선택 시 1과목 반영 (직탐은 반영 안 함) ※ 영어 영역 반영방법  || 탐구 (1과목) 한국사사회 과학 전학과 가군 ․ 나군 ․ 다군 60% (40%) 60% (40%) 60% (40%) 60% (40%) 응시 여부 200점 백분위 택 2 비 고 ※ 상위 1개 영역 60%, 차상위 영역 40% 반영 ※ 2개 영역 반영 (상위 2개 영역, 한국사는 응시 여부만 반영함) ※ 수능 영역별 선택과목 지정 없음 ※ 각 영역별 백분위 점수를 반영 (영어는 등급별 환산점수 반영) ※ 탐구영역 선택 시 1과목 반영 (직탐은 반영 안 함) ※ 영어 영역 반영방법 구분 모집단위 등급 1 2 3 4 5 6 7 8 9 분할기준 (원점수) 100 ~90 89 ~80 79 ~70 69 ~60 59 ~50 49 ~40 39 ~30 29 ~20 19 ~0 환산 점수 전 모집단위 100 96 89 82 75 60 45 20  || 국어·영어·수학 교과 과목의 이수단위 합이 50 이상인 경우 가 산점 50점 부여 (성적산출식 반영교과와는 별개로 전체 과목에서 추출하며 진로선택과목도 포함 함) ※ 진로선택과목 가산점 부여 - 총 2과목 반영(국어(한문 포함), 영어(제2외국어 포함), 수학, 사회(한국사 포함), 과학 교과 중 선택) - 기본점수 4점 부여 및 A 3점/B 1.5점/C 0.5점 부여 4. 제출서류 구 분 제 출 서 류 국내 고교 졸업 (예정) 자 2024. 2월 졸업자 ∼ 2027. 2월 졸업예정자 · 학교생활기록부 전산자료를 온라인으로 제공받아 일괄 적용함. ※ 학교생활기록부 전산자료 온라인 제공에 동의한 자에 한함. ※ 온라인 제공 미동의자 또는 온라인 제공이 불가능한 자는 학교생활기록부 1부를 서류 제출기한 내 직접 또는 우편 제출  || %) 최고점 최저점 최고점 최저점 최고점 최저점 최고점 최저점 최고점 최저점 180 0 20 0 200 0 600 0 1,000 0 ※ 수능최저학력기준 : 미적용 ※ 진로선택과목 가산점 부여 - 총 2과목 반영(국어(한문 포함), 영어(제2외국어 포함), 수학, 사회(한국사 포함), 과학 교과 중 선택) - 기본점수 4점 부여 및 A 3점/B 1.5점/C 0.5점 부여 4. 실적 반영 방법 전형 평 가 기 준 체육특기자 ․ 대한체육회 정회원 종목단체에서 주최하는 펜싱 관련 국제 또는 전국규모 대회만 인정 ․ 최상위 실적 1개만 인정하며, 검정고시 출신자의 경우 2024.3.1. 이후의 입상실적만 반영 입상실적 배점 비고 개인 1위 - 600 2026년도를 기준으로 1년단위로 해당 배점의 10%씩 감하여 반영 개인 2위 단체  || - 16 - ■ 대학수학능력시험 반영 방법 대학수학능력시험 반영 방법 및 산출식 모집 단위 모집 군별 대학수학능력시험 영역별 반영 비율 반영 점수 활용 지표국어 수학 영어 탐구 (1과목) 한국사사회 과학 전학과 가군 ․ 나군 ․ 다군 60% (40%) 60% (40%) 60% (40%) 60% (40%) 응시 여부 200점 백분위 택 2 비 고 ※ 상위 1개 영역 60%, 차상위 영역 40% 반영 ※ 2개 영역 반영 (상위 2개 영역, 한국사는 응시 여부만 반영함) ※ 수능 영역별 선택과목 지정 없음 ※ 각 영역별 백분위 점수를 반영 (영어는 등급별 환산점수 반영) ※ 탐구영역 선택 시 1과목 반영 (직탐은 특성화고교졸업자전형만 반영 가능) ※  || 탐구 (1과목) 한국사사회 과학 전학과 가군 ․ 나군 ․ 다군 60% (40%) 60% (40%) 60% (40%) 60% (40%) 응시 여부 200점 백분위 택 2 비 고 ※ 상위 1개 영역 60%, 차상위 영역 40% 반영 ※ 2개 영역 반영 (상위 2개 영역, 한국사는 응시 여부만 반영함) ※ 수능 영역별 선택과목 지정 없음 ※ 각 영역별 백분위 점수를 반영 (영어는 등급별 환산점수 반영) ※ 탐구영역 선택 시 1과목 반영 (직탐은 특성화고교졸업자전형만 반영 가능) ※ 영어 영역 반영방법 구분 모집단위 등급 1 2 3 4 5 6 7 8 9 분할기준 (원점수) 100 ~90 89 ~80 79 ~70 69 ~60 59 ~50 49 ~40 39 ~30 29 ~20 19 ~0 환산 점수 전 모집단위 100 96 89 82 7 || - 17 - 2. 교과성적 반영 방법 가. 일반학생 반영 방법 ① 교과전형 - 총 12과목 학 년 별 반 영 과 목 반 영 교 과 전학년에서 12과목 반영 국어교과 2과목 (한문 포함) 수학/영어교과 2과목 (제2외국어 포함) 사회/과학교과 2과목 (한국사 포함) 나머지 우수한 6과목은 국·영·수·사·과 중 자유롭게 반영 ② 체육특기자 / 미술우수자 / 뷰티특기자 전형 – 총 6과목 학 년 별 반 영 과 목 반 영 교 과 전학년에서 6과목 반영 국어교과 1과목 (한문 포함) 수학/영어교과 1과목 (제2외국어 포함) 사회/과학교과 1과목 (한국사 포함) 나머지 우수한 3과목은 국·영·수·사·과 중 자유롭게 반영 ※ 공통 유의사항 · 교과목별 반영은 학기 구분 없이 가장 우수한 1개 학기 성적만을 등급으로 반영 || 한 6과목은 국·영·수·사·과 중 자유롭게 반영 ② 체육특기자 / 미술우수자 / 뷰티특기자 전형 – 총 6과목 학 년 별 반 영 과 목 반 영 교 과 전학년에서 6과목 반영 국어교과 1과목 (한문 포함) 수학/영어교과 1과목 (제2외국어 포함) 사회/과학교과 1과목 (한국사 포함) 나머지 우수한 3과목은 국·영·수·사·과 중 자유롭게 반영 ※ 공통 유의사항 · 교과목별 반영은 학기 구분 없이 가장 우수한 1개 학기 성적만을 등급으로 반영한다. · 3학년 1학기까지의 성적을 반영하며, 반영 교과가 부족한 경우 부족한 과목은 9등급으로 처리한다. 나. 학생부가 없는 자 반영 방법 1) 검정고시자 : “검정고시자 교과성적 득점표”(17p)에 근거하여 환산 및 반영한다. 2) 해외고교 졸업(예정)자 : “해외고교 졸업(예정)자 교과",C:\Users\User\Desktop\업무\작업\21. 정시모집 관련\00. 소스(모집요강)\충청호남\4. 충청권\2027_우송대_정시요강.pdf
157,울산대,감점,"13,14,21,22,24","적3. 수능 국어영역 성적4. 수능 탐구영역(1과목) 성적 의예과1. 수능 수학영역 성적2. 수능 과학탐구영역 성적3. 수능 국어영역 성적4. 수능 영어영역 성적5. 수능 과학탐구영역 상위 1과목 성적6. 수능 국어, 수학, 과탐(2과목) 영역 표준점수의 합7. 수능 한국사 등급 || 감점 처리 방법: 26페이지 참조 ※ 의예과 인적성 면접 결시자는 불합격 처리5. 수능최저학력기준 적용모집단위수능최저학력기준의예과아래의 조건을 모두 충족해야 함 • 국어, 수학(미적분 또는 기하 필수선택), 영어, 과탐(2과목 평균) 중 3개 영역 합 5등급 이내 • 한국사 4등급 이내 ※ 의예과 수능 과학탐구는 서로 다른 2과목(동일과목 Ⅰ+Ⅱ는 인정하지 않음)의 평균을 소수점 첫째 자리에서 버림하여 반영6. 동점자 처리기준 우선순위모집단위우선순위의예과1. 수능 수학영역 성적2. 수능 과학탐구영역 성적3. 수능 국어영역 성적4. 수능 영어영역 성적5. 수능 과학탐구영역 상위 1과목 성적6. 수능 국어, 수학, 과탐(2과목) 영역 표준점수의 합7. 수능 한국사 등급 || 서 버림하여 반영6. 동점자 처리기준 우선순위모집단위우선순위의예과1. 수능 수학영역 성적2. 수능 과학탐구영역 성적3. 수능 국어영역 성적4. 수능 영어영역 성적5. 수능 과학탐구영역 상위 1과목 성적6. 수능 국어, 수학, 과탐(2과목) 영역 표준점수의 합7. 수능 한국사 등급 || -17- 8전형요소 반영방법대학수학능력시험1. 대학수학능력시험 점수 활용 지표 과목모집단위국어수학영어탐구한국사전 모집단위(의예과 별도)백분위백분위등급백분위등급의예과표준점수표준점수등급표준점수등급※영어, 한국사는 등급을 대학 자체 변환 기준에 따라서 변환하여 적용함2. 영어, 한국사 대학 자체 변환점수표등급 영어한국사1등급 100 1002등급 98 1003등급 96 1004등급 93 1005등급 90 906등급 85 807등급 80 708등급 70 609등급 60 503. 대학수학능력시험 성적 산출 방법 가. 전 모집단위(의예과 별도)구분모집단위전형 점수 산출식가산점 || -17- 8전형요소 반영방법대학수학능력시험1. 대학수학능력시험 점수 활용 지표 과목모집단위국어수학영어탐구한국사전 모집단위(의예과 별도)백분위백분위등급백분위등급의예과표준점수표준점수등급표준점수등급※영어, 한국사는 등급을 대학 자체 변환 기준에 따라서 변환하여 적용함2. 영어, 한국사 대학 자체 변환점수표등급 영어한국사1등급 100 1002등급 98 1003등급 96 1004등급 93 1005등급 90 906등급 85 807등급 80 708등급 70 609등급 60 503. 대학수학능력시험 성적 산출 방법 가. 전 모집단위(의예과 별도)구분모집단위전형 점수 산출식가산점 수능 글로벌인문학부(국어×0.3+수학×0.2+영어×0.19+탐구(1과목)×0.30+한국사×0.0 || - 8전형요소 반영방법대학수학능력시험1. 대학수학능력시험 점수 활용 지표 과목모집단위국어수학영어탐구한국사전 모집단위(의예과 별도)백분위백분위등급백분위등급의예과표준점수표준점수등급표준점수등급※영어, 한국사는 등급을 대학 자체 변환 기준에 따라서 변환하여 적용함2. 영어, 한국사 대학 자체 변환점수표등급 영어한국사1등급 100 1002등급 98 1003등급 96 1004등급 93 1005등급 90 906등급 85 807등급 80 708등급 70 609등급 60 503. 대학수학능력시험 성적 산출 방법 가. 전 모집단위(의예과 별도)구분모집단위전형 점수 산출식가산점 수능 글로벌인문학부(국어×0.3+수학×0.2+영어×0.19+탐구(1과목)×0.30+한국사×0.01) × 1,000/100-공공인재학부경영경제융합학부디자인융합학부자율전공학 || 1. 대학수학능력시험 점수 활용 지표 과목모집단위국어수학영어탐구한국사전 모집단위(의예과 별도)백분위백분위등급백분위등급의예과표준점수표준점수등급표준점수등급※영어, 한국사는 등급을 대학 자체 변환 기준에 따라서 변환하여 적용함2. 영어, 한국사 대학 자체 변환점수표등급 영어한국사1등급 100 1002등급 98 1003등급 96 1004등급 93 1005등급 90 906등급 85 807등급 80 708등급 70 609등급 60 503. 대학수학능력시험 성적 산출 방법 가. 전 모집단위(의예과 별도)구분모집단위전형 점수 산출식가산점 수능 글로벌인문학부(국어×0.3+수학×0.2+영어×0.19+탐구(1과목)×0.30+한국사×0.01) × 1,000/100-공공인재학부경영경제융합학부디자인융합학부자율전공학부(국어×0.2+수학×0.3+영어×0 || 005등급 90 906등급 85 807등급 80 708등급 70 609등급 60 503. 대학수학능력시험 성적 산출 방법 가. 전 모집단위(의예과 별도)구분모집단위전형 점수 산출식가산점 수능 글로벌인문학부(국어×0.3+수학×0.2+영어×0.19+탐구(1과목)×0.30+한국사×0.01) × 1,000/100-공공인재학부경영경제융합학부디자인융합학부자율전공학부(국어×0.2+수학×0.3+영어×0.19+탐구(1과목)×0.30+한국사×0.01) × 1,000/109 수학 미적분 또는 기하 선택 시 백분위 20%,탐구 과학 선택 시 백분위 10% 미래모빌리티공학부에너지화학공학부신소재·반도체융합학부전기전자융합학부ICT융합학부바이오메디컬헬스학부건축·도시환경학부간호학과(국어×0.2+수학×0.3+영어×0.19+탐구(1과목)×0.30+한국사×0.",C:\Users\User\Desktop\업무\작업\21. 정시모집 관련\00. 소스(모집요강)\영남제주\6. 영남권\2027_울산대_정시요강.pdf
158,원광대,가점,"20,22,25","당 학교의 기숙사인 경우에도 해당 지역에 거주한 것으로 인정함, 학년도 대학수학능력시험 지정 응시영역 및 지정 선택과목 2027 ◎ 모집단위 반영영역 수능총점 반영영역의 합 ( ) 지정 선택과목 표준점수 등급 환산점수 표준점수 백분위 0.5*( + ) 국어 수학 영어 한국사 탐구영역 의예과 ○ ○ ○ ○ 과학탐구영역 과목 2 점 740 없음 표준점수*1.0 표준점수*1.2 대학수학능력시험 성적 산출 방법 모집 단위별 반영영역의 합산 영어와 한국사 아래의 등급별 환 산점수 합산 : [ : ] ※ 영어 및 한국사 등급별 환산점수표 ※ 반영영역 등급 1 등급 2 등급 3 등급 4 등급 5 등급 6 등급 7 등급 8 등급 9 영어 점100 점 97 점 93 점 88 점 83 점 78 점 73 점 68 점 63 한국사 가산점 ( )  ||  ) 지정 선택과목 표준점수 등급 환산점수 표준점수 백분위 0.5*( + ) 국어 수학 영어 한국사 탐구영역 의예과 ○ ○ ○ ○ 과학탐구영역 과목 2 점 740 없음 표준점수*1.0 표준점수*1.2 대학수학능력시험 성적 산출 방법 모집 단위별 반영영역의 합산 영어와 한국사 아래의 등급별 환 산점수 합산 : [ : ] ※ 영어 및 한국사 등급별 환산점수표 ※ 반영영역 등급 1 등급 2 등급 3 등급 4 등급 5 등급 6 등급 7 등급 8 등급 9 영어 점100 점 97 점 93 점 88 점 83 점 78 점 73 점 68 점 63 한국사 가산점 ( ) 점 5 점 5 점 5 점 5 점 5 점 4 점 3 점 2 점 1 수능 최저학력기준 없음 ※ ※ 수능 지정 응시영역 미응시 및 오류는 불합격 처리함 2) 전형방법 계열 및 학과  || *( + ) 국어 수학 영어 한국사 탐구영역 의예과 ○ ○ ○ ○ 과학탐구영역 과목 2 점 740 없음 표준점수*1.0 표준점수*1.2 대학수학능력시험 성적 산출 방법 모집 단위별 반영영역의 합산 영어와 한국사 아래의 등급별 환 산점수 합산 : [ : ] ※ 영어 및 한국사 등급별 환산점수표 ※ 반영영역 등급 1 등급 2 등급 3 등급 4 등급 5 등급 6 등급 7 등급 8 등급 9 영어 점100 점 97 점 93 점 88 점 83 점 78 점 73 점 68 점 63 한국사 가산점 ( ) 점 5 점 5 점 5 점 5 점 5 점 4 점 3 점 2 점 1 수능 최저학력기준 없음 ※ ※ 수능 지정 응시영역 미응시 및 오류는 불합격 처리함 2) 전형방법 계열 및 학과 대학수학능력시험 의예과 740 || 한국사 아래의 등급별 환 산점수 합산 : [ : ] ※ 영어 및 한국사 등급별 환산점수표 ※ 반영영역 등급 1 등급 2 등급 3 등급 4 등급 5 등급 6 등급 7 등급 8 등급 9 영어 점100 점 97 점 93 점 88 점 83 점 78 점 73 점 68 점 63 한국사 가산점 ( ) 점 5 점 5 점 5 점 5 점 5 점 4 점 3 점 2 점 1 수능 최저학력기준 없음 ※ ※ 수능 지정 응시영역 미응시 및 오류는 불합격 처리함 2) 전형방법 계열 및 학과 대학수학능력시험 의예과 740 ||  조 및 제 조의 에 따른 지원대상 가구 학생 5 5 2 「 」 학년도 대학수학능력시험 지정 응시영역 및 지정 선택과목 2027 ◎ 모집단위 반영영역 수능총점 반영영역의 합 ( ) 지정 선택과목 표준점수 등급 환산점수 표준점수 백분위 0.5*( + ) 국어 수학 영어 한국사 탐구영역 의예과 치의예과 자연 ( ) 한의예과 자연 ( ) 약학과 ○ ○ ○ ○ 과학탐구영역 과목 2 점 740 없음 표준점수*1.0 표준점수*1.2 한약학과 간호학과 ○ ○ ○ ○ 사회탐구 과학탐구영역 / 과목 2 점700 없음 그 외 학과 ○ ○ ○ ○ 사회탐구 과학탐구 직업 / / 탐구영역 중 상위 과목 1 점400 없음 상위 과목 1 대학수학능력시험 성적 산출 방법 모집 단위별 반영영역의 합산 영어와 한국사 아래의 등급별 환 산점수 합산 : [ : || 1.2 한약학과 간호학과 ○ ○ ○ ○ 사회탐구 과학탐구영역 / 과목 2 점700 없음 그 외 학과 ○ ○ ○ ○ 사회탐구 과학탐구 직업 / / 탐구영역 중 상위 과목 1 점400 없음 상위 과목 1 대학수학능력시험 성적 산출 방법 모집 단위별 반영영역의 합산 영어와 한국사 아래의 등급별 환 산점수 합산 : [ : ] ※ 영어 및 한국사 등급별 환산점수표 ※ 반영영역 등급 1 등급 2 등급 3 등급 4 등급 5 등급 6 등급 7 등급 8 등급 9 영어 점100 점 97 점 93 점 88 점 83 점 78 점 73 점 68 점 63 한국사 가산점 ( ) 점 5 점 5 점 5 점 5 점 5 점 4 점 3 점 2 점 1 수능 최저학력기준 없음 ※ ※ 수능 지정 응시영역 미응시자의 경우 해당 영역은 점 처리하며 탐구영역 일부 미응시 || 과목 2 점700 없음 그 외 학과 ○ ○ ○ ○ 사회탐구 과학탐구 직업 / / 탐구영역 중 상위 과목 1 점400 없음 상위 과목 1 대학수학능력시험 성적 산출 방법 모집 단위별 반영영역의 합산 영어와 한국사 아래의 등급별 환 산점수 합산 : [ : ] ※ 영어 및 한국사 등급별 환산점수표 ※ 반영영역 등급 1 등급 2 등급 3 등급 4 등급 5 등급 6 등급 7 등급 8 등급 9 영어 점100 점 97 점 93 점 88 점 83 점 78 점 73 점 68 점 63 한국사 가산점 ( ) 점 5 점 5 점 5 점 5 점 5 점 4 점 3 점 2 점 1 수능 최저학력기준 없음 ※ ※ 수능 지정 응시영역 미응시자의 경우 해당 영역은 점 처리하며 탐구영역 일부 미응시 또한 해당 과목을 점 처리함 0 0 단 의예과 치의예과 한의예과 || 한국사 아래의 등급별 환 산점수 합산 : [ : ] ※ 영어 및 한국사 등급별 환산점수표 ※ 반영영역 등급 1 등급 2 등급 3 등급 4 등급 5 등급 6 등급 7 등급 8 등급 9 영어 점100 점 97 점 93 점 88 점 83 점 78 점 73 점 68 점 63 한국사 가산점 ( ) 점 5 점 5 점 5 점 5 점 5 점 4 점 3 점 2 점 1 수능 최저학력기준 없음 ※ ※ 수능 지정 응시영역 미응시자의 경우 해당 영역은 점 처리하며 탐구영역 일부 미응시 또한 해당 과목을 점 처리함 0 0 단 의예과 치의예과 한의예과 약학과의 경우 지정 응시영역 미응시 및 오류는 불합격 처리함 ( , , , , ) 2) 전형방법 계열 및 학과 대학수학능력시험 의 치 한 약학 · · · 740 한약학과 간호학과 / 700 그 외 학과 ",C:\Users\User\Desktop\업무\작업\21. 정시모집 관련\00. 소스(모집요강)\충청호남\5. 호남권\2027_원광대_정시요강.pdf
159,위덕대,가점,8,"능학생부 교과면접합계전 모집단위(성인학습자 전형 제외) 600점400점- 1,000점성인학습자 전형- 1000점- 1,000점7. 수능성적 반영방법(나군, 다군) 가. 수능성적 반영영역 및 배점비율모집군모집계열(단위) 대학수학능력시험 반영비율(%)활용지표국어수학영어탐구한국사나군 / 다군 전 모집단위백분위영어: 등급별 환산점수 적용25252525가산점▶ 탐구영역은 사회, 과학, 직업 중 상위 1개 과목만 반영함.▶ 과학탐구 선택 : 가산점 5% 부여▶ 가산점은 영역별 총점 및 전체 총점을 초과할 수 없음. 나. 수능점수 산출방법 1) 수능 백분위 환산방법국어(25%)수학(25%)영어(25%)(백분위 점수X0.25)X(5X0.6)X2(백분위 점수X0.25)X(5X0.6)X2(백분위 점수X0.25)X(5X0.6)X2탐구(25%)한 || 영역별 총점 및 전체 총점을 초과할 수 없음. 나. 수능점수 산출방법 1) 수능 백분위 환산방법국어(25%)수학(25%)영어(25%)(백분위 점수X0.25)X(5X0.6)X2(백분위 점수X0.25)X(5X0.6)X2(백분위 점수X0.25)X(5X0.6)X2탐구(25%)한국사(백분위 점수X0.25)X(5X0.6)X2가산점 2) 수능 환산에 따른 영역별 총점국어(25%)수학(25%)영어(25%)탐구(25%)한국사총점수150점150점150점150점가산점600점 3) 수능 영어 성적 등급별 환산점수등급1등급2등급3등급4등급5등급6등급7등급8등급9등급백분위100점90점80점70점60점50점40점30점20점환산점150점135점120점105점90점75점60점45점30점 4) 수능 한국사 성적 등급별 가산점 || 위 점수X0.25)X(5X0.6)X2(백분위 점수X0.25)X(5X0.6)X2(백분위 점수X0.25)X(5X0.6)X2탐구(25%)한국사(백분위 점수X0.25)X(5X0.6)X2가산점 2) 수능 환산에 따른 영역별 총점국어(25%)수학(25%)영어(25%)탐구(25%)한국사총점수150점150점150점150점가산점600점 3) 수능 영어 성적 등급별 환산점수등급1등급2등급3등급4등급5등급6등급7등급8등급9등급백분위100점90점80점70점60점50점40점30점20점환산점150점135점120점105점90점75점60점45점30점 4) 수능 한국사 성적 등급별 가산점 || 국사총점수150점150점150점150점가산점600점 3) 수능 영어 성적 등급별 환산점수등급1등급2등급3등급4등급5등급6등급7등급8등급9등급백분위100점90점80점70점60점50점40점30점20점환산점150점135점120점105점90점75점60점45점30점 4) 수능 한국사 성적 등급별 가산점",C:\Users\User\Desktop\업무\작업\21. 정시모집 관련\00. 소스(모집요강)\영남제주\6. 영남권\2027_위덕대_정시요강.pdf
160,유원대,등급 환산,"12,14,15","유원대학교 2027학년도 정시[가,다]모집요강 -10- ▣ 장애인등대상자전형(정원외)1. 모집단위별 모집인원 및 전형요소 반영비율모집시기모집단위모집인원선발방법전형요소 반영비율(%)대학수학능력시험 반영비율(%)수능국어수학영어탐구한국사수능성적활용지표사/과/직과목수가군전 모집단위(단, 일부학과제외)○일괄100(50)(50)(50)(50)1미반영백분위다군전 모집단위(단, 일부학과제외)○일괄100(50)(50)(50)(50)1미반영백분위※ 정시모집 확정인원은 수시모집 충원여부에 따라 변동 가능하므로 원서접수기간 중 반드시 입학홈페이지를 확인하시기 바랍니다.※ 일부제외학과: 가군(간호학과, 치위생학과, 물리치료학과, 응급구조학과), 다군(파크골프지도학과, 문화복지학과)2. 지원자격 [2027학 || 유원대학교 2027학년도 정시[가,다]모집요강 -12- 《수능 반영방법 / 학교생활기록부 반영방법 / 동점자처리 / 학교폭력조치사항 안내》1. 수능반영방법 가. 반영영역 및 비율 전형유형모집단위대학수학능력시험 반영비율(%)국어수학영어탐구한국사사/과/직과목수일반학생전 모집단위(간호학과,물리치료학과제외) (50)(50)(50)(50)1 미반영 • 반영영역 선택: 국·수·영·탐(1과목) 4개 영역 중 상위 2개 영역 백분위. • 탐구영역 반영방법 - 과목수 선택: 1과목 반영. - 반영점수: 백분위가 가장 높은 과목의 점수 • 수능성적 산출방법 - (국·수·영·탐(1과목) 4개 영역 중 상위 2개 영역 백분위 성적의 합 / 2)계약형학과(재교육형)농어촌학생 간호학과물리치료학과(35)(35)30(35 || 세계문제, 세계사, 세계지리, 시민윤리, 여행지리, 윤리, 윤리와 사상, 인간사회와 환경, 인류의 미래사회, 인문지리, 일반사회, 전통윤리, 정치, 정치경제, 정치와 법, 지리, 지리Ⅰ, 지리Ⅱ, 지역이해, 통합사회, 한국 문화사, 한국 사회의 이해, 한국근·현대사, 한국사, 한국의 사회와 문화, 한국지리, 현대 생활과 윤리, 현대 세계의 변화과학고급 물리, 고급 물리학, 고급 생명과학, 고급 지구과학, 고급 화학, 공통과학, 과제 연구, 과학, 과학Ⅰ, 과학Ⅱ, 과학과제 연구, 과학사, 과학사 및 과학 철학, 과학탐구실험, 물리, 물리Ⅰ, 물리Ⅱ, 물리 실험, 물리학Ⅰ, 물리학Ⅱ, 물리학 실험, 생명과학 실험, 생명과학Ⅰ, 생명과학Ⅱ, 생물, 생물Ⅰ, 생물Ⅱ, 생물 실험, 생태와 환경, 생활과 과학, 생활과학, 융합과학, ",C:\Users\User\Desktop\업무\작업\21. 정시모집 관련\00. 소스(모집요강)\충청호남\4. 충청권\2027_유원대_정시요강.pdf
161,인제대,미반영,"24,26,27","수능성적 반영방법 수능 지역인재 지역의사 지역인재 기초생활수급권자 실기 농어촌학생 기초생활수급권자 전형, , , , , , ■ 수능성적 반영과목1. 모집단위 반영 영역수 국어 수학 과목(1 ) 영어 탐구 과목(2 ) 한국사 응시여부만( 반영)미적분 기하 확률과 통계 사탐 과탐 직탐 전체 모집단위 해당 모집단위( ) 4 ○ ○ ○ ○ ○ ○ ○ ○ ○ 의예과 약학과, 4 ○ ○ ○ ○ ○ ○ 글로컬리더스학부 이공계열( ) 4 ○ ○ ○ ○ ○ ○ ○ 스포츠헬스케어학부 스포츠산업재활전공( ), ․ 웹툰영상학과 3 ○ ○ ○ ○ ○ ○ ○ ○ ○ 영역별 반영비율 2. (%) 모집단위 반영 영역수 국어 수학 영어 탐구 과목1 과목2 계 전체 모집단위 해당 모집단위( ) 4 25 2 || 탐구영역은 개 과목의 표준점수를 합산하여 반영합니다. 2 . 마 모집단위별 수능성적 반영방법의 반영영역 수 또는 탐구과목 수가 부족한 경우 불합격 처리됩니다. . 바 모집단위별 수능성적 반영방법의 반영영역 또는 탐구과목에 적합하지 않은 경우 불합격 처리됩니다. . 사 한국사의 경우 수능성적 합산에 포함되지 않으나 미 응시할 경우 지원자격 미달로 불합격 처리됩니다. , . || 영어영역 환산성적 상위자 순위2 국어영역 성적 표준점수 상위자 ( ) 순위3 수학영역 성적표준점수 상위자성적이 동일한 경우 미적분 또는 기하 선택을 확률과 통계 보다 우선 순위로 함( ) ( ‘ ’ ‘ ’ ‘ ’ ) 순위4 탐구영역 성적 표준점수 상위자 ( ) 순위5 한국사 성적 등급 상위자 ※ 의예과 약학과 음악학과 웹툰영상학과 제외 , , , 의예과 약학과 해당 전체 전형 2. , ( ) 순위 우선 순위 순위1 국어영역 성적 표준점수 상위자 ( ) 순위2 탐구영역 성적 표준점수 상위자 ( ) 순위3 수학영역 성적 표준점수 상위자 ( ) 순위4 영어영역 환산성적 상위자 순위5 한국사 성적 등급 상위자 || 과 웹툰영상학과 제외 , , , 의예과 약학과 해당 전체 전형 2. , ( ) 순위 우선 순위 순위1 국어영역 성적 표준점수 상위자 ( ) 순위2 탐구영역 성적 표준점수 상위자 ( ) 순위3 수학영역 성적 표준점수 상위자 ( ) 순위4 영어영역 환산성적 상위자 순위5 한국사 성적 등급 상위자 ||  등급 중 높은 점수의 개수가 많은 자 순위2 반영된 영어 교과 성적이 우수한 자 순위3 반영된 국어 교과 성적이 우수한 자 순위4 반영된 수학 교과 성적이 우수한 자 순위5 반영된 과학 교과 성적이 우수한 자 순위6 반영된 사회 교과 성적이 우수한 자 순위7 반영된 한국사 교과 성적이 우수한 자",C:\Users\User\Desktop\업무\작업\21. 정시모집 관련\00. 소스(모집요강)\영남제주\6. 영남권\2027_인제대_정시요강.pdf
162,인천가톨릭대,감점,"3,12,13,14","사항∙ 송도캠퍼스호수1호2호3호4호5호6호7호8호9호감점50점60점70점80점90점95점100점∙ 송도캠퍼스호수1호2호3호4호5호6호7호8호9호감점30점50점70점100점500점 정시전형방법및 비율∙ 조형 나군: 수능40%+실기60%∙ 조형 나군: 수능20%+실기80%한국사등급별가산점한 국 사등 급123456789가 산 점5점3점1점없 음한 국 사등 급123456789가 산 점5점3점2점1점없 음 || 시험 반영 방법▶ 대학수학능력시험 반영 방법  대학수학능력시험 반영 비율 및 방법 1) 정시 나군(조형예술대학) / 정시 다군(자유전공) 2) 정시 다군(간호대학) 모집군학과대학수학능력시험 영역별 반영 비율(%)수능점수 활용 및 탐구 반영 과목국어수학영어탐구(사/과)한국사 다군간호학과30%30%선택과목가산점[미적분][기하] 20%20%2개과목평균필수응시및가산점부여 ‣ 수능점수 활용 : 백분위 점수‣ 한국사 미응시자 수능성적 0점 처리.‣ 가산점 : 수학 선택과목 및 한국사 성적 ① 수학 선택과목 가산점 : 미적분, 기하 과목 응시자 수학 백분위 취득 점수의 5% (예: 미적분 응시자의 수학 백분위 성적이 50점인 경우 52.5점 반영) ② 한국사 성적(등급)에 따라 가산점 차등 부여 ‣ 영어 점수 : 취득 성적(등급)을 본 || ) 2) 정시 다군(간호대학) 모집군학과대학수학능력시험 영역별 반영 비율(%)수능점수 활용 및 탐구 반영 과목국어수학영어탐구(사/과)한국사 다군간호학과30%30%선택과목가산점[미적분][기하] 20%20%2개과목평균필수응시및가산점부여 ‣ 수능점수 활용 : 백분위 점수‣ 한국사 미응시자 수능성적 0점 처리.‣ 가산점 : 수학 선택과목 및 한국사 성적 ① 수학 선택과목 가산점 : 미적분, 기하 과목 응시자 수학 백분위 취득 점수의 5% (예: 미적분 응시자의 수학 백분위 성적이 50점인 경우 52.5점 반영) ② 한국사 성적(등급)에 따라 가산점 차등 부여 ‣ 영어 점수 : 취득 성적(등급)을 본교 영어 영역 배점표에 적용 후 산출‣ 탐구 : 2개 과목 평균(사회 또는 과학) 모집군학과대학수학능력시험 영역별 반영 비율(%)수능점수 || 비율(%)수능점수 활용 및 탐구 반영 과목국어수학영어탐구(사/과)한국사 다군간호학과30%30%선택과목가산점[미적분][기하] 20%20%2개과목평균필수응시및가산점부여 ‣ 수능점수 활용 : 백분위 점수‣ 한국사 미응시자 수능성적 0점 처리.‣ 가산점 : 수학 선택과목 및 한국사 성적 ① 수학 선택과목 가산점 : 미적분, 기하 과목 응시자 수학 백분위 취득 점수의 5% (예: 미적분 응시자의 수학 백분위 성적이 50점인 경우 52.5점 반영) ② 한국사 성적(등급)에 따라 가산점 차등 부여 ‣ 영어 점수 : 취득 성적(등급)을 본교 영어 영역 배점표에 적용 후 산출‣ 탐구 : 2개 과목 평균(사회 또는 과학) 모집군학과대학수학능력시험 영역별 반영 비율(%)수능점수 활용 및 탐구 영역 반영 과목국어수학영어탐구(사/과)한국사 나군/다 || 활용 : 백분위 점수‣ 한국사 미응시자 수능성적 0점 처리.‣ 가산점 : 수학 선택과목 및 한국사 성적 ① 수학 선택과목 가산점 : 미적분, 기하 과목 응시자 수학 백분위 취득 점수의 5% (예: 미적분 응시자의 수학 백분위 성적이 50점인 경우 52.5점 반영) ② 한국사 성적(등급)에 따라 가산점 차등 부여 ‣ 영어 점수 : 취득 성적(등급)을 본교 영어 영역 배점표에 적용 후 산출‣ 탐구 : 2개 과목 평균(사회 또는 과학) 모집군학과대학수학능력시험 영역별 반영 비율(%)수능점수 활용 및 탐구 영역 반영 과목국어수학영어탐구(사/과)한국사 나군/다군 조형예술학과·융합디자인학과·문화콘텐츠학과·자유전공 (50%)(50%)(50%)(50%)2개과목평균필수응시및가산점부여 ‣ 수능점수 활용 : 백분위 점수‣ 한국사 미응시자 수능성 ||  성적(등급)에 따라 가산점 차등 부여 ‣ 영어 점수 : 취득 성적(등급)을 본교 영어 영역 배점표에 적용 후 산출‣ 탐구 : 2개 과목 평균(사회 또는 과학) 모집군학과대학수학능력시험 영역별 반영 비율(%)수능점수 활용 및 탐구 영역 반영 과목국어수학영어탐구(사/과)한국사 나군/다군 조형예술학과·융합디자인학과·문화콘텐츠학과·자유전공 (50%)(50%)(50%)(50%)2개과목평균필수응시및가산점부여 ‣ 수능점수 활용 : 백분위 점수‣ 한국사 미응시자 수능성적 0점 처리‣ 선택 반영 : 백분위 성적이 우수한 2개 영역을 선별하여, 각각 50%씩 반영 ※ 탐구(사/과) 영역은 2개 과목 평균값 반영‣ 가산점 : 한국사 성적(등급)에 따라 차등 부여‣ 영어 점수 : 취득 성적(등급)을 본교 영어 영역 배점표에 적용 후 산출‣ 탐구 || - 11 - ▶ 대학수학능력시험 성적 산출 방법  대학수학능력시험 성적 산출 방법 1) 영어 영역 등급별 배점표 2) 한국사 3) 한국사 등급별 가산점 (전형 총점 기준으로 부여) 4) 가산점 (수학, 한국사) 5) 탐구 영역 구분탐구 영역반영 과목 수점수 반영 방법반영비율산출 방법나군(조형예술대학)다군(자유전공)사회 또는 과학2개 과목2개 과목 백분위 평균 점수50%백분위 평균 점수 X 0.5다군(간호대학)사회 또는 과학2개 과목2개 과목 백분위 평균 점수20%백분위 평균 점수 X 0.2 한국사 응시 여부 내용 필수 응시한국사 응시자 한해 대학수학능력시험 성적을 반영 구분가산 || - 11 - ▶ 대학수학능력시험 성적 산출 방법  대학수학능력시험 성적 산출 방법 1) 영어 영역 등급별 배점표 2) 한국사 3) 한국사 등급별 가산점 (전형 총점 기준으로 부여) 4) 가산점 (수학, 한국사) 5) 탐구 영역 구분탐구 영역반영 과목 수점수 반영 방법반영비율산출 방법나군(조형예술대학)다군(자유전공)사회 또는 과학2개 과목2개 과목 백분위 평균 점수50%백분위 평균 점수 X 0.5다군(간호대학)사회 또는 과학2개 과목2개 과목 백분위 평균 점수20%백분위 평균 점수 X 0.2 한국사 응시 여부 내용 필수 응시한국사 응시자 한해 대학수학능력시험 성적을 반영 구분가산점 반영 대상",C:\Users\User\Desktop\업무\작업\21. 정시모집 관련\00. 소스(모집요강)\경기인천강원\2. 경기인천\2027_인천가톨릭대_정시요강.pdf
163,전주대,감점,"6,20,21,23"," 반려동물산업학부 동물보건학과 펫산업학과 모집단위 폐지 사범대자율전공학부 폐지 나 학교생활기록부 성적 반영 교과 변경 . 전형학년 반영교과학생부교과일반학생 지역인재 재직자( , 2, , 농어촌학생 특성화고교졸업자, , 기회균형선발)학년 학년1 ~3국어 영어 수학 사회 한국사 포함 과학 교과 중 , , , ( ), 교과별 이수단위 총합 단위 이상의10성적 상위 개 교과군3실기 실적 일반학생 / ( )예외사항전 학년 반영교과군 중 이수단위 총합 단위 이상의 10교과군이 개 미만일 경우 전 학년 전 교과 반영3 , ※ 세부 전형 안내 에서 각 전형별 전형방법 확인 요망(p.20~) 다 정시모집 대학수학능력시험 성적산출방법 . 모집단위 점수 활용지표 수능성적 영역별 반영비율(100%) 비 고 개 영역 반영2 개 영역 과목1 (1 ) || ) 비 고 개 영역 반영2 개 영역 과목1 (1 ) 반영 국어 영역수학영역영어 영역 탐구영역 사탐 과탐 직탐 / / 과목1 아래 학과 제외 전 모집단위 백분위 (40%) (40%) (40%) 20% 국어 수학 영어 , , 상위 과목 2 선택 탐구영역 상위 과목 선택1 한국사 가산점수학교육과 과학교육과 (40%) 40% (40%) 20% 수학 영역 개 필수 1 + 국어 영어 , 상위 과목 선택1 탐구영역 상위 과목 선택1 영어 영역 등급에 따른 백분위 환산 점수표< > 구분 등급( ) 등급1 등급2 등급3 등급4 등급5 등급6 등급7 등급8 등급9 백분위 환산 급간 점( 3 ) 100 97 94 91 88 85 82 79 76 영어 영역은 등급을 백분위로 환산하여 처리함※ 한국사 영역 등급별 가산점 < > 등 급 등급1 등급2 || 과목 선택1 영어 영역 등급에 따른 백분위 환산 점수표< > 구분 등급( ) 등급1 등급2 등급3 등급4 등급5 등급6 등급7 등급8 등급9 백분위 환산 급간 점( 3 ) 100 97 94 91 88 85 82 79 76 영어 영역은 등급을 백분위로 환산하여 처리함※ 한국사 영역 등급별 가산점 < > 등 급 등급1 등급2 등급3 등급4 등급5 등급6 등급7 8등급9등급 가산점 점10 점9 점8 점7 점6 한국사 영역은 등급에 따른 가산점을 전형총점에 가산함※ ||  백분위 환산 급간 점( 3 ) 100 97 94 91 88 85 82 79 76 영어 영역은 등급을 백분위로 환산하여 처리함※ 한국사 영역 등급별 가산점 < > 등 급 등급1 등급2 등급3 등급4 등급5 등급6 등급7 8등급9등급 가산점 점10 점9 점8 점7 점6 한국사 영역은 등급에 따른 가산점을 전형총점에 가산함※ || 조정될 수 있으며, ※ 최종 확정된 모집인원은 일 시 이후 2027. 1. 3.( ) 20 본교 입학처 홈페이지에 공고할 예정임 지원자격2. : 고등학교 졸업 예정 자 또는 이와 동등 이상의 학력이 있다고 인정된 자( ) 학년도 대학수학능력시험에 반드시 응시하여야 함 한국사 필수2027 ( )※ 전형방법3. 수능 전형총점 점 100% [ 1,000 ] 가 대학수학능력시험 반영방법 . 반영방법 1) 모집단위 점수 활용지표 수능성적 영역별 반영비율(100%) 비 고개 영역 반영2 개 영역 과목 반영1 (1 ) 국어 영역수학 영역영어 영역 탐구영역 사탐 과탐 직탐 과목/ / 1 아래 학과 제외 전 모집단위백분위 (40%) (40%) (40%) 20% 국어 수학 영어, , 상위 과목 선택2 탐구영역 상위 과목 선택1 한국사 가산점수 || 00%) 비 고개 영역 반영2 개 영역 과목 반영1 (1 ) 국어 영역수학 영역영어 영역 탐구영역 사탐 과탐 직탐 과목/ / 1 아래 학과 제외 전 모집단위백분위 (40%) (40%) (40%) 20% 국어 수학 영어, , 상위 과목 선택2 탐구영역 상위 과목 선택1 한국사 가산점수학교육과 과학교육과 (40%) 40% (40%) 20% 수학 영역개 필수 1 + 국어 영어, 상위 과목 선택 1 탐구영역상위 과목 선택 1 성적 산출방법 2) 전 모집단위 수능 반영 학과 ( 100% ) □ 기본점수 ① 영역×   ②영역×  사탐과탐직탐과목× ×수능반영비율 × 한국사 가산점 영역 대학수학능력시험 국어 수학 영어 백분위 환산 값 중 성적 상위 개 영역 반영 , : , , 2※ ① || 개 필수 1 + 국어 영어, 상위 과목 선택 1 탐구영역상위 과목 선택 1 성적 산출방법 2) 전 모집단위 수능 반영 학과 ( 100% ) □ 기본점수 ① 영역×   ②영역×  사탐과탐직탐과목× ×수능반영비율 × 한국사 가산점 영역 대학수학능력시험 국어 수학 영어 백분위 환산 값 중 성적 상위 개 영역 반영 , : , , 2※ ① ② 영어 영역은 등급을 백분위로 환산하여 처리함 - 영어 영역 등급별 백분위 환산 점수표 < > 구분 등급( ) 등급1 등급2 등급3 등급4 등급5 등급6 등급7 등급8 등급9 백분위 환산 급간 점( 3 ) 100 97 94 91 88 85 82 79 76 한국사 영역 등급별 가산점 전형 총점에 가산함 < > - 등 급 등급1 등급2 등급3 등 ||  2※ ① ② 영어 영역은 등급을 백분위로 환산하여 처리함 - 영어 영역 등급별 백분위 환산 점수표 < > 구분 등급( ) 등급1 등급2 등급3 등급4 등급5 등급6 등급7 등급8 등급9 백분위 환산 급간 점( 3 ) 100 97 94 91 88 85 82 79 76 한국사 영역 등급별 가산점 전형 총점에 가산함 < > - 등 급 등급1 등급2 등급3 등급4 등급5 등급6 등급7 8등급9등급 가산점 점10 점9 점8 점7 점6 한국사 영역은 등급에 따른 가산점을 전형총점에 가산함.※",C:\Users\User\Desktop\업무\작업\21. 정시모집 관련\00. 소스(모집요강)\충청호남\5. 호남권\2027_전주대_정시요강.pdf
164,조선대,감점,"34,35,53,54,55,56,57","확인하기 어려운 경우, 추가 서류 제출을 요청할 수 있음 Ÿ고교 졸업예정자가 최종 합격 시 재학 고등학교의 졸업일까지 지원 자격(농어촌지역 거주 및 농어촌지역 고교 재학)을 유지해야 하며, 자격을 유지하지 않으면 불합격 또는 입학이 취소될 수 있음2. 수능 반영영역구분한국사국어수학영어탐구과학사회직업모든 학과(아래 모집단위 제외) ○(응시필수)○○○○○X(미반영)예체능계X(미반영)의예과, 치의예과, 약학과○(응시필수)○(응시필수)○(응시필수)○(응시필수) X(미반영)‣ 탐구영역은 우수한 1과목만 반영‣ 의예과, 치의예과, 약학과는 수학(미적분/기하 택1) 의무반영‣ 수능 반영영역 중 미응시 영역은 0점 처리(단, 의예과, 치의예과, 약학과는 미응시 영역이 있으면 부적격 처리)3. 전형 방법전형명전형요소별 반영비율(점수)수능수능 || 5%(200)25%(200)100%(800)나. 국어, 수학, 탐구영역: 2027학년도 대학수학능력시험 영역별 백분위점수를 반영비율에 따라 적용다. 영어영역: 수능등급을 등급별 반영점수로 반영등급123456789반영점수2001951901851801751701650라. 한국사영역: 수능등급을 등급별 반영점수로 가산하여 반영등급123456789수능원점수50~4039~3534~3029~2524~2019~1514~109~54~0반영점수10 9 85. 제출 서류[2026. 12. 1. 이후 발급 필수, 원본 서류 제출][학력 서류] 학생부, 검정고시 온라인 제공 동의자는 제출 서류 없으며, 제출 서류는 주민등록번호 뒷자리 표기구분제출 대상 제출 서류비고국내고등학교출신자Ÿ학교생활기록부 온라인 제공 비동의자Ÿ학교생활기록부 온라인 제공 비 || 예과, 치의예과, 약학과※ 과학탐구만 반영함25%(200)35%(280)25%(200)15%(120)100%(800)통합25%(200)25%(200)25%(200)25%(200)100%(800)‣ 탐구영역은 우수한 1과목 반영(직업탐구는 반영하지 않음)‣ 전형 총점은 한국사 가산점 부여로 총점을 초과할 수 있음‣ 수능 반영영역 중 미응시 영역은 0점 처리(단, 의예과, 치의예과, 약학과는 미응시 영역이 있으면 부적격 처리)나. 국어, 수학, 탐구영역: 2027학년도 대학수학능력시험 영역별 백분위점수를 반영비율에 따라 적용다. 영어영역: 수능등급을 등급별 반영점수로 반영등급123456789반영점수2001951901851801751701650‣ 군사학과전형은 영어영역 반영점수 별도(군사학과전형 참조)라. 한국사영역: 수능 등급을 || , 탐구영역: 2027학년도 대학수학능력시험 영역별 백분위점수를 반영비율에 따라 적용다. 영어영역: 수능등급을 등급별 반영점수로 반영등급123456789반영점수2001951901851801751701650‣ 군사학과전형은 영어영역 반영점수 별도(군사학과전형 참조)라. 한국사영역: 수능 등급을 활용하되 우리 대학이 정한 등급별 점수를 반영하며 가산점 부여로 총점을 초과할 수 있음등급123456789수능원점수50~4039~3534~3029~2524~2019~1514~109~54~0반영점수10 9 8마. 학교폭력 조치사항 - 학교폭력 조치사항이 확인될 경우 각 처분 호수에 따라 반영점수 총점에서 감점 처리 - 처분 호수가 2개 이상일 경우 높은 처분 호수를 산정하여 반영처분1호2호 3호 4호5호 6호 7호 8호9호감점/부적격152 || - 47 - | 수능 반영방법 | 산출예시 ①∎ 수학: 확률과 통계를 응시한 경우구분국어수학영어(등급) 사회탐구한국사(등급)과목점수과목1과목2백분위점수80확률과 통계791 76821미적분-기하구분 산출내역합계만점인문계 모집단위에 지원할 경우①국어 반영점수: 80(백분위) × 2.4 = 192②수학 반영점수: 79(백분위) × 2.0 = 158③영어 반영점수: 200(등급별 점수)④탐구 반영점수: 82(백분위) × 1.6 = 131.2⑤가산점(한국사): 10(등급별 점수) 691.2800자연계 모집단위에지원할 경우(의예과, 치의예과, 약학과 제외) ①국어 반영점수: 80( || 21미적분-기하구분 산출내역합계만점인문계 모집단위에 지원할 경우①국어 반영점수: 80(백분위) × 2.4 = 192②수학 반영점수: 79(백분위) × 2.0 = 158③영어 반영점수: 200(등급별 점수)④탐구 반영점수: 82(백분위) × 1.6 = 131.2⑤가산점(한국사): 10(등급별 점수) 691.2800자연계 모집단위에지원할 경우(의예과, 치의예과, 약학과 제외) ①국어 반영점수: 80(백분위) × 2.0 = 160②수학 반영점수: 79(백분위) × 2.4 = 189.6③영어 반영점수: 200(등급별 점수)④탐구 반영점수: 82(백분위) × 1.6 = 131.2⑤가산점(한국사): 10(등급별 점수) 690.8800 의예과, 치의예과, 약학과에 지원할 경우지원 불가(수학 미적분/기하 중 택1, 과학탐구 모두 응시해야  || 계 모집단위에지원할 경우(의예과, 치의예과, 약학과 제외) ①국어 반영점수: 80(백분위) × 2.0 = 160②수학 반영점수: 79(백분위) × 2.4 = 189.6③영어 반영점수: 200(등급별 점수)④탐구 반영점수: 82(백분위) × 1.6 = 131.2⑤가산점(한국사): 10(등급별 점수) 690.8800 의예과, 치의예과, 약학과에 지원할 경우지원 불가(수학 미적분/기하 중 택1, 과학탐구 모두 응시해야 함) - 800 예체능계 모집단위 및 라이프케어(실기전형)에 지원할 경우①국어 반영점수: 80(백분위) × 4.0 = 320②영어 반영점수: 200(등급별 점수)③탐구 반영점수: 82(백분위) × 2.0 = 164⑤가산점(한국사): 10(등급별 점수) 694800 통합 계열 모집단위에지원할 경우①국어 반영점수: 80 || 미적분/기하 중 택1, 과학탐구 모두 응시해야 함) - 800 예체능계 모집단위 및 라이프케어(실기전형)에 지원할 경우①국어 반영점수: 80(백분위) × 4.0 = 320②영어 반영점수: 200(등급별 점수)③탐구 반영점수: 82(백분위) × 2.0 = 164⑤가산점(한국사): 10(등급별 점수) 694800 통합 계열 모집단위에지원할 경우①국어 반영점수: 80(백분위) × 2.0 = 160②수학 반영점수: 79(백분위) × 2.0 = 158③영어 반영점수: 200(등급별 점수)④탐구 반영점수: 82(백분위) × 2.0 = 164⑤가산점(한국사): 10(등급별 점수) 692800 군사학과에지원할 경우국어 80, 수학 79, 영어 100, 탐구 82 중 상위 3개-상위 3과목에 포함되지않은 수학 점수는 반영되지않음){(80 +",C:\Users\User\Desktop\업무\작업\21. 정시모집 관련\00. 소스(모집요강)\충청호남\5. 호남권\2027_조선대_정시요강.pdf
165,창신대,가점,8,"Changshin University 6 3. 대학수학능력시험 반영방법 가. 영역별 반영비율전형유형활용지표반영점수영역별 반영비율(%)반영영역국어수학영어탐구계한국사최고점최하점사/과 수능일반학생백분위60036030303010100가 산 점탐 구 영 역 중우 수 1과 목반 영※영어 및 한국사 활용지표 : 등급 나. 선택과목 반영방법전형유형영역선택과목 지정여부비고수능일반학생국 어 화법과 작문, 언어와 매체 중 택1수 학확률과 통계, 미적분, 기하 중 택1탐 구 사회/과학탐구 과목 중 택1 우수 1과목 다. 영어영역 등급기준전형유형모집단위등급별 점수 기준123456789일반학생해 당 모 집 단 위180175.5171166. || in University 6 3. 대학수학능력시험 반영방법 가. 영역별 반영비율전형유형활용지표반영점수영역별 반영비율(%)반영영역국어수학영어탐구계한국사최고점최하점사/과 수능일반학생백분위60036030303010100가 산 점탐 구 영 역 중우 수 1과 목반 영※영어 및 한국사 활용지표 : 등급 나. 선택과목 반영방법전형유형영역선택과목 지정여부비고수능일반학생국 어 화법과 작문, 언어와 매체 중 택1수 학확률과 통계, 미적분, 기하 중 택1탐 구 사회/과학탐구 과목 중 택1 우수 1과목 다. 영어영역 등급기준전형유형모집단위등급별 점수 기준123456789일반학생해 당 모 집 단 위180175.5171166.5162157.5153148.5126 라. 가산점 : 한국사 가산점 10점 (등급별 차등 부여)전형유형모집단위등급별 점수 기준 || 택1수 학확률과 통계, 미적분, 기하 중 택1탐 구 사회/과학탐구 과목 중 택1 우수 1과목 다. 영어영역 등급기준전형유형모집단위등급별 점수 기준123456789일반학생해 당 모 집 단 위180175.5171166.5162157.5153148.5126 라. 가산점 : 한국사 가산점 10점 (등급별 차등 부여)전형유형모집단위등급별 점수 기준123456789일반학생해 당 모 집 단 위10점9점8점7점6점5점4점3점2점",C:\Users\User\Desktop\업무\작업\21. 정시모집 관련\00. 소스(모집요강)\영남제주\6. 영남권\2027_창신대_정시요강.pdf
166,청운대,등급 환산,9,".8%)--600/0(87.1%)1,000/311(100%) 마. 대학수학능력시험성적 반영방법 : 백분위 활용 1) 반영영역 및 배점(반영비율) 반영영역 모집단위필수영역(2개영역) 선택영역(1개영역/과목)전 체(3개 영역 반영)국 어수 학(미적분, 기하) 10%)영 어한국사필수 미반영영역, 수학(미적분, 기하 10%), 사탐, 과탐, 직탐, 제2외국어/한문전 학과/학부(실기고사 학과 제외)200점(40%)200점(40%)200점(40%)응시여부100점(20%)500점(100%) ※ 한국사영역의 반영방법 : 응시여부에 따라 합격 ․ 불합격의 기준으로만 활용하고 그 등급을 실질 반영하지 않음. 단, 대학수학능력시험성적을 반영하는 전형 및 학과/학부만 해당 ※ 필수 및 선택영역 반영은 우리 대학에서 지원자에게 유리한 영역을 자동으 || 역 반영)국 어수 학(미적분, 기하) 10%)영 어한국사필수 미반영영역, 수학(미적분, 기하 10%), 사탐, 과탐, 직탐, 제2외국어/한문전 학과/학부(실기고사 학과 제외)200점(40%)200점(40%)200점(40%)응시여부100점(20%)500점(100%) ※ 한국사영역의 반영방법 : 응시여부에 따라 합격 ․ 불합격의 기준으로만 활용하고 그 등급을 실질 반영하지 않음. 단, 대학수학능력시험성적을 반영하는 전형 및 학과/학부만 해당 ※ 필수 및 선택영역 반영은 우리 대학에서 지원자에게 유리한 영역을 자동으로 선택함. ※ 필수영역에서 반영되지 않은 국어, 수학, 영어 중의 원점수가 선택영역 원점수보다 높은 경우 자동으로 선택함. ※ 선택영역으로 탐구영역이 될 경우 지원자에게 유리한 1과목만 반영함. ※ 2027학년도 대학",C:\Users\User\Desktop\업무\작업\21. 정시모집 관련\00. 소스(모집요강)\충청호남\4. 충청권\2027_청운대_정시요강.pdf
167,청주대,확인 필요,35,"가. 전형료： 30,000원9 사정제외자(불합격)처리가. 신체검사에서 불합격 판정(조건부합격 포함)을 받거나 또는 신체검사를 실시하지 않으면 불합격 처리나. 제출서류 미제출자 및 미비자 또는 신체검사 결과를 기한 내에 제출하지 않는 자는 불합격 처리다. 수능 미응시자(한국사 미응시자 포함)는 불합격 처리라. 학교폭력 조치사항 반영 방법에 따라 부적격 처리된 경우10 장학제도구분모집시기선발요건선발인원장학금액 및 기간지급의 제한 및 기타항공운항학과 특별장학 1수시·정시영어, 수학 2개 영역 등급 합이 4이내해당자수업료 70%2개년매학기 평점평균성적 B+이상항공운항학과 특별장학 2 영어, 수학 2개 영역 등급 합이 5이내수업료 50%2개년기타사항- 수능 수학 “미적분” 응시자는 수학 영역의 취득 등급 1등급 상향- 최초 합격자 중",C:\Users\User\Desktop\업무\작업\21. 정시모집 관련\00. 소스(모집요강)\충청호남\4. 충청권\2027_청주대_정시요강.pdf
168,초당대,가점,"2,9,10","영학생부 학년별반영비율 • 변동없음 • 변동없음학생부 전형요소별반영비율 • 변동없음 • 변동없음수능 영어반영방법 • 변동없음 • 변동없음수능 가산점 • 변동없음 • 변동없음학생부 교과성적반영교과12과목(10과목+2과목)◦공통과목,일반선택 - 국어,영어,수학,사회,과학,한국사 상위 10과목◦진로선택 - 국어,영어,수학,사회,과학 중 상위 2과목12과목(10과목+2과목)◦공통과목,일반선택 - 국어,영어,수학,사회,과학,한국사 상위 10과목◦진로선택 - 국어,영어,수학,사회,과학 중 상위 2과목면접고사• 면접없음• 면접없음 ||  변동없음 • 변동없음학생부 교과성적반영교과12과목(10과목+2과목)◦공통과목,일반선택 - 국어,영어,수학,사회,과학,한국사 상위 10과목◦진로선택 - 국어,영어,수학,사회,과학 중 상위 2과목12과목(10과목+2과목)◦공통과목,일반선택 - 국어,영어,수학,사회,과학,한국사 상위 10과목◦진로선택 - 국어,영어,수학,사회,과학 중 상위 2과목면접고사• 면접없음• 면접없음 || “Customer first”, “Core Competence”, “Character”9 Ⅴ-1. 수능 반영방법 1. 대학수학능력시험 반영방법 반영방법 • 수능 3개 영역(국어, 영어, 수학, 탐구)의 백분위 점수 합• 탐구영역은 상위 1과목 백분위 반영• 한국사 등급별 가산점(10점) 차등 부여 2. 대학수학능력시험 영역별 반영비율모집시기단과대학(모집단위) 수능성적활용지표반영영역수수능시험 영역별 반영비율(100%)반영영역선택및 가산점국어수학영어탐구(필수)국어, 수학, 영어中 택2 사회,과학,직업 정시(나) 항공운항학과백분위3 상위 2과목을50%, 30% 순차 반영20한국사10점정시(다) 간호학과백분위3 상위 2과목을50%, 30% 순차 반영20 ※ 모든 모집단위 : 탐구영역 필수, 국어,영어,수학 중 상위 2과목 || 학수학능력시험 영역별 반영비율모집시기단과대학(모집단위) 수능성적활용지표반영영역수수능시험 영역별 반영비율(100%)반영영역선택및 가산점국어수학영어탐구(필수)국어, 수학, 영어中 택2 사회,과학,직업 정시(나) 항공운항학과백분위3 상위 2과목을50%, 30% 순차 반영20한국사10점정시(다) 간호학과백분위3 상위 2과목을50%, 30% 순차 반영20 ※ 모든 모집단위 : 탐구영역 필수, 국어,영어,수학 중 상위 2과목 백분위(50%, 30%) 순차 반영※ 한국사 가산점(10점) : 1,000점 만점(수능성적 600점 + 학생부 400점)에 가산점으로 등급별 차등 적용함 3. 대학수학능력시험 영어·한국사 등급별 점수등급123456789비고영어 반영점수1009590807060504030한국사 가산점101010987654 || 학,직업 정시(나) 항공운항학과백분위3 상위 2과목을50%, 30% 순차 반영20한국사10점정시(다) 간호학과백분위3 상위 2과목을50%, 30% 순차 반영20 ※ 모든 모집단위 : 탐구영역 필수, 국어,영어,수학 중 상위 2과목 백분위(50%, 30%) 순차 반영※ 한국사 가산점(10점) : 1,000점 만점(수능성적 600점 + 학생부 400점)에 가산점으로 등급별 차등 적용함 3. 대학수학능력시험 영어·한국사 등급별 점수등급123456789비고영어 반영점수1009590807060504030한국사 가산점101010987654 || % 순차 반영20 ※ 모든 모집단위 : 탐구영역 필수, 국어,영어,수학 중 상위 2과목 백분위(50%, 30%) 순차 반영※ 한국사 가산점(10점) : 1,000점 만점(수능성적 600점 + 학생부 400점)에 가산점으로 등급별 차등 적용함 3. 대학수학능력시험 영어·한국사 등급별 점수등급123456789비고영어 반영점수1009590807060504030한국사 가산점101010987654 || 백분위(50%, 30%) 순차 반영※ 한국사 가산점(10점) : 1,000점 만점(수능성적 600점 + 학생부 400점)에 가산점으로 등급별 차등 적용함 3. 대학수학능력시험 영어·한국사 등급별 점수등급123456789비고영어 반영점수1009590807060504030한국사 가산점101010987654 || 부 교과성적 반영방법 구 분 내 용 비 고학년별 반영비율• 1∙2∙3학년 전 학년 공통 100%학년∙학기 구분없이 상위 과목 반영요소별 반영비율• 모든전형 : 교과성적 100% 반영교과목 및 반영방법 공통과목/일반선택과목(환산점수) 국어, 영어, 수학, 사회, 과학, 한국사 중상위 10과목총 10과목• 지정선택 : 대학지정• 점수산출활용지표 : 석차등급• 해당 과목의 등급은 학년∙학기 구분없이 우수한 성적 반영 (석차등급이 표기된 과목만 반영)• 반영과목이 없는 경우 9등급 처리• 학교생활기록부가 없는 자 : 반영교과목 성적 백분위를 등급으로 환산하여 반영 - 2008년 2월 이전 졸업자, 검정고시 출신자, 외국의 고등학교 과정 이수자, 일반계 고교 직업과정 위탁생진로선택과목국어,영어,수학,사회,과학 중 상위 2과목총 2과목",C:\Users\User\Desktop\업무\작업\21. 정시모집 관련\00. 소스(모집요강)\충청호남\5. 호남권\2027_초당대_정시요강.pdf
169,추계예술대,등급 환산,"3,11,13,14","상자○○○○×농어촌학생○××××특성화고교졸업자△×○××특성화고 등을 졸업한 재직자△×○××수능일반학생/장애인등대상자○○○○○국가보훈대상자○○○○×농어촌학생○××××특성화고교졸업자△×○××학생부교과특성화고 등을 졸업한 재직자△×○×× 모집단위수능 반영영역 및 비율국어영어한국사국악과, 성악과, 피아노과, 관현악과50%50%응시필수(성적미반영)미술창작학부콘텐츠창작학부작곡과70%30%문예창작과60%40% 구분모집단위모집인원전형요소별 반영비율일반국가보훈농어촌특성화고교장애인대상자특성화고교 등졸업 재직자수능실기학생부합계가군성악과------10%90%-100%관현악과41----문예창작과16-1-2-40%60%-100%나군국악과7-----10%90%-100%피아노과19-1---콘텐츠창작학부38-325-100%0%-100%콘텐츠창작학부---- || 2027학년도 정시모집 CHUGYE UNIVERSITY FOR THE ARTS-9- 4. 전형요소별 반영방법 및 평가방법 가. 대학수학능력시험 1) 반영영역모집단위반영영역별 반영비율국어영역영어영역한국사성악과, 관현악과50%50%응시필수(성적 미반영)문예창작과60%40% ※ 국어영역 : 공통과목(독서, 문학) 및 선택과목(화법과 작문, 언어와 매체) 중 택 1 2) 반영방법 : 반영영역의 백분위를 영역별 점수환산 방법으로 반영 3) 수능 영어 등급별 환산점수영어등급1등급2등급3등급4등급5등급6등급7등급8등급9등급환산점수100989590858060300 나. 실기고사모집단위실기고사 내용배점비고 성악과 1. 독일 가곡 1곡(자유 선택하여 원어로 부른다.) 2 || 2027학년도 정시모집 CHUGYE UNIVERSITY FOR THE ARTS-11- 4. 전형요소별 반영방법 및 평가방법 가. 대학수학능력시험 1) 반영영역모집단위반영영역별 반영비율국어영역영어영역한국사국악과, 피아노과콘텐츠창작학부50%50%응시필수(성적 미반영) ※ 국어영역 : 공통과목(독서, 문학) 및 선택과목(화법과 작문, 언어와 매체) 중 택 1 2) 반영방법 : 반영영역의 백분위를 영역별 점수환산 방법으로 반영 3) 수능 영어 등급별 환산점수영어등급1등급2등급3등급4등급5등급6등급7등급8등급9등급환산점수100989590858060300 나. 실기고사모집단위실기고사 내용배점비고 국악과 기악 1. 정악 중 1곡 2. 산조(진양, 중모리, 중중모리,  || 최고 1,000점최저 0점 나. 선발방법 모집단위선발방법작곡과, 미술창작학부 각 모집단위별 전 지원자를 대상으로 실기고사 실시 후 전형요소의 총점 순으로 선발4. 전형요소별 반영방법 및 평가방법 가. 대학수학능력시험 1) 반영영역모집단위반영영역별 반영비율국어영역영어영역한국사작곡과70%30%응시필수(성적 미반영)미술창작학부50%50% ※ 국어영역 : 공통과목(독서, 문학) 및 선택과목(화법과 작문, 언어와 매체) 중 택 1 2) 반영방법 : 반영영역의 백분위를 영역별 점수환산 방법으로 반영",C:\Users\User\Desktop\업무\작업\21. 정시모집 관련\00. 소스(모집요강)\서울\2027_추계예대_정시요강.pdf
170,칼빈대,확인 필요,,,C:\Users\User\Desktop\업무\작업\21. 정시모집 관련\00. 소스(모집요강)\경기인천강원\2. 경기인천\2027_칼빈대_정시요강.pdf
171,한국체육대,등급 환산,"40,43","표준점수 및 등급(한국교육과정평가원에서 대학에 제공)을 반영하며, 모든 지원자는 수능성적 온라인 수신에 동의한 것으로 간주함 나. 대학수학능력시험 반영영역 국어, 수학, 영어 3과목 중 상위 성적 2과목만 반영, 탐구영역 1과목 필수 반영(과탐/사탐/직탐 중 선택), 한국사(필수) ▣ 대학수학능력시험 반영방법 ▶ 한국사 과목에 응시해야 지원 자격 부여 ▶ 비교내신대상자도 우리 대학교에서 반영하는 3개 영역(국어, 수학, 영어 3과목 중 상위 성적 2과목, 탐구 과목은 1과목 필수 반영)에 모두 응시하여야 지원이 가능하며, 1개 또는 2개 영역 응시자가 지원한 경우 불합격 처리됨 다. 수능활용영역 및 영역별 반영비율모집단위수능점수 활용지표국어수학영어탐구영역 중 선택(1과목 필수 반영)비고수능반영모집단위표준점수※ 단, 영어는 환 || 제공)을 반영하며, 모든 지원자는 수능성적 온라인 수신에 동의한 것으로 간주함 나. 대학수학능력시험 반영영역 국어, 수학, 영어 3과목 중 상위 성적 2과목만 반영, 탐구영역 1과목 필수 반영(과탐/사탐/직탐 중 선택), 한국사(필수) ▣ 대학수학능력시험 반영방법 ▶ 한국사 과목에 응시해야 지원 자격 부여 ▶ 비교내신대상자도 우리 대학교에서 반영하는 3개 영역(국어, 수학, 영어 3과목 중 상위 성적 2과목, 탐구 과목은 1과목 필수 반영)에 모두 응시하여야 지원이 가능하며, 1개 또는 2개 영역 응시자가 지원한 경우 불합격 처리됨 다. 수능활용영역 및 영역별 반영비율모집단위수능점수 활용지표국어수학영어탐구영역 중 선택(1과목 필수 반영)비고수능반영모집단위표준점수※ 단, 영어는 환산점수35%35%35%30%한국사응시 필수 ※  ||  모두 응시하여야 지원이 가능하며, 1개 또는 2개 영역 응시자가 지원한 경우 불합격 처리됨 다. 수능활용영역 및 영역별 반영비율모집단위수능점수 활용지표국어수학영어탐구영역 중 선택(1과목 필수 반영)비고수능반영모집단위표준점수※ 단, 영어는 환산점수35%35%35%30%한국사응시 필수 ※ 영어 절대평가에 따른 환산점수 기준표 등급123456789원점수100-9089-8079-7069-6059-5049-4039-3029-2019-0환산점수1009590858075706560 라. 수능성적 산출방식 표준점수의 최고점을 만점으로 하여 취득점수의 비율을 구한 후 가산점을 부여하여 선발함 구분 산출방식국어, 수학, 탐구영역[(반영영역별 취득 표준점수 ÷ 해당영역별 전국최고 표준점수)] × 영역별 가중치영어영역환산점수 × 영역별 가중치 ||  35%, 탐구 30%)이 적용된 전체등급임(국·수·영 3과목 중 상위 성적 2과목만 반영(탐구영역 1과목 필수 반영)) 나) 비교내신대상자도 우리 대학교에서 반영하는 3개 영역(국어, 수학, 영어 3과목 중 상위 성적 2과목, 탐구영역 과목은 1과목 필수 반영) 및 한국사에 모두 응시하여야 지원이 가능하며, 1개 또는 2개 영역 응시자가 지원한 경우 불합격 처리함",C:\Users\User\Desktop\업무\작업\21. 정시모집 관련\00. 소스(모집요강)\서울\2027_한국체육대_정시요강.pdf
172,한남대,등급 환산,"20,23,26","인정하지 않음 ※ 재학기간과 거주기간은 연속된 연수만을 인정함 ※ 졸업자의 거주 기준은 위 재학기간에 해당하는 각급학교(초등학교/중학교) 입학일로부터 고등학교 졸업일까지 나. 대학수학능력시험 성적 반영 방법 (1) 대학수학능력시험 활용지표 : 백분위(단, 영어 영역과 한국사는 등급에 따른 우리대학 환산점수를 적용함) (2) 대학수학능력시험 반영영역 및 환산점수 : 29 쪽 참조 다. 최종 합격자 선발 모집단위별 모집인원을 별도로 정하지 않고 전체 모집인원을 전형총점 순으로 선발해 모집단위별 최대선발가능 인원 내에서 합격자를 배정 단, 지원자격 미 달자, 서류 미제출자 및 미비자는 사정대상에서 제외 됨 가. 원서접수 2027. 01. 04. (월) 09 :00 ~ 01. 07. (목) 19 :00 (입학 홍보처 홈페이지 htt || 기초생활보장법 제2조 제1,2호에 따른 수급(권)자 - 국민기초생활보장법 제2조 제10호에 따른 차상위계 층자 - 한부모가족지원법 제5조 및 제5조의2에 따른 지원대상자 나. 대학수학능력시험 성적 반영 방법 (1) 대학수학능력시험 활용지표 : 백분위(단, 영어 영역과 한국사는 등급에 따른 우리대학 환산점수를 적용함) (2) 대학수학능력시험 반영영역 및 환산점수 : 29 쪽 참조 다. 최종 합격자 선발 모집단위별 모집인원을 별도로 정하지 않고 전체 모집인원을 전형총점 순으로 선발해 모집단위별 최대선발가능 인원 내에서 합격자를 배정 단, 지원자격 미 달자, 서류 미제출자 및 미비자는 사정대상에서 제외 됨 가. 원서접수 2027. 01. 04. (월) 09 :00 ~ 01. 07. (목) 19 :00 (입학 홍보처 홈페이지 htt ||  (입학 홍보처 홈페이지 http: //ibsi.hnu.kr ) 나. 서류제출 2027. 01. 14. (목) 17 :00 까지 입학관리실에 도 착해야 함 04 전형일정 나. 대학수학능력시험 성적 반영 방법 (1) 대학수학능력시험 활용지표 : 백분위(단, 영어 영역과 한국사는 등급에 따른 우리대학 환산점수를 적용함) (2) 대학수학능력시험 반영영역 및 환산점수 : 29 쪽 참조 다. 최종 합격자 선발 모집단위별 모집인원을 별도로 정하지 않고 전체 모집인원을 전형총점 순으로 선발해 모집단위별 최대선발가능 인원 내에서 합격자를 배정 단, 지원자격 미 달자, 서류 미제출자 및 미비자는 사정대상에서 제외 됨 선발방법 선발비율(%) 전형요소 반영비율(%) 최고점 최저점 실질반영 비율(%) 수능최저 학력기준 미적용 가. 전형요소별 성적",C:\Users\User\Desktop\업무\작업\21. 정시모집 관련\00. 소스(모집요강)\충청호남\4. 충청권\2027_한남대_정시요강.pdf
173,한동대,가점,"13,14,15,16","홈페이지를 통해 발표합니다. 22.. 지지원원자자격격 국내 정규고등학교 졸업(예정)자 또는 관련 법령에 의하여 이와 동등의 학력이 있다고 인정 되는 사람 ※ 단, 2027학년도 대학수학능력시험 중 국어, 수학, 영어, 탐구(사회탐구 또는 과학탐구 중 한 과목 이상), 한국사에 모두 응시해야 함 ※ 수능최저학력기준 없음 33.. 전전형형방방법법 사사정정단단계계 선선발발비비율율 대대학학수수학학능능력력시시험험((최최저저점점~~최최고고점점)) 총총 점점 일괄합산 100% 100%(0~1,000점*) 1,000점(100%) ＊가산점을 받을 경우 1,010점까지 가능함 44.. 선선발발원원칙칙 가. 대학수학능력시험 반영 방법 국국어어 수수학학 영영어어 사사회회//과과학학탐탐구구 ((한한 과과목목)) 한한국국사사 35% 35% 20% 1 || 시험 반영 방법 국국어어 수수학학 영영어어 사사회회//과과학학탐탐구구 ((한한 과과목목)) 한한국국사사 35% 35% 20% 10% 등급별 가산점 ※ 탐구영역은 사탐과 과탐 중 우수한 1개 과목을 자동 반영함 나. 국어영역, 수학영역, 영어영역, 탐구영역의 변환점수와 한국사 가산점을 합산하여 성적순으로 100%를 선발합니다. ① 국어, 수학, 탐구영역은 백분위를 반영합니다. ② 영어영역은 아래 등급별 점수를 반영합니다. 11등등급급 22등등급급 33등등급급 44등등급급 55등등급급 66등등급급 77등등급급 88등등급급 99등등급급 100 95 90 80 70 60 50 40 30 ③ 한국사는 아래 등급별 점수를 반영합니다. 11등등급급 22등등급급 33등등급급 44등등급급 55등등급급 66등등급급 77등등급급 88등등급급 9 || 다. ① 국어, 수학, 탐구영역은 백분위를 반영합니다. ② 영어영역은 아래 등급별 점수를 반영합니다. 11등등급급 22등등급급 33등등급급 44등등급급 55등등급급 66등등급급 77등등급급 88등등급급 99등등급급 100 95 90 80 70 60 50 40 30 ③ 한국사는 아래 등급별 점수를 반영합니다. 11등등급급 22등등급급 33등등급급 44등등급급 55등등급급 66등등급급 77등등급급 88등등급급 99등등급급 10 9.8 9.6 9.4 9.2 9 ※ 성적 산출방법은 20페이지 참조 ※ 동점자 처리기준은 21페이지 참조 55.. 전전형형일일정정 원원서서접접수수 2027.1.4(월) ∼ 1.7(목) 18:00 서서류류제제출출 2027.1.4(월) ∼ 1.8(금) 18:00 최최초초합합격격자자 발발표표 2027.1.22( || 원은 원서접수 기간 전에 입학홈페이지를 통해 발표합니다. 22.. 지지원원자자격격 국내 정규고등학교 졸업(예정)자로서 아래 항목 중 하나에 해당하는 사람 ※ 단, 2027학년도 대학수학능력시험 중 국어, 수학, 영어, 탐구(사회탐구 또는 과학탐구 중 한 과목 이상), 한국사에 모두 응시해야 함 11)) 중중··고고등등학학교교 66년년 거거주주자자((지지원원자자··부부모모)) 중학교 입학일부터 고등학교 졸업일(졸업예정자 포함)까지 본인 및 부·모 모두가 농어촌 읍·면 지역 또는 도서·벽지 지역에 거주한 자로서 농어촌 읍·면 지역 또는 도서·벽지 지역에 소재한 중·고등학교의 전 교육과정을 이수한 사람 22)) 초초··중중··고고등등학학교교 1122년년 거거주주자자((지지원원자자)) 초등학교 입학일부터 고등학교 졸업일(졸업예정자  || 시험 반영 방법 국국어어 수수학학 영영어어 사사회회//과과학학탐탐구구 ((한한 과과목목)) 한한국국사사 35% 35% 20% 10% 등급별 가산점 ※ 탐구영역은 사탐과 과탐 중 우수한 1개 과목을 자동 반영함 나. 국어영역, 수학영역, 영어영역, 탐구영역의 변환점수와 한국사 가산점을 합산하여 성적순으로 100%를 선발합니다. ① 국어, 수학, 탐구영역은 백분위를 반영합니다. ② 영어영역은 아래 등급별 점수를 반영합니다. 11등등급급 22등등급급 33등등급급 44등등급급 55등등급급 66등등급급 77등등급급 88등등급급 99등등급급 100 95 90 80 70 60 50 40 30 ③ 한국사는 아래 등급별 점수를 반영합니다. 11등등급급 22등등급급 33등등급급 44등등급급 55등등급급 66등등급급 77등등급급 88등등급급 9 || 다. ① 국어, 수학, 탐구영역은 백분위를 반영합니다. ② 영어영역은 아래 등급별 점수를 반영합니다. 11등등급급 22등등급급 33등등급급 44등등급급 55등등급급 66등등급급 77등등급급 88등등급급 99등등급급 100 95 90 80 70 60 50 40 30 ③ 한국사는 아래 등급별 점수를 반영합니다. 11등등급급 22등등급급 33등등급급 44등등급급 55등등급급 66등등급급 77등등급급 88등등급급 99등등급급 10 9.8 9.6 9.4 9.2 9 ※ 성적 산출방법은 20페이지 참조 ※ 동점자 처리기준은 21페이지 참조 55.. 전전형형일일정정 원원서서접접수수 2027.1.4(월) ∼ 1.7(목) 18:00 서서류류제제출출 2027.1.4(월) ∼ 1.8(금) 18:00 최최초초합합격격자자 발발표표 2027.1.22( || 고등학교 졸업(예정)자 또는 관련 법령에 의하여 이와 동등의 학력이 있다고 인정 되는 자로서, 원서접수 마감일 기준으로 아래 항목 중 하나에 해당하는 자 ※ 단, 2027학년도 대학수학능력시험 중 국어, 수학, 영어, 탐구(사회탐구 또는 과학탐구 중 한 과목 이상), 한국사에 모두 응시해야 함 1) 「국민기초생활보장법」 제2조 제1호(수급권자), 제2호(수급자) 2) 「국민기초생활보장법」 제2조 제10호(차상위계층)에 의한 대상자 3) 「한부모가족지원법」 제5조 및 제5조의2에 따른 지원대상자 ※ 수능최저학력기준 없음 33.. 전전형형방방법법 사사정정단단계계 선선발발비비율율 대대학학수수학학능능력력시시험험((최최저저점점~~최최고고점점)) 총총 점점 일괄합산 100% 100%(0~1,000점*) 1,000점(100%) ＊가산점을 || 시험 반영 방법 국국어어 수수학학 영영어어 사사회회//과과학학탐탐구구 ((한한 과과목목)) 한한국국사사 35% 35% 20% 10% 등급별 가산점 ※ 탐구영역은 사탐과 과탐 중 우수한 1개 과목을 자동 반영함 나. 국어영역, 수학영역, 영어영역, 탐구영역의 변환점수와 한국사 가산점을 합산하여 성적순으로 100%를 선발합니다. ① 국어, 수학, 탐구영역은 백분위를 반영합니다. ② 영어영역은 아래 등급별 점수를 반영합니다. 11등등급급 22등등급급 33등등급급 44등등급급 55등등급급 66등등급급 77등등급급 88등등급급 99등등급급 100 95 90 80 70 60 50 40 30 ③ 한국사는 아래 등급별 점수를 반영합니다. 11등등급급 22등등급급 33등등급급 44등등급급 55등등급급 66등등급급 77등등급급 88등등급급 9",C:\Users\User\Desktop\업무\작업\21. 정시모집 관련\00. 소스(모집요강)\영남제주\6. 영남권\2027_한동대_정시요강.pdf
174,한라대,가점,"3,21,22","적산출방법참고수능국어, 영어, 수학, 탐구(사탐,과탐,직탐) 영역 중 백분위점수 우수 2영역.(단, 탐구의 경우 상위 1과목만 반영) p.19학생부교과국어, 영어, 수학, 과학, 사회(역사/도덕 포함) 교과 중 우수 10과목.진로선택과목 반영함. (최대 5개 과목)* 한국사는 사회교과로 반영함. p.20 || 2027학년도 정시 모집요강 실력있는 ‘채용형 기업대학’ HL그룹 한라대학교19 VII.대학수학능력시험 성적 반영방법1.반영영역 및 반영비율 가. 산출식 : 화학(93점) + 수학(88점) + 한국사(가산점 5점) = 186점 - 제2외국어영역 반영 안함 - 백분위 점수 우수1, 우수2 과목이 둘 다 탐구라 하더라도 우수 한 과목만 반영 - 영어영역의 경우 등급을 백분위점수로 환산 (3등급 -> 80점) - 한국사영역 가산점 반영 (2등급 -> 가산점 5점)6. 동점자 처리기준 반영영역국어수학영어탐구(사탐,과탐,직탐)합계반영비율50%50%50%50%※ 상위 1과목만 반영100%(백분위 200점 만점)반영영역 수 우수 2영역 ※ 제2외국어는 반영하지 않 || . 산출식 : 화학(93점) + 수학(88점) + 한국사(가산점 5점) = 186점 - 제2외국어영역 반영 안함 - 백분위 점수 우수1, 우수2 과목이 둘 다 탐구라 하더라도 우수 한 과목만 반영 - 영어영역의 경우 등급을 백분위점수로 환산 (3등급 -> 80점) - 한국사영역 가산점 반영 (2등급 -> 가산점 5점)6. 동점자 처리기준 반영영역국어수학영어탐구(사탐,과탐,직탐)합계반영비율50%50%50%50%※ 상위 1과목만 반영100%(백분위 200점 만점)반영영역 수 우수 2영역 ※ 제2외국어는 반영하지 않음2. 영어영역 등급별 변환 백분위 기준표등급123456789변환점수9590807060504030203. 한국사영역 등급별 가산점 기준표등급123456789가산점5 43214. 수능성적 산출방법산출공식 : 우수 1영역  || 학영어탐구(사탐,과탐,직탐)합계반영비율50%50%50%50%※ 상위 1과목만 반영100%(백분위 200점 만점)반영영역 수 우수 2영역 ※ 제2외국어는 반영하지 않음2. 영어영역 등급별 변환 백분위 기준표등급123456789변환점수9590807060504030203. 한국사영역 등급별 가산점 기준표등급123456789가산점5 43214. 수능성적 산출방법산출공식 : 우수 1영역 + 우수 2영역 + 가산점(한국사)5. 수능성적 반영예시 과목명구분 한국사국어수학영어탐구제2외국어기하물리화학일본어Ⅰ표준점수105118606470백분위5점(가산점)838880(변환점수)909397등급2223422 구분 수능제1순위 수능 총점이 높은 자제2순위우수 영역1 백분위 점수가 높은 자제3순위우수 영역2 백분위 점수가 높은 자 || 제2외국어는 반영하지 않음2. 영어영역 등급별 변환 백분위 기준표등급123456789변환점수9590807060504030203. 한국사영역 등급별 가산점 기준표등급123456789가산점5 43214. 수능성적 산출방법산출공식 : 우수 1영역 + 우수 2영역 + 가산점(한국사)5. 수능성적 반영예시 과목명구분 한국사국어수학영어탐구제2외국어기하물리화학일본어Ⅰ표준점수105118606470백분위5점(가산점)838880(변환점수)909397등급2223422 구분 수능제1순위 수능 총점이 높은 자제2순위우수 영역1 백분위 점수가 높은 자제3순위우수 영역2 백분위 점수가 높은 자 || 급별 변환 백분위 기준표등급123456789변환점수9590807060504030203. 한국사영역 등급별 가산점 기준표등급123456789가산점5 43214. 수능성적 산출방법산출공식 : 우수 1영역 + 우수 2영역 + 가산점(한국사)5. 수능성적 반영예시 과목명구분 한국사국어수학영어탐구제2외국어기하물리화학일본어Ⅰ표준점수105118606470백분위5점(가산점)838880(변환점수)909397등급2223422 구분 수능제1순위 수능 총점이 높은 자제2순위우수 영역1 백분위 점수가 높은 자제3순위우수 영역2 백분위 점수가 높은 자 || 부 반영방법1.학교생활기록부 반영방법 가. 전형요소별 반영비율 나. 교과성적 반영방법위주구분학년(학기)반영방법반영교과학생부교과1학년(1, 2학기)석차등급국어, 영어, 수학, 사회(역사/도덕 포함), 과학교과 중 우수 10과목[진로선택과목은 최대 5과목까지 반영 가능]*한국사는 사회교과로 반영함2학년(1, 2학기)3학년(1, 2학기) * 석차등급이 같은 과목이 있는 경우 이수단위가 큰 과목을 우선 반영함 * 진로선택과목의 경우 성취도를 석차등급으로 변환하여 계산 [A : 1등급 / B : 3등급 / C : 5등급] 다. 출결성적 반영방법 2. 학교폭력기재사실 감점 적용 [총점에서 감점] 위주구분0 - 1일2 - 3일4 - 5일6 - 7일8일 이상학생부교과4038363432 * 출결상황의 미인정결석만을 결석으로 하며, 미인정으로",C:\Users\User\Desktop\업무\작업\21. 정시모집 관련\00. 소스(모집요강)\경기인천강원\3. 강원\2027_한라대_정시요강.pdf
175,한서대,등급 환산,9,"- 9 - 6. 대학수학능력시험 영역별 반영 방법1. 대학수학능력시험 영역별 반영비율모집학과대학수학능력시험 영역별 반영비율(100%)점수활용지표국어수학영어탐구한국사수능유형별가산 비율사탐과탐직탐전 학과국어, 수학, 영어 중 택 2영역 각 35%30%필수응시수학영역 미적분/기하취득점수에10% 가산백분위백분위 성적이 높은 1개 과목 반영항공운항학과20%30%30%20%백분위 성적이 높은 1개 과목 반영실기고사실시학과50% 50%국어, 수학, 영어 중 백분위 성적이 높은 영역 1개 반영백분위 성적이 높은 1개 과목 반영 ※ 대학수학능력시험 일부 영역별 미응시자는 부족한 영역에 “0”점 적용, 전 영역 미응시자는 지원불가 ※",C:\Users\User\Desktop\업무\작업\21. 정시모집 관련\00. 소스(모집요강)\충청호남\4. 충청권\2027_한서대_정시요강.pdf
176,한세대,가점,20,"반영방법┃ 대학수학능력시험 반영방법 ┃ 모집단위(2과목 중 상위 1개 과목)영어(필수) 탐구(상위 1개 과목)국어수학사회과학직업모든 모집단위40%30%30%※ 2027학년도 대학수학능력시험에 응시하지 않은 자는 지원할 수 없습니다. ※ 정시모집에서 대학수학능력시험의 “한국사” 가산점을 반영하며 미응시할 경우 불합격 처리합니다.※ 영어는 필수과목으로 반영(30%)하며, 국어 또는 수학 중 우수한 과목을 선택 반영(40%)하고, 탐구는 상위 1개 과목을 반영(30%)합니다.※ 수학 : 미적분 또는 기하 5%, 한국사 가산점 부여※ 한세대학교에 입학원서를 접수하면 대학수학능력시험 성적자료 온라인 활용에 동의하는 것으로 인정합니다.┃ 영어 절대평가 등급표 ┃ 등급1등급2등급3등급4등급5등급6등급7등급8등급9등급환산점수100점95점8 || 에서 대학수학능력시험의 “한국사” 가산점을 반영하며 미응시할 경우 불합격 처리합니다.※ 영어는 필수과목으로 반영(30%)하며, 국어 또는 수학 중 우수한 과목을 선택 반영(40%)하고, 탐구는 상위 1개 과목을 반영(30%)합니다.※ 수학 : 미적분 또는 기하 5%, 한국사 가산점 부여※ 한세대학교에 입학원서를 접수하면 대학수학능력시험 성적자료 온라인 활용에 동의하는 것으로 인정합니다.┃ 영어 절대평가 등급표 ┃ 등급1등급2등급3등급4등급5등급6등급7등급8등급9등급환산점수100점95점88점79점68점55점40점25점10점 ┃ 한국사 가산점 반영 등급표 ┃ 등급1등급2등급3등급4등급5등급6등급7등급8등급9등급환산점수10점10점10점10점10점9점8점7점6점 ※ 총점 1,000점 만점 기준 반영 점수(예: 1등급 환산 시 백분위 || %, 한국사 가산점 부여※ 한세대학교에 입학원서를 접수하면 대학수학능력시험 성적자료 온라인 활용에 동의하는 것으로 인정합니다.┃ 영어 절대평가 등급표 ┃ 등급1등급2등급3등급4등급5등급6등급7등급8등급9등급환산점수100점95점88점79점68점55점40점25점10점 ┃ 한국사 가산점 반영 등급표 ┃ 등급1등급2등급3등급4등급5등급6등급7등급8등급9등급환산점수10점10점10점10점10점9점8점7점6점 ※ 총점 1,000점 만점 기준 반영 점수(예: 1등급 환산 시 백분위 점수 1.0점 반영)┃ 대학입학 전형자료 온라인 제공에 관한 사항 ┃ • 제공개요 - 대학입학 전형자료 온라인 제공에 동의한 자의 대학입학 전형자료를 본교에서 온라인으로 송부받아 대학 입학 전형에 활용하며, 입학 관련 업무 이외 다른 목적에 이용하거나 공개하지 ",C:\Users\User\Desktop\업무\작업\21. 정시모집 관련\00. 소스(모집요강)\경기인천강원\2. 경기인천\2027_한세대_정시요강.pdf
177,호남대,가점,"3,10,11","반학생A: 수능 70%+학생부 30%나군 일반학생B: 학생부 100%(성인학습자전형 학생부 100%)나군 일반학생A: 수능 70%+학생부 30%나군 일반학생B: 학생부 100%수능성적 반영방법총5과목 백분위 점수 반영국어, 영어, 수학 : 과목별 25% 반영탐구,한국사 : 과목별 12.5% 반영총5과목 백분위 점수 반영국어,영어,수학 : 과목별 25% 반영탐구,한국사 : 과목별 12.5% 반영선발방법계열모집단위 통합모집(단, 보건·사범계학과는 학과별 모집)대학모집단위 통합모집(단, 보건의료대학, 사회혁신대학 내 교육학부는 학과별 모집) || 군 일반학생A: 수능 70%+학생부 30%나군 일반학생B: 학생부 100%수능성적 반영방법총5과목 백분위 점수 반영국어, 영어, 수학 : 과목별 25% 반영탐구,한국사 : 과목별 12.5% 반영총5과목 백분위 점수 반영국어,영어,수학 : 과목별 25% 반영탐구,한국사 : 과목별 12.5% 반영선발방법계열모집단위 통합모집(단, 보건·사범계학과는 학과별 모집)대학모집단위 통합모집(단, 보건의료대학, 사회혁신대학 내 교육학부는 학과별 모집) || 10 Ⅵ.수능성적 반영방법① 수능 5개 영역(국어,영어,수학,탐구,한국사)의 등급 및 백분위를 활용함(영어/한국사는 수능등급을 백분위 점수로 환산하여 반영함.하단의 백분위 환산점수표 참조)②탐구영역은 우수 1과목만 선택③수능 선택과목과 관계없이 교차지원가능(가산점 없음)④전체 전형에 [수능최저학력기준]없음 1.수능성적 영역별 반영비율전형유형반영영역수수능성적활용지표수능성적 반영방법 (반영비율)국어수학영어탐구(1과목)한국사반영%반영%반영%반영과목(택1)반영%반영%정시_나군일반학생 A전형5백분위25%25%25%사회/과학/직업12.5 || 10 Ⅵ.수능성적 반영방법① 수능 5개 영역(국어,영어,수학,탐구,한국사)의 등급 및 백분위를 활용함(영어/한국사는 수능등급을 백분위 점수로 환산하여 반영함.하단의 백분위 환산점수표 참조)②탐구영역은 우수 1과목만 선택③수능 선택과목과 관계없이 교차지원가능(가산점 없음)④전체 전형에 [수능최저학력기준]없음 1.수능성적 영역별 반영비율전형유형반영영역수수능성적활용지표수능성적 반영방법 (반영비율)국어수학영어탐구(1과목)한국사반영%반영%반영%반영과목(택1)반영%반영%정시_나군일반학생 A전형5백분위25%25%25%사회/과학/직업12.5%12.5%점수(100점 만점)252525 ||  반영함.하단의 백분위 환산점수표 참조)②탐구영역은 우수 1과목만 선택③수능 선택과목과 관계없이 교차지원가능(가산점 없음)④전체 전형에 [수능최저학력기준]없음 1.수능성적 영역별 반영비율전형유형반영영역수수능성적활용지표수능성적 반영방법 (반영비율)국어수학영어탐구(1과목)한국사반영%반영%반영%반영과목(택1)반영%반영%정시_나군일반학생 A전형5백분위25%25%25%사회/과학/직업12.5%12.5%점수(100점 만점)25252512.512.5※국어,수학,탐구의 경우 수능성적표상의 백분위 점수 반영 영어,한국사의 경우 수능성적표상의 등급을 아래의 환산점수표에 의한 백분위 환산점수 반영[전형 총점은 수능 70점(70%)과 학생부 30점(30%)을 반영한 100점 만점으로 계산한다][영어/한국사]수능 등급에 따른 백분위 환산점수표구 분1 ||  (반영비율)국어수학영어탐구(1과목)한국사반영%반영%반영%반영과목(택1)반영%반영%정시_나군일반학생 A전형5백분위25%25%25%사회/과학/직업12.5%12.5%점수(100점 만점)25252512.512.5※국어,수학,탐구의 경우 수능성적표상의 백분위 점수 반영 영어,한국사의 경우 수능성적표상의 등급을 아래의 환산점수표에 의한 백분위 환산점수 반영[전형 총점은 수능 70점(70%)과 학생부 30점(30%)을 반영한 100점 만점으로 계산한다][영어/한국사]수능 등급에 따른 백분위 환산점수표구 분1등급2등급3등급4등급5등급6등급7등급8등급9등급영어,한국사1009080706050403020Ⅶ.학생부성적 반영방법 1.학교생활기록부 교과성적 반영방법구 분 반영 교과비 고학년별 반영비율100%(1,2,3학년)수시:3-1학기까지 성적반 || 252512.512.5※국어,수학,탐구의 경우 수능성적표상의 백분위 점수 반영 영어,한국사의 경우 수능성적표상의 등급을 아래의 환산점수표에 의한 백분위 환산점수 반영[전형 총점은 수능 70점(70%)과 학생부 30점(30%)을 반영한 100점 만점으로 계산한다][영어/한국사]수능 등급에 따른 백분위 환산점수표구 분1등급2등급3등급4등급5등급6등급7등급8등급9등급영어,한국사1009080706050403020Ⅶ.학생부성적 반영방법 1.학교생활기록부 교과성적 반영방법구 분 반영 교과비 고학년별 반영비율100%(1,2,3학년)수시:3-1학기까지 성적반영정시:3-2학기까지 성적반영교과성적반영방법2008.2월 이후 졸업자 ~2026.2월 졸업예정자공통과목과 일반선택 이수과목 중 국어,영어,수학,사회,과학 이수 전 과목*진로선택 과목 가 || 국 영사관의 ‘영사확인’을 받은 후 한국어로 번역 공증하여 제출하여야 함학생부 교과성적 산출방법① 전학년 평균석차등급 산출방법 (과목별 석차등급이 있는 경우만 반영)전과목 석차등급의 합= 평균등급 과목수- 3학년까지의 공통과목과 일반선택 이수과목 중 국,영,수,사,과,한국사 전과목 반영- 전학의 평균석차등급은 소수점 셋째자리에서 반올림② 진로선택과목 상위 3과목 성취도 가산점상위 3과목 성취도에 따른 점수 합 3- 진로선택과목 가산점은 소수점 셋째자리에서 반올림- 반영 과목수가 부족할 경우 해당 과목은 0점으로 반영함③ 교과성적 반영과목의 이수단위 합이 70이상일 경우 3점 가산점(전형 총점 이내)④ 『학생부 교과성적 산출등급 및 산출등급에 따른 교과성적』 표 참조하여 점수부여",C:\Users\User\Desktop\업무\작업\21. 정시모집 관련\00. 소스(모집요강)\충청호남\5. 호남권\2027_호남대_정시요강.pdf
178,호서대,가점,"4,21,22","쿨(계열모집)공연예술학부(연극트랙) AIT대학 자유전공학부연기학과전형방법변경학생부종합(조기취업형계약학과전형)- 1단계 : 서류평가 100%- 2단계 : 서류평가 10% + 면접 90%학생부교과(조기취업형계약학과전형)- 학생부 교과성적 60% + 면접 40%수능가산점변경한국사 등급에 따라서 수능반영점수 총점에 가산점 부여 한국사 가산점 [삭제]미적분, 기하 선택시 가산점 5%미적분, 기하 선택시 가산점 5% (자연과학계열, 공학계열 지원 시)디자인계열실기고사변경기초디자인, 발상과표현, 사고의전환 중 택1기초디자인, 발상과표현 중 택1 || 학부연기학과전형방법변경학생부종합(조기취업형계약학과전형)- 1단계 : 서류평가 100%- 2단계 : 서류평가 10% + 면접 90%학생부교과(조기취업형계약학과전형)- 학생부 교과성적 60% + 면접 40%수능가산점변경한국사 등급에 따라서 수능반영점수 총점에 가산점 부여 한국사 가산점 [삭제]미적분, 기하 선택시 가산점 5%미적분, 기하 선택시 가산점 5% (자연과학계열, 공학계열 지원 시)디자인계열실기고사변경기초디자인, 발상과표현, 사고의전환 중 택1기초디자인, 발상과표현 중 택1 || %면접전형, 성인학습자전형, 재직자전형, 만학도전형, 조기취업형계약학과 나. 성적 반영 방법 구분 반영 방법 활용지표전 모집 단위등급 산출 과목 중 석차 등급 상위 12과목 + 진로 과목 상위 3과목등급(1~9등급) * 반영과목 : 국어, 영어, 수학, 사회, 과학, 한국사 교과 * 진로 선택 과목 성취도별 환산 방법(A, B, C 환산 등급 기준) A = 1 + (학생이 취득한 성취도 비율/100), B = 3 + (학생이 취득한 성취도 비율/100), C = 5 + (학생이 취득한 성취도 비율/100) * 등급이 산출되지 않는 과목은 반영하지 않음 * 진로 선택 과목 성적이 없을 시, 국/영/수/사/과/한국사 교과 과목으로 자동 반영됨 다. 교과성적 반영표 구간평균 석차 등급학생부 반영비율별 교과성적 반영점수(60%반영) || 기준) A = 1 + (학생이 취득한 성취도 비율/100), B = 3 + (학생이 취득한 성취도 비율/100), C = 5 + (학생이 취득한 성취도 비율/100) * 등급이 산출되지 않는 과목은 반영하지 않음 * 진로 선택 과목 성적이 없을 시, 국/영/수/사/과/한국사 교과 과목으로 자동 반영됨 다. 교과성적 반영표 구간평균 석차 등급학생부 반영비율별 교과성적 반영점수(60%반영)1구간1.00 ~ 1.996002구간2.00 ~ 2.495503구간2.50 ~ 3.495004구간3.50 ~ 4.494505구간4.50 ~ 5.494006구간5.50 ~ 6.493507구간6.50 ~ 7.493008구간7.50 ~ 8.492009구간8.50 ~ 8.9910010구간 9.00 0 || -20- 1) 일반 등급 제공자 산출 공식 예시 - (1단계) 전 학년 국/영/수/사/과/한국사 중 상위 12개 과목 석차 등급 산출 상위 12개 과목교과과목석차 등급1 국어국어22 국어국어33 영어영어34 한국사한국사45 과학통합과학46 영어영어47 한국사한국사48 사회(역사/도덕포함) 통합사회49 국어언어와 매체410 영어영어Ⅰ 411 과학화학Ⅰ 412 수학수학5석차 등급 합계 45 ※ 학년별 반영비율 : 전 학년 100%(학년/학기별 가중치 없음) ※ 1학기 이수 과목을 1개 과목으로 인정 - (2단계) 전 학년 진로 선택 과목 국/영/수/사/ || -20- 1) 일반 등급 제공자 산출 공식 예시 - (1단계) 전 학년 국/영/수/사/과/한국사 중 상위 12개 과목 석차 등급 산출 상위 12개 과목교과과목석차 등급1 국어국어22 국어국어33 영어영어34 한국사한국사45 과학통합과학46 영어영어47 한국사한국사48 사회(역사/도덕포함) 통합사회49 국어언어와 매체410 영어영어Ⅰ 411 과학화학Ⅰ 412 수학수학5석차 등급 합계 45 ※ 학년별 반영비율 : 전 학년 100%(학년/학기별 가중치 없음) ※ 1학기 이수 과목을 1개 과목으로 인정 - (2단계) 전 학년 진로 선택 과목 국/영/수/사/과/한국사 중 상위 3개 과목 석차 등급 산출상위 3개 과목교과과목성취도성취도 비율환산 등급1 과학화학실험A 92.11 || -20- 1) 일반 등급 제공자 산출 공식 예시 - (1단계) 전 학년 국/영/수/사/과/한국사 중 상위 12개 과목 석차 등급 산출 상위 12개 과목교과과목석차 등급1 국어국어22 국어국어33 영어영어34 한국사한국사45 과학통합과학46 영어영어47 한국사한국사48 사회(역사/도덕포함) 통합사회49 국어언어와 매체410 영어영어Ⅰ 411 과학화학Ⅰ 412 수학수학5석차 등급 합계 45 ※ 학년별 반영비율 : 전 학년 100%(학년/학기별 가중치 없음) ※ 1학기 이수 과목을 1개 과목으로 인정 - (2단계) 전 학년 진로 선택 과목 국/영/수/사/과/한국사 중 상위 3개 과목 석차 등급 산출상위 3개 과목교과과목성취도성취도 비율환산 등급1 과학화학실험A 92.11.92 || -20- 1) 일반 등급 제공자 산출 공식 예시 - (1단계) 전 학년 국/영/수/사/과/한국사 중 상위 12개 과목 석차 등급 산출 상위 12개 과목교과과목석차 등급1 국어국어22 국어국어33 영어영어34 한국사한국사45 과학통합과학46 영어영어47 한국사한국사48 사회(역사/도덕포함) 통합사회49 국어언어와 매체410 영어영어Ⅰ 411 과학화학Ⅰ 412 수학수학5석차 등급 합계 45 ※ 학년별 반영비율 : 전 학년 100%(학년/학기별 가중치 없음) ※ 1학기 이수 과목을 1개 과목으로 인정 - (2단계) 전 학년 진로 선택 과목 국/영/수/사/과/한국사 중 상위 3개 과목 석차 등급 산출상위 3개 과목교과과목성취도성취도 비율환산 등급1 과학화학실험A 92.11.922 수학심화수학ⅠB 55.83.563 영",C:\Users\User\Desktop\업무\작업\21. 정시모집 관련\00. 소스(모집요강)\충청호남\4. 충청권\2027_호서대_정시요강.pdf
179,가톨릭관동대,확인 필요,,,
180,가야대,확인 필요,,,
181,극동대,확인 필요,,,C:\Users\User\Desktop\업무\작업\21. 정시모집 관련\00. 소스(모집요강)\충청호남\4. 충청권\2027_극동대_정시요강.pdf
182,목포가톨릭대,확인 필요,,,C:\Users\User\Desktop\업무\작업\21. 정시모집 관련\00. 소스(모집요강)\충청호남\5. 호남권\2027_목포가톨릭대_정시요강.pdf
183,서울기독대,확인 필요,,,C:\Users\User\Desktop\업무\작업\21. 정시모집 관련\00. 소스(모집요강)\서울\2027_서울기독대_정시요강.pdf
184,서울장신대,확인 필요,,,C:\Users\User\Desktop\업무\작업\21. 정시모집 관련\00. 소스(모집요강)\경기인천강원\2. 경기인천\2027_서울장신대_모집요강.pdf
185,장로회신학대,확인 필요,,,C:\Users\User\Desktop\업무\작업\21. 정시모집 관련\00. 소스(모집요강)\서울\2027_장로회신대_정시요강.pdf
186,중원대,확인 필요,,,
